feature,gini_importance
b_0,0.009353645481041244
op_application,0.00771308243121672
b_unk,0.007660657568904562
op_data,0.007632642495348166
op_os,0.006372397199292339
b_215,0.0059888283672475656
b_207,0.005692104850805077
op_nshowcmd,0.005653676638227913
op_farproc,0.005403977853344471
op_hprevinstance,0.005402601899450588
b_30,0.005279066511539245
b_159,0.0051829621133066
b_179,0.005176032766197301
op_lpcmdline,0.005090404835337021
b_169,0.005008615187943327
op_code,0.004998166228146881
op_public,0.004986142575256262
b_235,0.0048782174914493255
b_123,0.004711863450643253
b_143,0.004644520609334386
op_volatile,0.0044644078809161864
b_205,0.004279738873224948
op_align,0.004203650970197175
op_retn,0.004187411561448998
op_import,0.004133639010791015
b_217,0.004098864171646411
b_3,0.004098775270770176
b_193,0.0040974042753322325
b_197,0.004073273392920359
b_195,0.004072403399557929
b_139,0.004028902387187999
b_167,0.004018398964491167
b_60,0.004013132727181257
b_154,0.003977157141186953
op_endp,0.003974856541121482
b_145,0.003972013396785721
op_segment,0.00393644466683555
b_252,0.003912475740057071
b_230,0.0038364079248892984
op_imports,0.0038228793587701416
b_162,0.0037488826827142196
op_ends,0.0037258780607729203
b_31,0.0037238645251747938
b_51,0.0036960119416988924
b_232,0.003695886354333209
b_69,0.003691951864931059
b_242,0.0036824416263833357
b_8,0.0036764911601314823
b_47,0.0036758353886142004
b_55,0.0036694697060937658
b_29,0.0036669993240575037
b_203,0.0036595305335886384
b_182,0.00365429257762568
b_226,0.0036517503005552075
b_59,0.0036501904210369676
b_23,0.003598324078545737
op_ff,0.003580669662330423
b_5,0.0035761616085782186
b_6,0.003550009175182251
op_assume,0.003539020295891118
b_151,0.003491175152115667
b_106,0.003484468182612521
b_15,0.00347404028350059
b_221,0.003462703707755162
b_190,0.003460461012021691
b_211,0.0034591119141419613
op_void,0.0034339344495228925
op_ad,0.0034327009676545675
b_42,0.0034156919391531413
b_199,0.0034145037569038414
b_177,0.003413297489809602
b_155,0.003410770952971957
b_233,0.00340561265503328
op_ae,0.003372630923206097
b_142,0.0033651057294339353
b_185,0.003359674583783961
op_size,0.003355542131441641
op_int,0.003347893670432125
b_210,0.003343349477079497
b_46,0.0033349906847000704
b_255,0.0033223120575042683
b_38,0.003321543997862053
op_char,0.0033092384125820344
b_11,0.003301745313497896
b_241,0.003290683191102676
op_proc,0.003279431801811129
b_200,0.0032773728542991104
op_bb,0.0032761033239677015
b_187,0.003261503439632207
b_175,0.0032591442177102104
b_39,0.003254965395008607
b_174,0.003246307037281434
op_fd,0.0032452089055249756
b_173,0.003232643796769383
b_237,0.003224430595479599
b_191,0.0032213452780700956
b_80,0.0032180519012216633
op_bool,0.003216166631435126
b_202,0.0032147922354377216
b_223,0.0031870289102834096
b_216,0.0031544915966436847
b_220,0.003150677454651588
b_124,0.0031488644505542674
b_75,0.0031282036329048977
b_214,0.003104783963233975
b_245,0.0031000333818515663
b_171,0.0030807975980652177
b_150,0.003069429577054542
b_131,0.0030662219489677933
op_seh,0.0030468224061582414
b_91,0.0030465965936608682
b_213,0.0030445596907624855
b_170,0.003034679174270897
b_244,0.003033375803389211
b_16,0.0030295742818479327
op_ee,0.003024545870334905
op_db,0.003003223978616646
b_7,0.00300314649455513
b_137,0.0029976300086015156
b_122,0.0029911097879617376
b_2,0.002990725944746752
b_147,0.0029902200261669562
b_208,0.0029863308563543084
op_ba,0.0029822414245053064
b_227,0.0029768694432850485
b_178,0.0029695281478019212
b_116,0.0029629144217368946
b_141,0.002962108991556524
b_181,0.002959746889025938
b_222,0.0029574676972562533
b_21,0.0029477576986002
b_234,0.0029411619436841446
b_117,0.0029369167095094216
op_ca,0.002905846990564347
b_57,0.002873748628956827
b_153,0.002871306612998644
b_140,0.002830314146524444
b_163,0.002815630008005524
b_12,0.002806285656178985
b_26,0.0028026085663824156
b_79,0.0027985269372888377
b_225,0.0027966597001288554
b_240,0.0027868792944230445
b_165,0.0027777928042835263
b_1,0.002768022218727094
b_198,0.002758048111541113
b_212,0.0027565125184556586
b_64,0.0027407094757181997
b_243,0.002738349536855571
b_192,0.0027311455078717376
op_pop,0.002720434526894052
b_32,0.002720431489545455
b_168,0.0027110871110762286
b_183,0.0026936978864285474
b_246,0.0026936676340649124
b_209,0.002671482672805834
b_128,0.0026630929139504034
b_248,0.0026472647841125577
b_35,0.0026213662831237466
b_127,0.0026116509018027385
b_9,0.0026033720881812
op_inc,0.002602889068351601
op_ef,0.002583332874216747
b_27,0.002583121985126008
b_104,0.0025779824835228276
op_dec,0.002574292267741545
b_133,0.0025712432401360256
b_61,0.0025624924846339814
b_22,0.0025621201568240388
b_146,0.0025577263497190495
b_119,0.002551080229352326
op_bc,0.0025469697878807416
op_characteristics,0.00254585501230466
op_df,0.0025431196841884077
b_130,0.0025273924193896656
b_45,0.0025009209839423085
op_bd,0.0024979964748657493
b_136,0.0024907474886360966
op_da,0.0024808897527169257
b_236,0.0024691451231989535
op_exported,0.0024611698261609127
b_107,0.0024533504080705617
b_164,0.0024494103867569715
op_handle,0.002447435033441093
b_172,0.0024299585701746305
b_148,0.00242403473480604
op_uint,0.0024093344610914055
op_tlsindex,0.0024049169600230264
op_fe,0.0023999377279078815
b_247,0.00239702468933993
b_125,0.0023880909493421967
op_aa,0.002361410958302101
b_158,0.0023613799578615946
op_long,0.0023525749618019316
b_135,0.0023518986767135015
op_fc,0.0023476963373260267
b_156,0.002330539149356071
op_ac,0.002320799929540586
op_section,0.002315113492421384
op_push,0.002313625135319987
b_85,0.0023046961853200125
b_166,0.002303778639770907
b_188,0.002292355701433525
b_50,0.0022889353930935536
op_offset,0.0022834420749858315
op_fb,0.002258963192846403
b_253,0.0022580867404051494
b_218,0.002254236091352782
op_de,0.0022531307463274025
op_be,0.0022298718281516003
b_53,0.0022250188831915044
b_196,0.0022087561682535314
b_58,0.002196561701435469
op_ed,0.0021898923190422654
b_52,0.0021897766447706115
b_152,0.0021830853956109606
op_dc,0.0021781778152859805
op_dword,0.002177182205190739
b_180,0.0021500691175182574
op_ce,0.00213976868071465
b_204,0.002125090545814431
b_19,0.0021237298957409293
b_54,0.0021231228649788757
b_63,0.002122338673271393
b_228,0.002120329134053037
b_219,0.002115249372618412
b_157,0.0021083397455886775
b_37,0.0020861471789861983
b_132,0.002059188933671002
op_cf,0.002057710462646118
op_ab,0.0020556062520024542
b_224,0.002054448819407237
b_41,0.002029966781944666
b_186,0.0020261272090386765
b_14,0.002025333132977082
b_149,0.0020205465675401063
b_206,0.00202046004291871
b_94,0.002012295110896021
b_18,0.002010021838327924
b_93,0.0020075946705790985
b_71,0.002006570644120916
b_92,0.0020055023396173483
op_flags,0.002002861821040325
b_49,0.001992012812244914
op_bf,0.0019918773458961997
op_alignment,0.0019833144439786988
b_4,0.0019790790080806146
b_62,0.0019670821123093326
op_dllentrypoint,0.001959467160794158
op_operator,0.001959047132423482
b_24,0.0019583532898141483
b_115,0.001958189639809025
b_17,0.0019449817623621737
op_af,0.0019414062015233487
b_229,0.0019374848538892217
op_hmodule,0.001934014859585827
op_cd,0.0019332329802594483
op_bss,0.0019313962041400115
b_70,0.0019191967094233599
b_101,0.0019116919916863644
op_lpprocname,0.0018964349297449713
op_unsigned,0.0018896604082144638
op_tracehandle,0.0018846668061243213
b_68,0.0018716865610977232
b_83,0.001866624380293766
op_ec,0.0018647566909729518
b_113,0.0018647000431279018
b_74,0.001854168117953373
b_44,0.001848247364837257
b_231,0.0018437571470492613
b_105,0.0018355655935731584
b_86,0.001831107326623478
b_20,0.0018248631487877958
op_movsd,0.0018168407112859352
b_89,0.0018113646783284214
b_120,0.0017985947485846007
op_dd,0.0017944608271069406
b_72,0.0017937802312054097
b_189,0.0017741611416452459
b_144,0.0017738806845577209
b_56,0.0017712300610428977
b_194,0.0017565208603714075
b_138,0.0017539851459643567
b_114,0.0017325360544162404
op_xchg,0.0017112221729222547
op_ea,0.0017012990758741209
b_239,0.0016981049702443202
b_25,0.0016956491240883308
op_pusha,0.0016568073830559953
b_10,0.0016517983499302598
op_popa,0.001641188328017742
b_99,0.0016351995366475152
op_const,0.0016342789190970633
b_111,0.0016311760767340915
b_36,0.0016301336482326114
op_virtual,0.0016262273441300106
op_export,0.0016238754767150785
op_cb,0.0015930676581109766
op_buffer,0.001559877282333669
b_184,0.001558523661705385
b_90,0.0015511537800805585
b_48,0.0015507231550255494
op_eb,0.0015494764283278846
op_cc,0.001526836275759747
b_251,0.0015203702442943342
b_110,0.001514230384293165
op_lpvoid,0.0015122144646151864
b_33,0.0015113989246082564
b_77,0.0014863685216857927
b_254,0.0014853206991909853
op_struct,0.0014847209723074558
op_extrn,0.0014818575930190968
b_88,0.0014741650078004477
b_87,0.001470376675293848
b_40,0.001461538271491993
op_fa,0.001460852302035559
b_201,0.001458821892618629
b_249,0.0014522969448963973
op_leave,0.0014394302044785044
b_238,0.0013980257445682593
op_include,0.0013975473964029331
b_67,0.001391312998252766
b_108,0.0013872427454375716
b_103,0.0013694505884794515
b_176,0.0013540246028576936
b_134,0.0013363666555361124
b_118,0.0013340345143136154
op_setalc,0.0013257402254411965
b_98,0.001315429479592281
op_hlocal,0.00131292150686376
op_lpmultibytestr,0.0013011947234144582
b_126,0.0012631823406869568
b_73,0.0012548441364307798
b_82,0.0012327921233240267
op_nop,0.0012313611863615397
op_tlsend,0.0012224559724944562
op_cdq,0.0012197684841699363
b_161,0.0011941664760629742
b_81,0.0011731883753133298
b_129,0.00117297222036753
b_34,0.0011727161751289993
op_start,0.0011514081862329661
op_ulong,0.0011429926936582886
b_84,0.0011368544409471042
op_tlsstart,0.0011241880595248349
b_97,0.0011234546143382425
b_109,0.001119793374750355
op_hinstance,0.0010671510154603278
b_13,0.0010143417139134479
b_28,0.0010139639714510716
op_hwnd,0.0009855191748280635
b_160,0.0009670592837454637
b_95,0.0009325576092763007
b_100,0.0009199800828438196
b_96,0.0009018749480012159
b_102,0.0008900625778811022
b_65,0.0008845084093709217
b_121,0.0008676410700901816
op_lpwch,0.0008666398502587127
op_daa,0.0008649858094235007
b_250,0.0008565620427143308
b_78,0.0008462894793338831
op_aaa,0.0008425855250941426
b_43,0.0008409584719840557
b_66,0.0008360695762252244
op_function,0.0008272209838358397
b_112,0.0008208551737591237
op_cbmultibyte,0.0008056913644530741
op_lpch,0.0007991805694007324
op_codepage,0.0007955820007558694
op_uexitcode,0.0007857670590794457
b_76,0.0007806244358074401
op_pushf,0.0007575344683497373
op_lahf,0.0007554084105610894
op_aas,0.0007429114760903259
op_filename,0.0007417205460697688
op_lpwidecharstr,0.0007276345265777544
op_wait,0.0007214944019984093
op_end,0.0006590217867397615
op_lpstr,0.0006448154515569869
op_lstatus,0.0006036575437765126
op_dst,0.0006002750661553207
op_lcid,0.0005880342192806627
op_cmc,0.0005766647161366336
op_cmpsb,0.0005757322443881854
op_src,0.0005514789524564075
op_hdc,0.000547810420062873
op_das,0.0005472938458947209
op_icebp,0.0005438672769911776
op_msg,0.0005425871531823374
op_movsb,0.0005124598253448689
op_file,0.000465839398522824
op_xlat,0.0004609004400622865
op_hcursor,0.00044402348292151657
op_stc,0.00044101370776867
op_cmpsd,0.00042781073230805625
op_cbdata,0.00042148811587135724
op_cv,0.0004194425092244593
op_cchwidechar,0.00041849411331207093
op_lpreserved,0.0004180825754020731
op_clc,0.000400240067364653
op_bstr,0.00038118826952545894
op_lpstring,0.0003706853736491167
op_outsd,0.00036235693933024655
op_lpmem,0.0003620980250388945
op_lresult,0.0003579598889714762
op_maxcount,0.00035705240856381907
op_phkresult,0.00035680187588142117
op_hresult,0.0003508842259407529
op_double,0.0003380729769211343
op_popf,0.0003370706754084282
op_hinstdll,0.00033308160837321394
op_lpbuffer,0.0003326159399940253
op_sahf,0.0003243975540131785
op_locale,0.0003196716637712022
op_debug,0.000319131077801941
op_fdwreason,0.00031473691253316245
op_chartype,0.00030914178958771354
op_hicon,0.0003065889698238906
op_insb,0.00027869645340248953
op_targetframe,0.00027847241885761557
op_lpcwstr,0.00027068373984600333
op_widecharstr,0.00026612235877334484
op_cwde,0.00026304151680897115
op_cpinfo,0.00026151050479827686
op_ptracehandle,0.000256538461474873
op_langid,0.00022962607430576258
op_pvarg,0.0002296043967970006
op_safearray,0.00022740440119314552
op_hkey,0.0002258677932745526
op_exceptioninfo,0.0002256857716557273
op_hbitmap,0.00022346715363888336
op_hglrc,0.00022320092420036116
op_wchar,0.00021219386806097077
op_multibytestr,0.00020857736282300584
op_hfile,0.00020465622951517637
op_startupinfo,0.00019848887801443278
op_hpalette,0.00019784884977663958
op_heapmanager,0.00019582648742769035
op_atom,0.00019266066686405214
op_hbrush,0.0001912884272919987
op_str,0.00018585691218533698
op_hglobal,0.00018156132029291326
op_dwinfotype,0.00018069880882370864
op_pproxy,0.00017927610183341892
op_lpchartype,0.00017664562775983396
op_lparam,0.00017600262262032696
op_hgdiobj,0.00017577773384119303
op_dw,0.00016747357545523575
op_hthread,0.00016401867323247643
op_hkl,0.00016039197070985507
op_name,0.00015862744783414008
op_lpszurlname,0.0001580400353702186
op_parameter,0.0001575702703259177
op_lpszcookiedata,0.0001551864485075089
op_word,0.00015340416180201596
op_lpszbuffer,0.00015205692109324646
op_string,0.00015143882029729122
op_lpwstr,0.00014971349696574673
op_hinternet,0.0001403428807326974
op_memory,0.00014002569172359794
op_applicationname,0.00013765657068641474
op_lpdeststr,0.0001369407747526736
op_imagebase,0.00013498941173140054
op_deststr,0.00012482777622750858
op_format,0.00012414287822047943
op_count,0.00012230212950830192
op_pnumargs,0.00012104161535511465
op_wndclassa,0.00011995625319002694
op_ldistancetomove,0.000118517428567866
op_hobject,0.00011138744600859816
op_ntstatus,0.00011001522468111538
op_dwbufferlength,0.00010686421452197317
op_dwmapflags,0.0001067311851297038
op_v,0.00010197067306900204
op_hmenu,0.00010190929539857044
op_phandles,0.00010172341007758374
op_socket,0.00010146909952845076
op_insd,0.00010108185499153099
op_hdesk,0.00010004918596661899
op_hlt,9.971488559499983e-05
op_lpfilename,9.81139795265211e-05
op_lpaddress,9.623647804443626e-05
op_colorref,9.338304121462649e-05
op_exitcode,9.239181267490169e-05
op_gap,9.013874806904059e-05
op_hdevinfo,8.894800825690538e-05
op_buf,8.767942751326692e-05
op_hrsrc,8.7435769077859e-05
op_rclsid,8.694517539619708e-05
op_pv,8.675333988924992e-05
op_hmem,8.464991216477275e-05
op_short,8.44321733211761e-05
op_type,8.39269377174062e-05
op_cchdest,8.232356059475446e-05
op_startaddress,8.078710264914454e-05
op_iid,8.020023623365288e-05
op_cchsrc,8.006612663920519e-05
op_lpname,7.860492314330147e-05
op_delayed,7.832441576501433e-05
op_hlibmodule,7.388371994242333e-05
op_pvoid,7.253888545962866e-05
op_hmonitor,7.14770044541847e-05
op_rect,7.079558312750707e-05
op_systemtime,6.999262262036296e-05
op_dwbytes,6.876000128269316e-05
op_lcdata,6.828888860380465e-05
op_base,6.791676188394071e-05
op_configret,6.7399994824977e-05
op_lpcstr,6.726418206713989e-05
op_dwflags,6.717042241144956e-05
op_useddefaultchar,6.675458017658232e-05
op_hrgn,6.672109628097146e-05
op_threadid,6.566048031163174e-05
op_mmresult,6.55018136709051e-05
op_ho,6.3986364279359e-05
op_imaxlength,6.395555667678642e-05
op_ncount,6.376796322750408e-05
op_outsb,6.373523045636357e-05
op_lpmodulename,6.354191658185686e-05
op_psz,6.285290463580134e-05
op_dest,6.198530210150238e-05
op_haccel,5.886041016793226e-05
op_class,5.8655200506870845e-05
op_floldprotect,5.763264005718788e-05
op_lpsrcstr,5.6955996398204335e-05
op_jumptable,5.468489407254507e-05
op_lpsubkey,5.412729773409e-05
op_source,5.337619216561245e-05
op_y,5.31996638814707e-05
op_hfont,5.2882996125396205e-05
op_himagelist,5.1207560906449616e-05
op_dwsize,5.083685644148953e-05
op_x,5.0436999284923685e-05
op_targetip,5.0372788625527334e-05
op_arglist,4.99472136424819e-05
op_dwlength,4.962903571437131e-05
op_fl,4.721158628117079e-05
op_systeminfo,4.715614049160728e-05
op_ppv,4.6098656098410625e-05
op_hhook,4.480253386583216e-05
op_hsourcehandle,4.372781570142169e-05
op_hdwp,4.370900667640295e-05
op_hdevnotify,4.235887471639321e-05
op_attributes,4.151316403062589e-05
op_lpvaluename,4.097577494733047e-05
op_h,4.030861437057489e-05
op_wparam,4.0079059276661935e-05
op_timeadjustment,3.9965618514753135e-05
op_lpsz,3.7863753576917054e-05
op_hrequest,3.695510493071927e-05
op_hmetafile,3.5319310494086095e-05
op_pszpath,3.4858283465366255e-05
op_lock,3.4643617742746726e-05
op_unicode,3.428371762713172e-05
op_dwmovemethod,3.4120174569987154e-05
op_arguments,3.3881226137149015e-05
op_time,3.3775800189987284e-05
op_srcstr,3.256858731421661e-05
op_dwdisposition,3.219668772437708e-05
op_rc,3.1360422847030066e-05
op_dwdesiredaccess,3.114845508839682e-05
op_func,3.096068644229409e-05
op_wndclass,3.083968029200135e-05
op_lpdata,3.0589967428652766e-05
op_hprofile,3.0150773560789312e-05
op_lpitemidlist,2.9704399243066692e-05
op_hconnect,2.9581282639091453e-05
op_hheap,2.8785842647647022e-05
op_val,2.867941356894733e-05
op_lpdefaultchar,2.8322425960987627e-05
op_olechar,2.6199276973730116e-05
op_hnamedpipe,2.5603138201617043e-05
op_hpen,2.441031970560106e-05
op_nheight,2.4061353006195475e-05
op_localsockaddr,2.4028155151767042e-05
op_pptlib,2.38015911440392e-05
op_text,2.3714026661318105e-05
op_lpclassname,2.3583586525062958e-05
op_exceptionrecord,2.308094566359746e-05
op_hcertstore,2.284827279080891e-05
op_findfiledata,2.278883995271229e-05
op_channel,2.2581220846156517e-05
op_lplibfilename,2.2344660848902437e-05
op_hddedata,2.2117951492516316e-05
op_rcdst,2.1920284748202387e-05
op_bmanualreset,2.1886719338711037e-05
op_bstrstring,2.1855726778345707e-05
op_remotesockaddr,2.1327034942460676e-05
op_sz,2.1299808945888246e-05
op_srcbuf,2.087100859242597e-05
op_protocol,2.05600013880044e-05
op_target,2.0486927971890343e-05
op_value,2.0464612198283996e-05
op_libfilename,2.0330903939002657e-05
op_color,2.028214091623706e-05
op_cchmultibyte,2.0084465648327083e-05
op_point,2.003319335899506e-05
op_henhmetafile,1.9926856107542037e-05
op_ubytes,1.9920257686926057e-05
op_buffers,1.9845611297193468e-05
op_dwmilliseconds,1.959794123057731e-05
op_ucb,1.9523268584904936e-05
op_lptlsvalue,1.935848438375218e-05
op_hwinsta,1.9270129832176975e-05
op_phints,1.9216676674363464e-05
op_filesize,1.9000436134546058e-05
op_hcolorspace,1.8559419476853626e-05
op_guid,1.8547390151743825e-05
op_tlsvalue,1.8544527569969347e-05
op_mode,1.8467624843409e-05
op_byte,1.8461606299681483e-05
op_imagefilename,1.8305226884954538e-05
op_timeout,1.8265965916953896e-05
op_lpszurl,1.7906427748017458e-05
op_date,1.7690314744410637e-05
op_mcierror,1.762054900774274e-05
op_sacceptsocket,1.7138472826117775e-05
op_dwmessageid,1.7064383161535562e-05
op_lppathname,1.698619168230859e-05
op_exceptfds,1.695442778765613e-05
op_s,1.6933999054413052e-05
op_pt,1.6446196818738267e-05
op_hhandle,1.641400709887819e-05
op_lpszfile,1.6373912044705978e-05
op_cpoint,1.600012335503771e-05
op_lpdwhandle,1.5895830007179573e-05
op_lpbyte,1.5895757681669802e-05
op_dwprocessid,1.5688195075538283e-05
op_lpoverlapped,1.5622232479703034e-05
op_libid,1.5336173497696912e-05
op_nwidth,1.5200699487908634e-05
op_localeenumproc,1.5003252273163937e-05
op_default,1.4943804460594635e-05
op_binitialstate,1.473708029501678e-05
op_handles,1.4616507103748443e-05
op_lpaddend,1.4555794293738316e-05
op_lctype,1.4528898236079243e-05
op_filehandle,1.44876461010032e-05
op_defaultchar,1.4284429731086056e-05
op_flat,1.4191548734691145e-05
op_lplcdata,1.3932047810106875e-05
op_namelen,1.3868451345956554e-05
op_lpwindowname,1.3845228754824194e-05
op_paint,1.3808579303923854e-05
op_duetime,1.379899396979643e-05
op_hprocess,1.3763073211302502e-05
op_yieldproc,1.3524613990635826e-05
op_timeincrement,1.341012488739989e-05
op_loadfoldera,1.3188007345723322e-05
op_overlapped,1.3065992321084213e-05
op_lptimername,1.3000795249544679e-05
op_classname,1.2920134840368756e-05
op_addchara,1.2820538295599348e-05
op_datestr,1.2733676319438221e-05
op_addresslength,1.2405764694770546e-05
op_cp,1.2326511320888142e-05
op_cchdata,1.2126864306602156e-05
op_cy,1.1936102908796716e-05
op_hwndparent,1.180806025439891e-05
op_callanchorexa,1.1734101631418536e-05
op_completionkey,1.1730666723954894e-05
op_level,1.153902071054953e-05
op_samdesired,1.1473588238814628e-05
op_rgsabound,1.147051261978362e-05
op_addend,1.1434792679774947e-05
op_pvparam,1.1386303310240635e-05
op_c,1.1306079185251026e-05
op_dwfreetype,1.1112746401488517e-05
op_boolean,1.0950754655069433e-05
op_microsoft,1.0862807832512676e-05
op_optname,1.0801256951950044e-05
op_not,1.064822641689621e-05
op_coord,1.0589808402826398e-05
op_jump,1.0545356960484258e-05
op_fourcc,1.0449392957928122e-05
op_devicename,1.0414049363281521e-05
op_dstbuf,1.0226711380849838e-05
op_hconv,1.0188780746130437e-05
op_hostshort,9.821306547289094e-06
op_dwlen,9.813817674242648e-06
op_lpcvoid,9.682560597112717e-06
op_lpfile,9.625446274562784e-06
op_this,9.48658087052641e-06
op_lpdword,9.418223324273796e-06
op_lpoutputstring,9.372926466202366e-06
op_mcideviceid,9.306479920193277e-06
op_nsize,9.304767965868215e-06
op_infhandle,9.208340966846865e-06
op_lpbuffers,9.11900671645864e-06
op_putclassoriginal,9.107858074697321e-06
op_pperrinfo,9.098315184996161e-06
op_substr,9.041995253447646e-06
op_optlen,9.041261652850567e-06
op_enumwindowinfoex,8.910945887069999e-06
op_hdlg,8.838511570078243e-06
op_lp,8.832354647720914e-06
op_enumfunc,8.660893568625858e-06
op_dwbytesreceived,8.580230264197013e-06
op_dwexceptioncode,8.567037703499725e-06
op_ncmdshow,8.54976222677693e-06
op_extern,8.529556384986558e-06
op_ppidl,8.444260502420764e-06
op_lpstartupinfoa,8.39107281203879e-06
op_hidecommandlineexw,8.334688308246872e-06
op_hostlong,8.331415088747034e-06
op_lptstrfilename,8.296926540312359e-06
op_hresinfo,8.226314374379245e-06
op_riid,8.146799236775592e-06
op_enummutant,8.073997936440037e-06
op_umaptype,8.014871782447989e-06
op_hidemediatypeexw,7.965845260680721e-06
op_lpszobjectname,7.954026049428951e-06
op_deletesemaphoreoriginal,7.914501351044948e-06
op_ulonglong,7.903548955682839e-06
op_lpmmioproc,7.898280885832784e-06
op_szagent,7.892062266350963e-06
op_callmutantw,7.877907037760485e-06
op_sendsystem,7.829301500353606e-06
op_getmediatypenew,7.78081504677413e-06
op_killstateold,7.623039351665749e-06
op_valuename,7.576647158565299e-06
op_cchname,7.543433905820678e-06
op_address,7.496114156818389e-06
op_toplevelexceptionfilter,7.48788929374214e-06
op_fn,7.475478117053294e-06
op_u,7.441059446459677e-06
op_freedataexa,7.216693463968016e-06
op_graphics,7.162766178022863e-06
op_lpparameters,7.115009366881076e-06
op_bytespersector,7.091824801937478e-06
op_plubound,7.083857517981888e-06
op_localfiletime,7.035227502007047e-06
op_lpcommandline,6.946158138923585e-06
op_argp,6.869740219482117e-06
op_enumwindowexa,6.851610310396096e-06
op_deviceinfoset,6.809809690297737e-06
op_uid,6.8048764671677965e-06
op_dialogfunc,6.7804519096832655e-06
op_optval,6.765755258581539e-06
op_procname,6.748591404531255e-06
op_pe,6.668098766107285e-06
op_nfds,6.619310813972679e-06
op_pvarsrc,6.60785013348717e-06
op_lptext,6.58305664180837e-06
op_dwbuffercount,6.504348182742649e-06
op_psrc,6.42048487469229e-06
op_kbsspv,6.40553108570757e-06
op_lpoutputbuffer,6.3442997698687296e-06
op_lpszusername,6.3423452493043774e-06
op_globalcomponentnew,6.261540274459573e-06
op_pulen,6.180654584702277e-06
op_dwnewlong,6.120206434453599e-06
op_returnedstring,6.028363246241126e-06
op_id,5.985509409300038e-06
op_pchar,5.959173102086206e-06
op_uflags,5.95688551008218e-06
op_in,5.952914028846236e-06
op_dllregisterserver,5.926153688461661e-06
op_pdword,5.911203549614103e-06
op_pvargdest,5.891657247030929e-06
op_ftlastwritetime,5.880489456513484e-06
op_hwndinsertafter,5.8750784762615885e-06
op_hwineventhook,5.852460679346067e-06
op_lpchtext,5.802737736633569e-06
op_ppvdata,5.7935067807133425e-06
op_bds,5.791956411844812e-06
op_w,5.79067542056303e-06
op_adddirectoryexw,5.752134909738519e-06
op_modulename,5.710764460377591e-06
op_processor,5.695687761400229e-06
op_himc,5.6424090488858255e-06
op_lptype,5.635431294242948e-06
op_lptemplatename,5.620399988012647e-06
op_lpparam,5.6180786737283455e-06
op_writefds,5.585585474566279e-06
op_invalidatecharex,5.550791219393121e-06
op_lprect,5.539658069464056e-06
op_itonlater,5.448170260899266e-06
op_subkey,5.399855806581688e-06
op_lpbmi,5.3605246540654905e-06
op_hmmio,5.353074585837887e-06
op_calinfoenumproc,5.327840403801065e-06
op_killwidthexa,5.290818264859569e-06
op_pafmtc,5.257121678450865e-06
op_esrkic,5.186986882213998e-06
op_centries,5.168855105964256e-06
op_psa,5.167374520220498e-06
op_ymeoqxd,5.166838367648015e-06
op_athetoor,5.144867013870124e-06
op_tokenhandle,5.077880646059292e-06
op_testchar,5.047126802981233e-06
op_dwaclrevision,4.942701113037214e-06
op_input,4.924712553010313e-06
op_cchbuffermax,4.924364861706314e-06
op_enum,4.910997964470676e-06
op_strin,4.869715844132864e-06
op_tlsdirectory,4.868178958237672e-06
op_dwcmpflags,4.854606491795692e-06
op_lpcriticalsection,4.854164623530384e-06
op_benable,4.832258352448508e-06
op_targetpath,4.807003643741821e-06
op_lprootpathname,4.8044515861776625e-06
op_mapireadmail,4.7903584473743e-06
op_timerfunc,4.7763857315204405e-06
op_hdcdst,4.770192466102275e-06
op_nsaveddc,4.681509614106536e-06
op_nnumber,4.679041853299482e-06
op_plbrush,4.678853844670655e-06
op_crtappnameex,4.645498454076703e-06
op_tasfzifvky,4.606805598836797e-06
op_interface,4.533358752070019e-06
op_htask,4.509508474139407e-06
op_apt,4.484909403461729e-06
op_setitem,4.475490107762971e-06
op_xn,4.434770029957741e-06
op_addressfamily,4.427505276280185e-06
op_cvalues,4.414906597955908e-06
op_hdrvr,4.391395051693172e-06
op_rgbfg,4.3008501291622615e-06
op_or,4.294771221715806e-06
op_hresdata,4.263031959262759e-06
op_dwhkl,4.218071772595246e-06
op_flprotect,4.208768497503143e-06
op_ppmalloc,4.203101234057026e-06
op_lpnewitem,4.196351108626132e-06
op_cchvaluename,4.182387433399539e-06
op_gluint,4.17714922071194e-06
op_lplf,4.1461063600482286e-06
op_lstring,4.124899956013389e-06
op_flnewprotect,4.07021068574563e-06
op_xform,4.052411816951384e-06
op_dwfileoffsetlow,4.035008432255962e-06
op_worrxbvhc,4.033325086560625e-06
op_options,4.011385705288431e-06
op_platforminoutsideupdateto,3.9979779356787095e-06
op_wmsgfiltermin,3.961119031759141e-06
op_thakii,3.945243219917162e-06
op_tm,3.8756454179177125e-06
op_dwstyle,3.871504017622836e-06
op_au,3.818383948964514e-06
op_ppageclsid,3.7817635784628317e-06
op_dllunregisterserver,3.7696793735828316e-06
op_newsize,3.7684320167366623e-06
op_stringarepr,3.7583038425644135e-06
op_destwidth,3.71768694554148e-06
op_lpcolestr,3.6926664061680256e-06
op_dwerrcode,3.599627156523504e-06
op_puchar,3.590373398876853e-06
op_lpbaseaddress,3.5661909474312322e-06
op_noutbuffersize,3.5380975787708444e-06
op_hhash,3.5372351325495145e-06
op_numofelements,3.5264201701540066e-06
op_hfindfile,3.5102265465036e-06
op_lpvalue,3.5059743200124277e-06
op_returnlength,3.498618335861976e-06
op_startmc,3.4879031879830384e-06
op_dwsharemode,3.4783235957988367e-06
op_htoken,3.475587842747712e-06
op_lxnjcr,3.4504547538329806e-06
op_cookie,3.447028120237967e-06
op_dwindex,3.422057756832056e-06
op_wlanguage,3.4096982290125763e-06
op_nametype,3.4037384809695338e-06
op_showmutexexw,3.402520085447295e-06
op_ofstandalone,3.400033419337966e-06
op_lpvreserved,3.3881421751554894e-06
op_addr,3.3642470996851588e-06
op_getlocals,3.36235204561652e-06
op_nbufferlength,3.3560129171256915e-06
op_psid,3.3551175030108746e-06
op_prevwndfunc,3.333725596500335e-06
op_replaceerrors,3.3221165737806796e-06
op_msidberror,3.317320574091648e-06
op_hevent,3.313182511663148e-06
op_pclsid,3.3095672498288778e-06
op_cpages,3.287577601550371e-06
op_lpfloldprotect,3.285251694052916e-06
op_ndefault,3.2661491722460813e-06
op_hbr,3.259989960328378e-06
op_pszport,3.2288840457507983e-06
op_lpfn,3.22210203271114e-06
op_lpunknown,3.2098151957219833e-06
op_inbuffer,3.151831594134759e-06
op_ppmk,3.150588841633196e-06
op_umsg,3.1482172850514235e-06
op_prefixstring,3.136887725155336e-06
op_wsadata,3.1340679614185583e-06
op_niddlgitem,3.1259954050141014e-06
op_closepathex,3.1234242848538812e-06
op_lpkeyname,3.1222212821750756e-06
op_jgatcreate,3.1120434684531026e-06
op_rd,3.0997159055551447e-06
op_deviceinfodata,3.0986513164717627e-06
op_phkey,3.0594051756092303e-06
op_msgboxparamsa,3.0542917712122623e-06
op_ppresult,3.0340357359417035e-06
op_itofitjava,3.010714406687746e-06
op_wflags,2.9970592208053263e-06
op_coblist,2.9759442678514747e-06
op_peju,2.9688758797932725e-06
op_xbremhgqeno,2.9641047840359063e-06
op_rgindices,2.9639766897956887e-06
op_lpenumfunc,2.963865017906255e-06
op_htheme,2.9633988087101793e-06
op_totalbytesavail,2.919903010968803e-06
op_nbuff,2.918219610092166e-06
op_erf,2.917365301657036e-06
op_erqogcz,2.9139496251865616e-06
op_fatdate,2.9080977916696353e-06
op_arlslkowv,2.9068477014871176e-06
op_xleft,2.90631443177306e-06
op_endptr,2.90553849958508e-06
op_dwflag,2.894705392526083e-06
op_ucchmax,2.8926324791688097e-06
op_yxompppx,2.878736137634205e-06
op_dwstacksize,2.8760601079711717e-06
op_idthread,2.86971130948701e-06
op_copytaskexw,2.8685839691916824e-06
op_coprocessor,2.867417916222836e-06
op_rootpathname,2.8647101146777665e-06
op_lpcaption,2.8639465563658243e-06
op_lf,2.8582623788650387e-06
op_filetime,2.8463000758267598e-06
op_bitalic,2.828732051969297e-06
op_method,2.8278168431634075e-06
op_csubkeys,2.8125746978388315e-06
op_insertconfig,2.8085801535845395e-06
op_szfile,2.7616392405770674e-06
op_pszsrc,2.7500510021082746e-06
op_lpdirectory,2.7344394825448403e-06
op_jcpplatformupdateordera,2.7267047642322954e-06
op_loadoptionw,2.7024459057941274e-06
op_lpdialogfunc,2.668909816526321e-06
op_coptcolumns,2.6465954702383242e-06
op_lpdx,2.646057224687193e-06
op_fattime,2.639309121832568e-06
op_ppstgopen,2.6224488215050265e-06
op_cheight,2.6017065719607554e-06
op_hconvlist,2.5690349137019826e-06
op_tndrocok,2.5689136444674305e-06
op_ptfunccompare,2.5632702330449232e-06
op_lpduetime,2.5284715674331937e-06
op_hdest,2.443867717963894e-06
op_mi,2.4280493702379096e-06
op_cpoints,2.4122064251208274e-06
op_ajqajsc,2.4086225468503473e-06
op_gepfcbj,2.404443439637961e-06
op_lpcbdata,2.38758487028503e-06
op_xhipwoutb,2.386418468228958e-06
op_lpsztype,2.3773490937827065e-06
op_pszfacename,2.3756259641688835e-06
op_utimeout,2.3685906168872974e-06
op_tyedmsf,2.3666880621865406e-06
op_wndproc,2.365207960938117e-06
op_lpdir,2.35955345953521e-06
op_rvfdtfys,2.3589257595864635e-06
op_pmode,2.3490922675504487e-06
op_technologiesjavaorgsmhttp,2.34863963105086e-06
op_umode,2.348094133397541e-06
op_cbmaxsubkeylen,2.345845695859913e-06
op_ocprvak,2.343251753336854e-06
op_machinename,2.336539159580323e-06
op_pszout,2.3256887936963893e-06
op_edge,2.3228248480138926e-06
op_antfac,2.3157291466439727e-06
op_peuse,2.3142384346395574e-06
op_lpenvironment,2.309210281164877e-06
op_wosver,2.3084389601731904e-06
op_rmtrxlkjg,2.3039189222810505e-06
op_outdata,2.2984658648227637e-06
op_hdcdest,2.298415964774741e-06
op_uuleow,2.2956071436966603e-06
op_print,2.284610469546346e-06
op_hinf,2.276490745084181e-06
op_tvto,2.2700371357739467e-06
op_fwinini,2.264145506629249e-06
op_iivjwq,2.262490480573542e-06
op_ndenominator,2.23847355330112e-06
op_protected,2.233288630547932e-06
op_ipitchandfamily,2.2293465092989036e-06
op_lpstart,2.22606908644629e-06
op_wmatch,2.2211247350013733e-06
op_iunknown,2.2149720977212277e-06
op_isstateexw,2.2037365170012786e-06
op_bhpe,2.195021689351592e-06
op_len,2.189093501605029e-06
op_top,2.1837420618947395e-06
op_filepart,2.182112119520828e-06
op_lmaximumcount,2.1705939961316347e-06
op_usize,2.169531237625717e-06
op_kffowwzhio,2.164881665360999e-06
op_mugfd,2.1613945428928037e-06
op_processhandle,2.159033664133129e-06
op_jgatbegin,2.1588269933390922e-06
op_callcommandlinenew,2.1540925213557997e-06
op_lprcsrc,2.145976571942882e-06
op_nnumerator,2.1436320622778625e-06
op_psizl,2.140236643862498e-06
op_sizeinbytes,2.124417973998414e-06
op_directory,2.119402556837246e-06
op_pfnopen,2.117649188586287e-06
op_wfatdate,2.110136439604091e-06
op_newitem,2.087006597237879e-06
op_installuilevel,2.0765389020765115e-06
op_nbar,2.067469907177296e-06
op_requiredsize,2.0642117249315624e-06
op_phprinter,2.0601807120943625e-06
op_lpclass,2.033133107455386e-06
op_hookproc,2.0188851215254475e-06
op_cchclass,2.0135723170760546e-06
op_dwhandle,2.000105536560209e-06
op_hpal,1.98860194032367e-06
op_ppstm,1.985930315188445e-06
op_linitialcount,1.9785478254298166e-06
op_xdest,1.9665367020285163e-06
op_numberofbyteswritten,1.9621581369441616e-06
op_lastwritetime,1.960253523260822e-06
op_ipixelformat,1.9583036188719837e-06
op_psfi,1.955297230641108e-06
op_himl,1.9365672914699545e-06
op_filesizehigh,1.9313573793890654e-06
op_float,1.909714901436525e-06
op_ntabpositions,1.8963572435333847e-06
op_infinformation,1.8954214937744575e-06
op_lpservicename,1.8918459777590549e-06
op_hdcsrc,1.8761106834366696e-06
op_pszdest,1.8748634920324896e-06
op_ozuprqwp,1.8591995839104812e-06
op_pmmt,1.8545018592514748e-06
op_haccessor,1.8521413995178814e-06
op_gaflags,1.8473319932615068e-06
op_outbuffer,1.846812817426747e-06
op_lpmsg,1.8427410525789165e-06
op_ppunk,1.8177123032044172e-06
op_cchtext,1.8002020270649056e-06
op_tutthreadcreateva,1.796419180491362e-06
op_lpinbuffer,1.794311874675435e-06
op_uiditem,1.7866707989785532e-06
op_dllcanunloadnow,1.7866501581544836e-06
op_clear,1.7837029142433574e-06
op_bcomplete,1.7813035365084621e-06
op_setkeydirectory,1.77846776987289e-06
op_driverentry,1.7771946311454682e-06
op_dwinqueue,1.7722540162949725e-06
op_pwcsname,1.769607917870127e-06
op_eemqv,1.7689061669270763e-06
op_rgbquad,1.7681958490725483e-06
op_iquality,1.7679545543875855e-06
op_seteventoriginal,1.7509037415056176e-06
op_hwnddlg,1.7503853837500763e-06
op_ncode,1.743819908396099e-06
op_pvdata,1.7425094639030502e-06
op_list,1.7379003330311172e-06
op_hmd,1.7358915940132029e-06
op_lppreviouscount,1.7354799542577454e-06
op_parameters,1.7344172830667542e-06
op_lpstartaddress,1.7245733536783387e-06
op_dwrebootmode,1.722271255258608e-06
op_dwcreationflags,1.7192860741179122e-06
op_reopenbuff,1.7157819854624731e-06
op_hrwbl,1.7157246500147267e-06
op_lpszproxy,1.712675996989823e-06
op_titlewizard,1.711889531737339e-06
op_integer,1.711053731556639e-06
op_szfolder,1.7108172358241325e-06
op_communityplatformtoanda,1.708360714647372e-06
op_pcch,1.7068466448273252e-06
op_cjcsiawfy,1.7057040627169462e-06
op_eactresult,1.7053396352150455e-06
op_fresume,1.7039483453475976e-06
op_dwtotalclusters,1.6993987978086585e-06
op_gmgw,1.6979896970662101e-06
op_cpzkoys,1.6942661673929886e-06
op_uloptions,1.6929913721464384e-06
op_incorporatewwwstandardstheendorsed,1.6918316835375456e-06
op_iclipprecision,1.690237932765575e-06
op_standardsnecessaryit,1.6901713597881547e-06
op_pcstr,1.6898365878219084e-06
op_pszcabinet,1.6864797860307022e-06
op_lpvbits,1.6859171923301746e-06
op_cescapement,1.6798430394091274e-06
op_endorsedtheofhttp,1.6759423408921124e-06
op_standardsstandalone,1.6721428157802199e-06
op_readlongfromfile,1.665134893347958e-06
op_dwtlsindex,1.6643300762029323e-06
op_fzfd,1.6497287597365537e-06
op_readreptree,1.6461746885374497e-06
op_automatically,1.6455490899825792e-06
op_elementsize,1.6452946357833173e-06
op_ixupnab,1.6354619827658656e-06
op_newstate,1.6314787572159897e-06
op_cchmax,1.630817075986828e-06
op_pcbdata,1.6293075490668186e-06
op_lprc,1.6187116152831302e-06
op_updateoverridethat,1.617234242860542e-06
op_zezacenio,1.6133604392694143e-06
op_lpbits,1.6048983293958294e-06
op_set,1.6021356845672842e-06
op_itypelib,1.5993991620917072e-06
op_brepaint,1.5981299043950179e-06
op_drive,1.5961643100601232e-06
op_sid,1.59080469835561e-06
op_resource,1.5806795478192532e-06
op_pfnma,1.575522325767894e-06
op_wrwrpbq,1.570029165303617e-06
op_wfmt,1.5545070436673505e-06
op_radix,1.5521352626542668e-06
op_lpparameter,1.5386745890965628e-06
op_cbvixvt,1.5290372274436953e-06
op_lpthreadid,1.5199933521609035e-06
op_pvargsrc,1.5015500266589024e-06
op_holemenu,1.4968683223585112e-06
op_indata,1.4866306781046139e-06
op_commandline,1.4808708061715846e-06
op_syskind,1.4721933909886844e-06
op_plii,1.4659348673741967e-06
op_lbytes,1.4504124895803785e-06
op_vgettoken,1.4444190112837706e-06
op_szusername,1.4429720165480002e-06
op_natom,1.4386614042150776e-06
op_ulenumindex,1.4381675514163779e-06
op_lpformat,1.438066151751825e-06
op_pdwtype,1.4264905596455174e-06
op_scriptgetlogicalwidths,1.4263526490342098e-06
op_cwinapp,1.4239841645492485e-06
op_ysrc,1.4218692400779922e-06
op_lpnewfilename,1.4170359409035117e-06
op_pcchout,1.4132135840277173e-06
op_phhash,1.4033883108626865e-06
op_lpappname,1.4009487229552566e-06
op_rop,1.4004112540744357e-06
op_varname,1.3981177965694757e-06
op_master,1.3899206659118175e-06
op_getcoloradjustments,1.3879399017252604e-06
op_hdsa,1.3828322911179039e-06
op_cmgetcreatorargument,1.381161824197004e-06
op_npos,1.3768607128340997e-06
op_lpoutbuffer,1.376188309470238e-06
op_ctotalprops,1.3715937519231338e-06
op_pbmih,1.3687802829896612e-06
op_i,1.3658132641638799e-06
op_fontdesc,1.3641448193588282e-06
op_exchange,1.3624479525699142e-06
op_clsiddmo,1.3552614065463025e-06
op_info,1.3538070550709743e-06
op_nbytes,1.353243016223227e-06
op_pdst,1.3527862938615385e-06
op_algorithm,1.3523829957887639e-06
op_ninbuffersize,1.3440292374119134e-06
op_separaters,1.340091522578844e-06
op_lptargethandle,1.3396609446387055e-06
op_bytesreturned,1.3354609425917585e-06
op_smmaymechanism,1.3282635799614772e-06
op_fileop,1.3156907528396929e-06
op_haccelsrc,1.3113278616894198e-06
op_ppenum,1.304303257129907e-06
op_hservice,1.2987349727513116e-06
op_installmonitorw,1.2924194811120302e-06
op_bret,1.2857543315195955e-06
op_layoutinfhandle,1.2843084017189262e-06
op_pptdst,1.282302632335346e-06
op_pblock,1.2782635072598618e-06
op_pulout,1.2700637942855802e-06
op_yd,1.2695181496745158e-06
op_args,1.268614683581859e-06
op_pszsubkey,1.2673816849388894e-06
op_libversionpoint,1.2580166616748744e-06
op_key,1.2554404323450478e-06
op_pjbits,1.2547876155704986e-06
op_cgrow,1.2405774342307563e-06
op_netshort,1.2405665007257277e-06
op_piconinfo,1.2339750899792428e-06
op_pcreturned,1.2331543690461538e-06
op_frequency,1.226974387198695e-06
op_generatorexit,1.2130448733301494e-06
op_hdskspc,1.2098214760697216e-06
op_wndpl,1.2086866455638378e-06
op_wlanguageid,1.2029533086121583e-06
op_tempfilename,1.196964421244719e-06
op_ofmorethethe,1.1924513864198722e-06
op_sizeinwords,1.1922656723646746e-06
op_lpszcmdlineorg,1.1899824955264566e-06
op_lpdirectdraw,1.189745850685578e-06
op_bios,1.1879035370712896e-06
op_ypujfaiqgx,1.185361896780599e-06
op_platformcorrespond,1.1814487521632964e-06
op_szwin,1.1773490246082877e-06
op_lppoints,1.174136463320678e-06
op_cfheader,1.171907961062677e-06
op_ifolder,1.1694043520776184e-06
op_corientation,1.1676039914362813e-06
op_pfnclose,1.1675203401169273e-06
op_minorversion,1.1659557966070839e-06
op_availablebuffercch,1.1653021559298448e-06
op_hcrypthash,1.1642808575718888e-06
op_removetimerold,1.1612760568813208e-06
op_openasself,1.1597123919807312e-06
op_runtimescreenshotsnow,1.15789555695076e-06
op_glenum,1.154416793316418e-06
op_setid,1.1526896702358087e-06
op_newfilename,1.1488648626672834e-06
op_oftothat,1.1483503331768251e-06
op_pfdin,1.1382764341483778e-06
op_nindex,1.1358653521099384e-06
op_titlestartsnmp,1.1355785594379876e-06
op_standardsmeansoutsidestandalone,1.135466682431059e-06
op_ngmprei,1.1338030952083127e-06
op_creationtime,1.1335304883209447e-06
op_cchbuffer,1.1333788003565602e-06
op_fsmodifiers,1.1316904340471367e-06
op_lpmixercontroldetails,1.1311399925230372e-06
op_selects,1.1283692481568696e-06
op_exportspoolgrep,1.1283564292409952e-06
op_right,1.1258978398086397e-06
op_commtimeouts,1.1254910267504345e-06
op_wndclassexa,1.1246623038483596e-06
op_mechanismthetime,1.1242148711222546e-06
op_rcsrc,1.1225541926223193e-06
op_lpszcaption,1.1208209490340677e-06
op_fromplatform,1.1193000499529407e-06
op_table,1.1188788303793715e-06
op_isize,1.11236960096276e-06
op_mii,1.1101953989449368e-06
op_wsrc,1.1080589072913543e-06
op_cchdate,1.1070105580720373e-06
op_vdkadminassist,1.094290560072619e-06
op_includingversionsmoreit,1.0928982362810024e-06
op_lpcszvalue,1.0895810817702128e-06
op_lpcontext,1.082305458737816e-06
op_memberindex,1.0774121209039982e-06
op_cwnd,1.0746517225418576e-06
op_dwclscontext,1.0745794525524032e-06
op_mask,1.0744075874660504e-06
op_xquxj,1.0642040876644281e-06
op_lpwndclass,1.0547092859988445e-06
op_qrc,1.0545993187427101e-06
op_ppvobj,1.052039803243159e-06
op_dwexstyle,1.0507125159495508e-06
op_vdkassistfree,1.050690532251658e-06
op_from,1.0499672247845274e-06
op_caption,1.0459789272295088e-06
op_overflowerror,1.0435761324160769e-06
op_pszresult,1.0341188438523672e-06
op_iidinterface,1.0238085417404807e-06
op_sizepointer,1.0215434494872884e-06
op_uidnewitem,1.0147714677623059e-06
op_dwdata,1.010881050805508e-06
op_findsemaphoreold,1.0104914849199114e-06
op_pszbuffer,1.008526555488648e-06
op_bi,1.0026716696798134e-06
op_lppt,9.9583078804209e-07
op_ittime,9.909160364041335e-07
op_technologiesversionmechanismtechnology,9.862555665807338e-07
op_yn,9.825420304626605e-07
op_ytnn,9.764418408925968e-07
op_notification,9.69039069295148e-07
op_pos,9.671167019049979e-07
op_lpexitcode,9.639242571574293e-07
op_nstdhandle,9.56068086925143e-07
op_idlemoninit,9.530101892626446e-07
op_lreleasecount,9.516834491592973e-07
op_dwaccessorflags,9.514237213903369e-07
op_fullpath,9.514191601752196e-07
op_szformat,9.50436074581304e-07
op_pati,9.504333780939034e-07
op_szcontainer,9.495874858729262e-07
op_lpbytesreturned,9.486988330502357e-07
op_postuserthread,9.483365148275261e-07
op_extqueryinterface,9.475790409954218e-07
op_overrideormeanson,9.47219950805512e-07
op_vt,9.451614745963696e-07
op_szlongpath,9.450211214074569e-07
op_szshortpath,9.429791068667554e-07
op_pwoc,9.425199349553988e-07
op_accessstatus,9.418794169547364e-07
op_sign,9.407289952819065e-07
op_tclproccleanupproc,9.406702354094486e-07
op_pfncompletionroutine,9.39921956556015e-07
op_fshow,9.38332082530265e-07
op_plpal,9.374193046419851e-07
op_dweventtype,9.348203659552946e-07
op_binherithandle,9.343910014077358e-07
op_mutexdestroy,9.341854900761623e-07
op_srcch,9.334199763794527e-07
op_pmxcd,9.329868927487748e-07
op_pidl,9.329155060423602e-07
op_lvpqhqvn,9.322194779571825e-07
op_nedpfree,9.317753899607045e-07
op_psacl,9.29969874576343e-07
op_sqlreturn,9.282620744218526e-07
op_npriority,9.282378314805519e-07
op_enumeration,9.260070754823975e-07
op_mfc,9.240452184249853e-07
op_pdndevinst,9.202653052544149e-07
op_loadlistitem,9.187783969991285e-07
op_streampointer,9.186023537804543e-07
op_returnbuffer,9.141693095511526e-07
op_pgactionid,9.138937672284782e-07
op_psztext,9.137608684096203e-07
op_inituserthreadschedulerex,9.136034837351645e-07
op_istart,9.129175368683993e-07
op_vdksearchfree,9.123430732756708e-07
op_hf,9.104722519820933e-07
op_pwstr,9.093095480249445e-07
op_at,9.085338384573131e-07
op_pitem,9.075118720279535e-07
op_cchar,9.066201335327781e-07
op_targethandle,9.063091278044384e-07
op_bewritevbrheader,9.060452956372085e-07
op_utype,9.054748418999286e-07
op_any,8.965304719343777e-07
op_dwtimerlowvalue,8.947010189261013e-07
op_hsnapshot,8.925394990501748e-07
op_uiaction,8.89826923321316e-07
op_z,8.722932263508724e-07
op_cxdesired,8.692150400027016e-07
op_dwreserved,8.646931702602774e-07
op_reloaded,8.645362161535611e-07
op_devmode,8.6328356450287e-07
op_dig,8.591824600617992e-07
op_punkouter,8.566800119362878e-07
op_red,8.551010923649369e-07
op_pinputs,8.533913114358362e-07
op_consoletitle,8.510200316610408e-07
op_datein,8.476621422905571e-07
op_lppoint,8.444530020538926e-07
op_pcchresult,8.408720810602225e-07
op_ppcommand,8.36568938812839e-07
op_qwaddr,8.293987212457213e-07
op_necessarystandards,8.293667571855145e-07
op_pmore,8.275653751537902e-07
op_dwcontext,8.161866409236599e-07
op_pprintername,8.103354259491326e-07
op_jgacreateaudiodecode,8.04165176805358e-07
op_the,7.964552689558223e-07
op_cpt,7.860966162648046e-07
op_uuid,7.650666172789147e-07
op_getresourceid,7.642891755323462e-07
op_rguid,7.486487365569772e-07
op_phprov,7.479862400064484e-07
op_hwndowner,7.454203783463774e-07
op_dwtype,7.40828542242651e-07
op_phglobal,7.321051153441523e-07
op_testapplypatchtofilea,7.300467405012453e-07
op_generated,7.221832297073844e-07
op_lpszshortpath,7.21770338485685e-07
op_prgbq,7.179434870449039e-07
op_ofoftheincorporatedthe,7.172550435334408e-07
op_pmem,7.103571466953004e-07
op_sizeofelements,7.092940630119335e-07
op_pstm,6.847116912009712e-07
op_rmashutdown,6.723520971201562e-07
op_cbformat,6.721247649350386e-07
op_igbkls,6.627155734471651e-07
op_wndclassexw,6.589278434949537e-07
op_strmake,6.584915682183551e-07
op_cchdstlength,6.584686084870354e-07
op_messageguid,6.574973358502179e-07
op_smplatform,6.530673280580686e-07
op_ydest,6.514175085514643e-07
op_dwinitparam,6.485121900314565e-07
op_rghrows,6.465747574197236e-07
op_numargs,6.445175353328891e-07
op_pmdl,6.431075297244328e-07
op_header,6.425812204565535e-07
op_pcontext,6.420183384368933e-07
op_steamopenfile,6.397235445609627e-07
op_hrow,6.396199398998981e-07
op_mapidetails,6.357408932762847e-07
op_zsmbbh,6.328810703780784e-07
op_lpszlongpath,6.319767536476072e-07
op_onprovides,6.299359095137725e-07
op_updatecreated,6.273659714190541e-07
op_lpiconname,6.181164309204623e-07
op_mapideletemail,6.164990980117941e-07
op_ucommand,6.118632299515199e-07
op_driverobject,6.086767659681519e-07
op_svgfv,6.086407221743436e-07
op_wherebyversions,6.032130614162508e-07
op_setinterrupt,6.029506048165247e-07
op_bunderline,6.02514113593417e-07
op_thefor,6.020877816406421e-07
op_lista,6.01905278151523e-07
op_bgregpu,6.01472776740866e-07
op_laterprocesstechnologyfromthat,6.013191953101841e-07
op_ppath,6.008724317151377e-07
op_pfnmf,5.98874005977953e-07
op_qauptrpt,5.968424154601454e-07
op_ntauthority,5.961828450321623e-07
op_vbva,5.93801330300882e-07
op_lprcdst,5.930892787001897e-07
op_igqjnsbzd,5.924227426543581e-07
op_beendorsed,5.918696883523617e-07
op_ggpcedkl,5.909292298826988e-07
op_uisize,5.905187913756032e-07
op_versionsstandardsnewer,5.901623631093579e-07
op_cs,5.899915719345063e-07
op_szsysdir,5.899178208118834e-07
op_ulextractneeded,5.896016994984048e-07
op_dwoutqueue,5.887173974272051e-07
op_szregentry,5.886246600626177e-07
op_aq,5.878660888242089e-07
op_dfdcfdsfcsd,5.869259377171484e-07
op_nsubids,5.868762180813885e-07
op_msgtype,5.86060896279994e-07
op_inincorporatefortime,5.848473420220748e-07
op_platformistechnology,5.84832155554827e-07
op_ifftl,5.842795592024986e-07
op_fgiem,5.841319279322735e-07
op_hpropsheetpage,5.83675981201239e-07
op_pmetric,5.824002356405035e-07
op_criticalsection,5.818929100954249e-07
op_pexecinfo,5.816289719173474e-07
op_tothe,5.800887752706005e-07
op_hinst,5.788975235456821e-07
op_dwservice,5.782449917329277e-07
op_yruvnutvn,5.77062071329372e-07
op_bmenu,5.76927052756766e-07
op_dwiocontrolcode,5.768310747637298e-07
op_iswhereby,5.767764312017445e-07
op_lpszcmdline,5.762080777893563e-07
op_ustyle,5.745492021431791e-07
op_szadvpack,5.727893052560114e-07
op_runtimecommercial,5.727488667943758e-07
op_temp,5.7258566098633e-07
op_destheight,5.722452951921095e-07
op_vcvsw,5.709783851931408e-07
op_cplapplet,5.695658423822664e-07
op_orgincludingcommunityplatform,5.692451701825788e-07
op_szobjectname,5.687673054864311e-07
op_item,5.679517126043588e-07
op_auuiq,5.66828360309511e-07
op_pfisadmin,5.668180874666987e-07
op_inplacelshift,5.658889485539617e-07
op_tkp,5.639895105739131e-07
op_platformincorporatetoto,5.615126475702631e-07
op_wdata,5.598763372017644e-07
op_ppd,5.575117782882112e-07
op_ppvbits,5.560702651148888e-07
op_timeincorporate,5.540009779102567e-07
op_ofwwwmechanismthe,5.50343305816128e-07
op_calendar,5.486809835928455e-07
op_dy,5.476272514326738e-07
op_usertime,5.455924198938035e-07
op_hprinter,5.454259843445045e-07
op_paccel,5.441209841135544e-07
op_handlerproc,5.44114077760319e-07
op_exfxlv,5.426181678677841e-07
op_ptype,5.399016963681842e-07
op_dwvaluesize,5.359588002195604e-07
op_lpprefixstring,5.329467730910158e-07
op_lpszaccepttypes,5.323538408533428e-07
op_cchdestcurrent,5.315434069483583e-07
op_hfdi,5.315228805863941e-07
op_lplastwritetime,5.281645314835406e-07
op_pow,5.278543372114266e-07
op_qwmbpqwj,5.277645932245455e-07
op_omhfuzk,5.249291062064836e-07
op_uchar,5.193403560868169e-07
op_ptr,5.170834806378913e-07
op_nacllength,5.152951577738896e-07
op_dwlanguageid,5.146505135926376e-07
op_steamprocesscall,5.139282262447758e-07
op_icharset,5.109564212248219e-07
op_thatsmseetechnologies,5.032028837709421e-07
op_orgpackagestime,5.000227679251937e-07
op_szsrc,4.982396395953515e-07
op_fieldindex,4.971707288595628e-07
op_hwndmain,4.949716254620276e-07
op_mechanismofa,4.943237607893041e-07
op_hsemaphore,4.942709458229711e-07
op_atlcomqiptrassign,4.914915511345986e-07
op_sowix,4.911923199054199e-07
op_runtimecontrollog,4.911810375768109e-07
op_stringuuid,4.896913746076226e-07
op_getmagnitude,4.893136206814779e-07
op_beacreateda,4.873181170021973e-07
op_alccapturestop,4.868432495586361e-07
op_readfds,4.864099149717894e-07
op_hdatabase,4.859004747872935e-07
op_pcbneeded,4.858370725707305e-07
op_cacheentryinfo,4.857097458016782e-07
op_prgnameoffsets,4.848177190828936e-07
op_pdevmodeoutput,4.83455766294692e-07
op_cbbytesreturned,4.824416212416336e-07
op_execinfo,4.807335267004461e-07
op_setsharpnessadjustments,4.805824490191492e-07
op_mocopymediatype,4.792764060532454e-07
op_szurl,4.792548112791505e-07
op_pprinterenum,4.77753492966395e-07
op_pfwi,4.770433381628618e-07
op_ext,4.768401225092146e-07
op_bfailifexists,4.7665122665588305e-07
op_vdksearchnthtodocid,4.760246349047847e-07
op_cmd,4.758145715130496e-07
op_nresult,4.757756963439792e-07
op_alsourcestop,4.757140055851778e-07
op_pvar,4.755294653943792e-07
op_vdktfieldboundnew,4.7552499661524305e-07
op_lpszmessageid,4.754473528814642e-07
op_control,4.753507185494556e-07
op_baseofdump,4.748291166873511e-07
op_tclhandlefree,4.747519563551755e-07
op_kerneltime,4.7459292341169886e-07
op_wcscat,4.7438159404007885e-07
op_lpsource,4.7429564679941994e-07
op_vdkassistfindfree,4.7421657947119405e-07
op_idlength,4.7418472526142816e-07
op_vdkvgwdocread,4.741604887028117e-07
op_vdkhighlightreadfree,4.736562285993794e-07
op_pdwkeyspec,4.733726597632623e-07
op_ulsonympegeditcoreexit,4.7264872657449133e-07
op_addrlen,4.723777923179971e-07
op_csidl,4.723380608116303e-07
op_pipeattributes,4.7182982107377995e-07
op_acggagg,4.713817995037385e-07
op_prfqrynew,4.710237763668838e-07
op_dwerror,4.706918898721527e-07
op_poctetssrc,4.7064309345407195e-07
op_ilast,4.7038838399676574e-07
op_tclobjgetframe,4.703394988596846e-07
op_lpservices,4.70031255367304e-07
op_alcgeterror,4.6950043106756537e-07
op_tstrfilename,4.68847471736697e-07
op_pmxcaps,4.680348417260553e-07
op_nmaxinstances,4.6786597578530577e-07
op_statistics,4.67765189625152e-07
op_dwthreadid,4.676555592108386e-07
op_rarprocessfile,4.675119701229425e-07
op_prfcreate,4.6674990630750896e-07
op_ititwherebywwwstandards,4.6627984798147554e-07
op_vdktfieldwriterange,4.6621129648086413e-07
op_pmkctx,4.6542087360240495e-07
op_loadreg,4.6530125544683525e-07
op_smmeansneweroroverride,4.6521676091080143e-07
op_dwformoftype,4.651258121913225e-07
op_vdkcollectionsetinfo,4.6473252273661357e-07
op_tclinthreadexit,4.6471612604236634e-07
op_lpdevicename,4.643048539321777e-07
op_rninitbrowserrecordext,4.642642188292797e-07
op_isobjectrecognized,4.611820358575222e-07
op_lppsession,4.6068225828823097e-07
op_fdpalloc,4.601387827310237e-07
op_tkdebugfont,4.596811668932946e-07
op_lpstream,4.594322742290782e-07
op_width,4.5862778414730594e-07
op_ulmode,4.570485617058538e-07
op_newacl,4.5641096219312064e-07
op_wfattime,4.563746643437832e-07
op_cmgetcreatorvaluedword,4.5554489249970473e-07
op_oid,4.5489751971586336e-07
op_steamgetappuserdefinedrecord,4.5469076759318335e-07
op_addextensionblock,4.5430309126310895e-07
op_getallocmemcount,4.5340340055108103e-07
op_lpsrc,4.519321660130402e-07
op_selecttransdlg,4.495175471736058e-07
op_pformat,4.490920173490553e-07
op_enhance,4.463144742369803e-07
op_newfilehandle,4.46286366570324e-07
op_phdbwcopyfileex,4.4505286058046837e-07
op_vdksessiongetinfo,4.4474310855793684e-07
op_pwkya,4.417240276311049e-07
op_linkhandle,4.4168065218929763e-07
op_platformtimeor,4.4053532607574374e-07
op_mechanismareto,4.3901994362389935e-07
op_sztmpfile,4.3709555295237386e-07
op_lptempfilename,4.3572086459919396e-07
op_monitortapoff,4.3444258864482764e-07
op_xorigindest,4.3388908371356553e-07
op_dir,4.3188591029765037e-07
op_messagenumber,4.304121213731414e-07
op_alsourceplay,4.298678107213547e-07
op_wmovebufout,4.273057154160919e-07
op_applypatchtofilebyhandlesex,4.2392031423385894e-07
op_utlogevent,4.234695412903121e-07
op_setproductname,4.22800908281208e-07
op_resultpath,4.217377601115353e-07
op_fregdisplay,4.2082686260690227e-07
op_enhanceuniform,4.205891701117755e-07
op_nlogtype,4.198777028982196e-07
op_localizegetlangid,4.174050127901187e-07
op_drawbox,4.170644814199147e-07
op_makethumbnail,4.155878858721685e-07
op_crows,4.1336258310323684e-07
op_flagsfilenameex,4.1136809966910875e-07
op_netlong,4.060854896631626e-07
op_pintypes,4.030110812000092e-07
op_dstsize,4.0150671797476033e-07
op_ppbc,4.0107949337828486e-07
op_javalatertheusedmechanism,3.9949692780453187e-07
op_lptm,3.988075853534713e-07
op_lplong,3.987224167508031e-07
op_jgaqueryaudioencode,3.983964297607896e-07
op_ptargetvers,3.9804210593603175e-07
op_steamenumerateappdependency,3.9585870130263873e-07
op_cphashdata,3.951635474726163e-07
op_ytop,3.9498600825166433e-07
op_pbcertencoded,3.941194587598413e-07
op_envstring,3.932560340785391e-07
op_hwinposinfo,3.9286783038009853e-07
op_newvalue,3.874936197771436e-07
op_migrateuserthread,3.8424223719179575e-07
op_uelapse,3.7651967790310566e-07
op_htemplatefile,3.729467844696185e-07
op_istream,3.729439326667973e-07
op_statusmonitor,3.724076803740384e-07
op_retval,3.6900035190052497e-07
op_servicestatus,3.664021335562784e-07
op_phdbwdeletefolderex,3.645937286598123e-07
op_cdims,3.6340912945555625e-07
op_maywwwa,3.629983524344486e-07
op_vdkassistfind,3.629482637901319e-07
op_scriptitemize,3.6232372971843773e-07
op_glutsolidoctahedron,3.592516678354743e-07
op_chtext,3.561578008123382e-07
op_pvfindpara,3.549468896793002e-07
op_platformlaterintointerfacesthe,3.5276476773291005e-07
op_technologiesoutside,3.505935645340586e-07
op_setcaption,3.504093007964758e-07
op_subblock,3.497043834208609e-07
op_gzseek,3.473842410617942e-07
op_fileprefix,3.473721261241687e-07
op_steamissubscribed,3.473671836922838e-07
op_szotherstuff,3.4057793815115767e-07
op_ldap,3.3748330661158897e-07
op_dwinfocolumn,3.36516440366571e-07
op_tclinitcompiledlocals,3.3550012914621265e-07
op_cbmaxclasslen,3.35105610559804e-07
op_pimageinfo,3.301314191043243e-07
op_rarsetchangevolproc,3.278473492294994e-07
op_dwrowsdiscard,3.24946029129837e-07
op_lpfiletime,3.2393043858767137e-07
op_uidenableitem,3.23743846272138e-07
op_thetheversion,3.219252793593622e-07
op_init,3.158934571601705e-07
op_translated,3.137544782086642e-07
op_uvalue,3.044777607828432e-07
op_cpgetprovparam,3.03199776600673e-07
op_cstdpsfactorybuffer,2.9218129538822866e-07
op_left,2.9082289615803303e-07
op_bprevious,2.8716073327177846e-07
op_overrideaon,2.8591888652955493e-07
op_phas,2.8532487198216626e-07
op_iuagwws,2.830607232410736e-07
op_scriptgetglyphabcwidth,2.781134743254155e-07
op_wcx,2.7803036270399656e-07
op_updateoutsideaincludedtechnologies,2.7288540994630137e-07
op_pfnseek,2.712418304706022e-07
op_launchuninstallcmds,2.6958424227416836e-07
op_pigetvaluedword,2.6952844426978044e-07
op_traceinvocationshandler,2.693039957513772e-07
op_finstremoveabledrive,2.6917824886079917e-07
op_rmacreatermbuildengine,2.679901344442844e-07
op_yogmamm,2.678750593269938e-07
op_setdaysuntilexpiry,2.668536218985336e-07
op_punk,2.6578835988823107e-07
op_pcchpath,2.6516434376793527e-07
op_implementthe,2.649611452820652e-07
op_poctets,2.6478720588638425e-07
op_scriptiscomplex,2.6384141988780305e-07
op_bmi,2.6382816416971513e-07
op_spellerterminate,2.5751737685035935e-07
op_memcmp,2.5711937780343005e-07
op_rgcolumns,2.5531740458636586e-07
op_glutbitmaplength,2.5008139650014723e-07
op_ppvobject,2.460390929890947e-07
op_cbsid,2.3781025530274528e-07
op_iescape,2.1934662816969716e-07
op_glboolean,2.1779555398350318e-07
op_agauixa,2.170519557324438e-07
op_hstmt,1.8477617311989696e-07
op_seed,1.8007912546830404e-07
op_isinstance,1.765991814468642e-07
op_iusage,1.628343093180191e-07
op_ppidllast,1.588392002836412e-07
op_context,1.5341786478510617e-07
op_irpcstubbuffer,1.2665145783254104e-07
op_szid,1.263130780489311e-07
op_lpdwdisposition,1.2094904930617303e-07
op_propertybuffer,1.1541144568869611e-07
op_dwoptions,1.1351761963284282e-07
op_defaultsoftware,1.10924416436814e-07
op_cbmaxvaluelen,1.0842830756269481e-07
op_httpofendorsedof,8.596989601910366e-08
op_used,7.99233923973353e-08
op_berase,7.801391346651585e-08
op_previousstate,7.316318543555054e-08
op_baseofdll,7.266031478572776e-08
op_thatorpackagestoincluding,6.456797884304672e-08
op_oftotimeincludedoverride,6.422157703128756e-08
op_hbm,5.152094193179326e-08
op_correspondthe,5.1055299856301654e-08
op_hsz,2.719619178214723e-08
op_hdesktop,2.2192913332280468e-08
op_taskprebindingkoffice,2.036235926132298e-08
op_szfullpath,1.9563698510807013e-08
op_classnamesize,1.800157466248137e-08
op_standardsmoretotheoverride,9.339244171599091e-09
op_all,4.677643819427119e-09
op_taskschemasystem,4.6430308857743916e-09
op_keyname,4.33314916241668e-09
op_mutexattributes,2.312868745348005e-09
op_binitialowner,1.477440628112094e-09
op_mapifindnext,1.1313437928009083e-09
op_endorsedandintimeplatform,7.35338001987427e-10
op_pdwhandlecount,3.026270258103316e-10
op_interrupt,1.7274625628960946e-10
op_currentchar,9.92892255143144e-11
op_lpszsrc,2.401683591397153e-11
op_reserved,1.013963541499856e-16
op_lpszstart,3.574430005849955e-18
op_nsgetmodule,3.1104665535630036e-18
op_getcontextid,2.574053173634433e-18
op_bownerdefaulted,1.8829045164119017e-18
op_strncmp,1.731578016199968e-18
op_destroy,7.396800478589847e-19
op_chttpparser,5.980821794277894e-19
op_createdrsobject,5.912068036777246e-19
op_lpcursorname,4.882443913056163e-19
op_onstandaloneofarecommunity,3.9480950436560497e-19
op_fltgetdimension,3.6324757376930863e-19
op_dndevinst,3.558250478882785e-19
op_extaddnames,3.347592553249001e-19
op_integervalue,2.4044847582594088e-19
op_ctrltype,2.353946775389923e-19
op_numoperations,2.2028244263794174e-19
op_hscmanager,2.1114033399644608e-19
op_dwlinenumber,2.0300803037213566e-19
op_lpprotocolinfo,1.855689907569001e-19
op_hbit,1.8059913191080262e-19
op_hemf,1.589082112720395e-19
op_lpto,1.5268461463238993e-19
op_jgseendstream,1.4614474162586206e-19
op_cjbuffer,1.4470760491723413e-19
op_dhcpqeccallback,1.4390846535880468e-19
op_pptl,1.4279038816081661e-19
op_thatwhereby,1.3253091980774637e-19
op_that,1.2780236894535357e-19
op_dgifgetcodenext,1.2655484113817433e-19
op_pwfx,1.137851536473455e-19
op_errmsg,1.108248668042818e-19
op_pdefault,1.1024348887464508e-19
op_versionofupdateorplatform,1.0482687480251888e-19
op_steamgetappcachesize,1.0273077420974815e-19
op_tclhideliteral,9.844992221331684e-20
op_cstring,9.202523778764457e-20
op_egldestroycontext,9.059640915179291e-20
op_jgatdup,8.657838447459356e-20
op_nserverport,8.60602704364952e-20
op_rtc,8.580450914906293e-20
op_gztell,8.492289408923175e-20
op_points,8.258914931791471e-20
op_pchainpara,8.117671341700262e-20
op_request,7.940160570503011e-20
op_symbolpath,7.912405180846194e-20
op_final,7.833636266494577e-20
op_omniobjref,7.52090453531819e-20
op_lpnumberstr,7.482379836969656e-20
op_punknown,7.343253477289466e-20
op_handlerroutine,7.238371873919173e-20
op_ppimfsample,7.230026577718018e-20
op_dgifgetextension,7.157988582334667e-20
op_addressofnames,7.055529265706896e-20
op_caltype,7.022792707707468e-20
op_icol,6.998729940438955e-20
op_often,6.95025526047222e-20
op_infcontext,6.790964367612834e-20
op_prgliteralinfo,6.750819559528062e-20
op_pdecin,6.715396800126777e-20
op_gluttabletmotionfunc,6.639498313203948e-20
op_includingintoendorsedprocess,6.576324010076744e-20
op_lppaint,6.4210460333541e-20
op_qtmoviepause,6.340200533611924e-20
op_endorsedstandardsorstandaloneplatform,6.332992889212645e-20
op_glutgamemodestring,6.252880794687041e-20
op_notesintfcgetnoteshnote,6.222891306396069e-20
op_utaddtogroup,6.162846361263545e-20
op_endorsedcommunitythe,6.006765082830238e-20
op_dialogtitle,5.974736210959962e-20
op_calloc,5.917611530543296e-20
op_compressiontype,5.824724807415349e-20
op_rainitdecoder,5.764080922008051e-20
op_dos,5.754939335598832e-20
op_lpszdst,5.637229124870442e-20
op_phcard,5.591379084517475e-20
op_dwexitcode,5.46868025326724e-20
op_szdst,5.2740279697296244e-20
op_tkmakebezierpostscript,5.230017839907666e-20
op_tkovaltoarea,5.184440597094622e-20
op_rgbdiaginfo,5.1641002884502345e-20
op_dwdispid,4.7467434280526703e-20
op_green,4.599890397353181e-20
op_jcpfromwherebyit,4.5462530025393685e-20
op_queuehandle,4.379144468286791e-20
op_hspfilelog,4.113273297961432e-20
op_isspace,4.0650466571630456e-20
op_lpcbmaxclasslen,3.967470940006204e-20
op_mapiallocatebuffer,3.9638784280681625e-20
op_xsrc,3.9557942206612487e-20
op_pcwritten,3.875937284895864e-20
op_tobetostandardswww,3.8723457582336026e-20
op_nedpcalloc,3.5547555436898754e-20
op_lpszprogid,2.959954259805254e-20
op_eglquerysurface,2.845857690374365e-20
op_pszfile,2.7418199701383837e-20
op_versionsincludingjava,2.5194411523049114e-20
op_andmore,2.494514601775996e-20
op_outputstring,2.4224778083550622e-20
op_dllregisterdesigner,2.381859153900284e-20
op_puserdata,2.3661621941195617e-20
op_biblocksmithdeleteimpl,2.0273671538359938e-20
op_dgifgetextensionnext,2.0112027460533825e-20
op_informationbeinintocreated,1.924333000540742e-20
op_pgroup,1.7968466862286205e-20
op_totechnologies,1.773916470130314e-20
op_updatemechanisminformationtoincluded,1.7657307379378743e-20
op_orderthetotechnologies,1.7460540045121404e-20
op_ofareithttpversion,1.5379234911439775e-20
op_fscsetudlsecurity,1.4901981276807043e-20
op_eglqueryapi,1.4549963059612962e-20
op_lateroverridepackages,1.4306107623723842e-20
op_phview,1.3863035172833166e-20
op_deletedrvregkey,1.1122287696011797e-20
op_maysmpackagesplatformthat,1.104424849632077e-20
op_bstrright,1.0785048322450495e-20
op_setrequiredoption,1.0048176570456511e-20
op_pathresult,9.91726075147406e-21
op_wdest,9.55200375510568e-21
op_timesm,9.525196960502581e-21
op_blue,9.445868440843181e-21
op_cruntimeclass,9.03763448073158e-21
op_isadminmode,8.98701050442922e-21
op_fdwopen,8.975520648097516e-21
op_appname,8.902074952134214e-21
op_ulsonympegeditcoreend,8.812760194164412e-21
op_sqlgetinstalleddrivers,8.719910337116773e-21
op_ulsonympegeditcoreenddecomposer,8.554073357739801e-21
op_beinitstream,8.448467513817086e-21
op_pszcmdline,8.371950752583694e-21
op_dcb,8.144214080559922e-21
op_pstubmsg,8.13286398859889e-21
op_wmsgfiltermax,8.025031559632472e-21
op_cjin,7.787451536981434e-21
op_msirt,7.746052713295138e-21
op_toplatformtheinor,7.470281791986261e-21
op_platformsmformay,7.201911207116186e-21
op_xright,6.657242182755563e-21
op_imagefilepath,6.585400034894996e-21
op_pace,6.561455563108995e-21
op_accgeterrorinfo,6.54901826271237e-21
op_perrinfo,6.4549998227370325e-21
op_pathname,6.4524367884436514e-21
op_drvfbenddoc,6.256067344572081e-21
op_hdata,6.250108780378257e-21
op_dllgetclassobject,6.209382831621515e-21
op_pdbfilename,5.96213011646433e-21
op_cchsqlstrmax,5.712456806417673e-21
op_pdata,5.6719799976654124e-21
op_eappeerqueryinteractiveuiinputfields,5.667533371747476e-21
op_ppbuserblob,5.525224829121907e-21
op_ulsonympegeditcorestart,5.50258799292068e-21
op_urlcomponents,5.474437772816938e-21
op_uiremovebycreatorid,5.456194409324772e-21
op_msihandle,5.313751098271217e-21
op_tclhandlecreate,5.241581854574087e-21
op_platformtechnologytime,5.2289361623969506e-21
op_fileinformation,5.095845265097318e-21
op_jgatend,4.985479347650039e-21
op_cdumpcontext,4.901054920609385e-21
op_lpbuf,4.7408743446701824e-21
op_pguid,4.7144654292276324e-21
op_pauthzsvc,4.711310043797646e-21
op_tclsockgetport,4.699000934679899e-21
op_classguid,4.662094026838581e-21
op_tcllistobjsetelement,4.611015576658123e-21
op_aceinitdelayed,4.576163975111957e-21
op_phwo,4.5204174294679346e-21
op_dwrowsmove,4.471315764571652e-21
op_dwpipemode,4.4244532676058e-21
op_uidevent,4.401639687875146e-21
op_systime,4.361892481854343e-21
op_pac,4.317820243248764e-21
op_plout,4.296907264434428e-21
op_callbackcontext,4.2314494862353114e-21
op_messagebeepp,4.213418630897929e-21
op_first,4.199964594192662e-21
op_omniorb,4.197901672189344e-21
op_cmgetcorepath,4.152036982469625e-21
op_wctab,4.0916386615763354e-21
op_setdevinterfname,4.0688269354248435e-21
op_szvalue,4.066861943154615e-21
op_pmt,4.0561900709148336e-21
op_cpsethashparam,4.0220779171947046e-21
op_pcbbytesneeded,3.9919861461944305e-21
op_notesfriendlyinit,3.941462036517717e-21
op_backlog,3.879163155851711e-21
op_logon,3.8448382437968066e-21
op_convertyuvtorgb,3.8149320233418235e-21
op_tclgetlong,3.715070438170268e-21
op_accessmask,3.643977655475524e-21
op_steamgetappdependencies,3.601033448247711e-21
op_utimerid,3.589907203941404e-21
op_line,3.582579056964519e-21
op_isinteractivewindowstation,3.493489739125098e-21
op_nmaxcount,3.462259236628566e-21
op_pfnfree,3.213214668823881e-21
op_alcsuspendcontext,3.2104509840224344e-21
op_lpsrch,3.181504928078845e-21
op_steamresumecachepreloading,3.1790626512060877e-21
op_pdm,3.144878092517497e-21
op_setchromaresamplingmode,3.139172082918801e-21
op_pimplevel,2.9520031669196238e-21
op_memmove,2.9161948254872193e-21
op_toa,2.8361349489252535e-21
op_eventattributes,2.8060067550476954e-21
op_grantedaccess,2.6963653197384276e-21
op_testapplypatchtofilebyhandles,2.6770636396635505e-21
op_ppshf,2.5590129437453306e-21
op_steamenumerateapp,2.5374151836889495e-21
op_strlen,2.5306284554425022e-21
op_pdataout,2.5185643319532044e-21
op_bytesread,2.3851118980495704e-21
op_dwlogonprovider,2.285684538139785e-21
op_jgaqueryaudiodecode,2.2795606460123635e-21
op_cchsize,2.2536243588590503e-21
op_lplogfont,2.238763894547013e-21
op_albufferdata,2.238556120359205e-21
op_hmxobj,2.2239807279541244e-21
op_nz,2.1983310675669147e-21
op_to,2.143735019316929e-21
op_cbcoldef,2.1245046896646358e-21
op_tclobjcommandcomplete,2.110677061497744e-21
op_tclcreateproc,2.1039832448666872e-21
op_lpszlabels,2.09239340335479e-21
op_steamseekfile,2.0771919214168538e-21
op_drvfbupdatepinfo,2.0504548634715607e-21
op_devmodea,1.9820207263283677e-21
op_directoryentry,1.9591654862552875e-21
op_hexadd,1.832039714048273e-21
op_raclosecodec,1.8292621888439448e-21
op_hwo,1.7951100645620732e-21
op_prgicoffsets,1.7901589885849186e-21
op_removemodem,1.7806421836729967e-21
op_gzread,1.749729050198556e-21
op_vdkassistbrowse,1.7411093685976615e-21
op_extinvokecommand,1.7253911905299328e-21
op_hrgnupdate,1.7018819337203685e-21
op_fptc,1.694379357765346e-21
op_ppunkmarshal,1.6375231936406397e-21
op_pathgetfile,1.6319418391480761e-21
op_dwmessage,1.6187656215209058e-21
op_searchfilter,1.592217222653406e-21
op_binherithandles,1.5149093482962453e-21
op_lpdwsize,1.4948775735645927e-21
op_ntimeout,1.439837600883111e-21
op_threadparameter,1.4389153865381745e-21
op_dwdescribe,1.4247519121407867e-21
op_cbitspixel,1.3641854243717378e-21
op_free,1.3501825534668908e-21
op_rgbvalue,1.306130815712259e-21
op_buffersize,1.281612747932269e-21
op_idevnum,1.2794624163074756e-21
op_pmemory,1.2518873071992134e-21
op_tclobjbeingdeleted,1.116827068079278e-21
op_ulsonympegeditcorenextsegment,1.093523131340478e-21
op_msiinstalljdk,1.0898109940315954e-21
op_dwinfobegin,1.0719064845255291e-21
op_unzgetglobalcomment,1.0596875504020286e-21
op_phdbwupdatefile,9.827420442876118e-22
op_inflatesyncpoint,9.79292737068836e-22
op_pcbbuffer,9.782526914636534e-22
op_cmsinfoapp,9.706724218333564e-22
op_lowmodulec,9.704366418349276e-22
op_defused,9.594875493818017e-22
op_sqlinstalldriver,9.558468073295337e-22
op_bwatchsubtree,9.553303335920438e-22
op_ibscale,9.498046776739847e-22
op_memcpy,9.439981096061304e-22
op_dlladdref,9.278345274195968e-22
op_tutlexlongjmperrorfunc,9.275964587204796e-22
op_vdkkbopen,8.709300405553838e-22
op_rgpwszdesturls,8.076157768598612e-22
op_pwszdevice,7.910586849184014e-22
op_tkthickpolylinetoarea,7.873878306472207e-22
op_pvcontext,7.181523769259631e-22
op_lphandles,7.123360597725774e-22
op_idobject,7.055223964353814e-22
op_scriptfreecache,6.996563530847623e-22
op_updateprovidesincorporatedintolater,6.973898665050755e-22
op_cmsetpcidentifier,5.66756564919229e-22
op_grc,5.407659268223551e-22
op_dumpblocks,5.32112090129297e-22
op_shared,5.25851939104467e-22
op_srcwidth,5.149172773912578e-22
op_ccmdtarget,5.137786051605567e-22
op_puicontextdata,5.066005142959455e-22
op_chcount,4.828159740292899e-22
op_bibinitialize,4.784670893459468e-22
op_rndispatchbrowserevent,4.5725863891579295e-22
op_pudateout,2.672570854323801e-22
op_deflateparams,2.371906058420539e-22
op_pprowset,0.0
op_lpupgradecode,0.0
op_copyinffiles,0.0
op_dwselectargdlgproc,0.0
op_psrcdataobject,0.0
op_dwsaveasascii,0.0
op_pcbdescbuffer,0.0
op_dwextrainfo,0.0
op_extra,0.0
op_rgpropertysets,0.0
op_ppdataobj,0.0
op_cbindings,0.0
op_deleteotherdevice,0.0
op_pps,0.0
op_hrerror,0.0
op_fstyle,0.0
op_cpropertysets,0.0
op_pperrorinforem,0.0
op_pfnwineventproc,0.0
op_fscaddfilesecurity,0.0
op_ppdescbuffer,0.0
op_fscdeletefilesecurity,0.0
op_fscsetfileattributes,0.0
op_psrcdataobj,0.0
op_potheroptions,0.0
op_rgdwstatus,0.0
op_iteratecabinet,0.0
op_ppdbsession,0.0
op_removedisabledmodem,0.0
op_ppconfigdoc,0.0
op_deleteltmodeminffile,0.0
op_ppview,0.0
op_ppsession,0.0
op_pccolumns,0.0
op_dwcontrolflags,0.0
op_ppobject,0.0
op_wdmdeletedevice,0.0
op_rgparamordinals,0.0
op_pcbindings,0.0
op_cjinput,0.0
op_prgpropertysets,0.0
op_prgbindings,0.0
op_lpnamebuffer,0.0
op_lpmachinename,0.0
op_servicename,0.0
op_pcpropertysets,0.0
op_findcomfrominffile,0.0
op_szdevicename,0.0
op_gethardwareid,0.0
op_ymsgconferenceuser,0.0
op_getinfbypci,0.0
op_registerprinter,0.0
op_unregisterprinter,0.0
op_prgdescoffsets,0.0
op_enumprinters,0.0
op_printerstate,0.0
op_initializenetworkplugin,0.0
op_pcoffsets,0.0
op_isoflags,0.0
op_removentservice,0.0
op_ntgetinf,0.0
op_infclass,0.0
op_pwszstatustext,0.0
op_terminatenetworkplugin,0.0
op_perrorinfo,0.0
op_getmultihardwareid,0.0
op_getnexthardwareid,0.0
op_isolevel,0.0
op_eappeerinvokeconfigui,0.0
op_setmodemtype,0.0
op_removeport,0.0
op_dwinfoline,0.0
op_dwgetnotifyargs,0.0
op_dwfindrequired,0.0
op_dwinfoole,0.0
op_dwinfooval,0.0
op_dwfitcolumn,0.0
op_dwexprvalidate,0.0
op_dwexprdialog,0.0
op_cdbservice,0.0
op_dwdefaultargsfree,0.0
op_dwdefaultargs,0.0
op_rgbindings,0.0
op_pcbi,0.0
op_dwgraphsortcmp,0.0
op_dwsyntaxfromsql,0.0
op_dwsyntaxfromdesc,0.0
op_cwmcomtypeinfoholder,0.0
op_cwmmodule,0.0
op_dwwakemask,0.0
op_dwstylechange,0.0
op_isnpssupport,0.0
op_rebootdownmode,0.0
op_isvalidmodellib,0.0
op_dwgeneratehtmlform,0.0
op_dwcontrolstyle,0.0
op_dwcontrolstyledlgproc,0.0
op_dwcrosstabdef,0.0
op_dwcrosstabdefdynamic,0.0
op_dwcrosstabsortcmp,0.0
op_dwcrosstabbuildmodel,0.0
op_dwdragobjectdestroy,0.0
op_dwcrosstabmodifydynamic,0.0
op_dwdragobjectcreate,0.0
op_dwcrosstabmodifystatic,0.0
op_ebdebugger,0.0
op_dwsetdetailheight,0.0
op_ping,0.0
op_splashsetfilejarname,0.0
op_dwclienttoobject,0.0
op_dwmodifyexprdlgproc,0.0
op_splashinit,0.0
op_splashclose,0.0
op_dwsyntaxfree,0.0
op_splashloadfile,0.0
op_splashloadmemory,0.0
op_dwcrosstabdlgproc,0.0
op_dwcrosstabdlg,0.0
op_dwstoragedump,0.0
op_prejvmstart,0.0
op_dwinfoend,0.0
op_lpramp,0.0
op_pstg,0.0
op_dwinfofunctions,0.0
op_ptrusteename,0.0
op_getigtbsettings,0.0
op_rgpropstatus,0.0
op_ptableid,0.0
op_hchapter,0.0
op_cpropertyidsets,0.0
op_prowset,0.0
op_getbinaryloader,0.0
op_ulrecordnum,0.0
op_pcrefcount,0.0
op_ereason,0.0
op_isigearedtoolbarinstalledonff,0.0
op_xhotspot,0.0
op_yhotspot,0.0
op_isigearedtoolbarinstalledonie,0.0
op_pvandplane,0.0
op_igearedtoolbarenabled,0.0
op_igearedtoolbarexists,0.0
op_dwcontrolinfo,0.0
op_pvxorplane,0.0
op_unregisterigearedtoolbar,0.0
op_dwinfogetfirstcolumn,0.0
op_dwinfogetnextcolumn,0.0
op_getdllversion,0.0
op_dwinfogetdwwidth,0.0
op_getmodeltype,0.0
op_dwinfogetfirstobject,0.0
op_dwinfogetnextobject,0.0
op_dwinfogetobjecttype,0.0
op_iproductindex,0.0
op_productbuf,0.0
op_dwinfograph,0.0
op_dwinfodatawindow,0.0
op_fdprealloc,0.0
op_dwinfobitmap,0.0
op_createscripttab,0.0
op_dwinfoblob,0.0
op_pclientsite,0.0
op_resultcallback,0.0
op_fbypositon,0.0
op_dwinfobutton,0.0
op_dwinfocompute,0.0
op_cchnumber,0.0
op_dwinfocrosstab,0.0
op_hsection,0.0
op_dwinfogroupbox,0.0
op_imgetextension,0.0
op_imgetdirectory,0.0
op_imsetstring,0.0
op_imsetdword,0.0
op_imsetname,0.0
op_imsetprerequisites,0.0
op_cmsetcomport,0.0
op_cmconvertstringtocreatorid,0.0
op_rgbbk,0.0
op_cmgetcreatortype,0.0
op_cmsetcreatorargument,0.0
op_cmgetcreatormodule,0.0
op_cmsetcreatormodule,0.0
op_cmgetcreatorinfo,0.0
op_cmgetpcidentifier,0.0
op_cmgetnotifierdll,0.0
op_cmsetnotifierdll,0.0
op_cmconvertcreatoridtostring,0.0
op_pigethotsyncvaluestring,0.0
op_pisethotsyncvaluestring,0.0
op_pigethotsyncvaluedword,0.0
op_pisethotsyncvaluedword,0.0
op_pigetvaluestring,0.0
op_pisetvaluestring,0.0
op_pisetvaluedword,0.0
op_cmremoveconduitbyname,0.0
op_imgetmask,0.0
op_imsetmask,0.0
op_imsetextension,0.0
op_imsetdirectory,0.0
op_imunregisterid,0.0
op_imregisterid,0.0
op_imregister,0.0
op_cmgetconduitcreatorid,0.0
op_imgetmodule,0.0
op_imsetmodule,0.0
op_testrtn,0.0
op_getcoinstid,0.0
op_closearwindow,0.0
op_hsfcoinstaller,0.0
op_spusetvolumel,0.0
op_spusetpitch,0.0
op_spuupdate,0.0
op_cmsetcreatorpriority,0.0
op_cmgetbackupconduit,0.0
op_cmremoveconduitbycreatorid,0.0
op_cmgetconduitcount,0.0
op_cminstallcreator,0.0
op_cminstallconduit,0.0
op_ppeditor,0.0
op_relativekeyroot,0.0
op_cmsetcreatordirectory,0.0
op_cmgetcreatorfile,0.0
op_cmgetconduitbycreator,0.0
op_cmsetbackupconduit,0.0
op_cmgetcomport,0.0
op_cmgetcreatorvaluestring,0.0
op_cmsetcreatorvaluestring,0.0
op_cmsetcreatorvaluedword,0.0
op_cmgetlibversion,0.0
op_cmgetcreatoridlist,0.0
op_cmsethotsyncexecpath,0.0
op_coinstallerentry,0.0
op_cmsetcorepath,0.0
op_uigetcreatormodule,0.0
op_uisetcreatormodule,0.0
op_uiinstallcreator,0.0
op_uigetcreatorid,0.0
op_uigetcreatoridlist,0.0
op_uigetcount,0.0
op_cmgetcreatorregpath,0.0
op_cmgethotsyncexecpath,0.0
op_getinstanceid,0.0
op_markinstanceanddescendants,0.0
op_getrootdevicefrominstance,0.0
op_setuppnpinstance,0.0
op_debugmessage,0.0
op_isnt,0.0
op_convertvaluetostringlist,0.0
op_waitformultipleobjectswmsgloop,0.0
op_uisetcreatordirectory,0.0
op_nativewcharcodesethandler,0.0
op_nativecharcodesethandler,0.0
op_corba,0.0
op_waitforpnp,0.0
op_findprinterinstance,0.0
op_deletepnpinstance,0.0
op_nmfind,0.0
op_nmgetcount,0.0
op_omniasyncinvoker,0.0
op_atlcreateregistrar,0.0
op_atlwinmoduleregisterwndclassinfoa,0.0
op_atlwinmoduleregisterclassexa,0.0
op_startnvse,0.0
op_hardwareid,0.0
op_checkifnewerdriverversion,0.0
op_installdriver,0.0
op_processmovedata,0.0
op_getnacparameters,0.0
op_getprogfilesdir,0.0
op_readregistryentries,0.0
op_launchinstallcmds,0.0
op_launchpostcls,0.0
op_launchprecls,0.0
op_getconnectiontypeandputindesc,0.0
op_getprinterfriendlyname,0.0
op_getprinterportid,0.0
op_checkbasicrequirements,0.0
op_finfolevelid,0.0
op_pvardest,0.0
op_makeregistryentries,0.0
op_deleteregistryentries,0.0
op_isbinariesavailable,0.0
op_lpdirectoryname,0.0
op_isdisktoofull,0.0
op_checkprivelages,0.0
op_nmunregister,0.0
op_getolddriverversion,0.0
op_uigetcreatorstring,0.0
op_uisetcreatorstring,0.0
op_uigetcreatordword,0.0
op_uisetcreatordword,0.0
op_uigetcreatorfile,0.0
op_uisetcreatorfile,0.0
op_uigetcreatordirectory,0.0
op_isossupported,0.0
op_nmregister,0.0
op_imgetstring,0.0
op_imgetdword,0.0
op_imgetprerequisites,0.0
op_imgetname,0.0
op_coprahncui,0.0
op_convertdvdtodivxsubtitle,0.0
op_parseifo,0.0
op_idprocess,0.0
op_aollaunchentry,0.0
op_servicehostentry,0.0
op_winampvisgetheader,0.0
op_nmgetbyindex,0.0
op_getnewdriverversion,0.0
op_postinstallwork,0.0
op_downlevelverifyscripts,0.0
op_downlevelgetstringscripts,0.0
op_downlevelgetlocalescripts,0.0
op_eetrace,0.0
op_pcliteralinfo,0.0
op_rgliterals,0.0
op_cliterals,0.0
op_ppsourcesrowset,0.0
op_rgproperties,0.0
op_prginfo,0.0
op_ppcolrowset,0.0
op_pulprogressmax,0.0
op_cmsetcreatorfile,0.0
op_hrstatus,0.0
op_ppcharbuffer,0.0
op_pcbcharbuffer,0.0
op_prgiscoffsets,0.0
op_prglvoffsets,0.0
op_cserver,0.0
op_delim,0.0
op_phaccessor,0.0
op_pulprogress,0.0
op_dll,0.0
op_forwarder,0.0
op_dwconvertflags,0.0
op_wtotype,0.0
op_wfromtype,0.0
op_ccolumns,0.0
op_dwpositionflags,0.0
op_ppspecification,0.0
op_cexpectedruns,0.0
op_dllimagebase,0.0
op_rgoptcolumns,0.0
op_ppnamesbuffer,0.0
op_pcbnamesbuffer,0.0
op_prgparaminfo,0.0
op_pcparams,0.0
op_ppwszcommand,0.0
op_pguiddialect,0.0
op_iordinal,0.0
op_datasize,0.0
op_interval,0.0
op_uuidseed,0.0
op_uuiddeltatime,0.0
op_returnedlength,0.0
op_linktarget,0.0
op_allocatedstring,0.0
op_dosname,0.0
op_cbrowsize,0.0
op_ppstringsbuffer,0.0
op_pauthenticate,0.0
op_dwlookupid,0.0
op_pindexid,0.0
op_eoperation,0.0
op_fcantdeny,0.0
op_ephase,0.0
op_rgstatus,0.0
op_pcrowsaffected,0.0
op_pdwbindstatus,0.0
op_dwbindurlflags,0.0
op_ppoptions,0.0
op_moduleimagebase,0.0
op_procedurename,0.0
op_resultlength,0.0
op_unicodestring,0.0
op_desiredaccess,0.0
op_avggetuid,0.0
op_iostatusblock,0.0
op_keyhandle,0.0
op_oemstring,0.0
op_length,0.0
op_byteoffset,0.0
op_sectionoffset,0.0
op_sectionhandle,0.0
op_baseaddress,0.0
op_keyinformation,0.0
op_sourcestring,0.0
op_entry,0.0
op_res,0.0
op_ld,0.0
op_spufreeze,0.0
op_spuregistercddavolume,0.0
op_spuregistercallback,0.0
op_spureaddmamem,0.0
op_spuwritedmamem,0.0
op_pwchar,0.0
op_spureaddma,0.0
op_spureadregister,0.0
op_spuclose,0.0
op_spuopen,0.0
op_spuinit,0.0
op_spuplaycddachannel,0.0
op_spuplayadpcmchannel,0.0
op_psegetlibversion,0.0
op_spuwritedma,0.0
op_cmgetcreatorname,0.0
op_cmsetcreatorname,0.0
op_cmgetcreatorintegrate,0.0
op_cmsetcreatorintegrate,0.0
op_cmgetcreatorpriority,0.0
op_cmsetcreatorinfo,0.0
op_cmgetcreatortitle,0.0
op_cmsetcreatortitle,0.0
op_hdrawdib,0.0
op_cmsetcreatoruser,0.0
op_cmgetcreatorremote,0.0
op_cmsetcreatorremote,0.0
op_cmgetcreatordirectory,0.0
op_spuwriteregister,0.0
op_cexplorertreeitem,0.0
op_cavtreeitem,0.0
op_pldapsearch,0.0
op_cmgetcreatoruser,0.0
op_punkcustomerror,0.0
op_prgschemas,0.0
op_pcschemas,0.0
op_rgrestrictions,0.0
op_crestrictions,0.0
op_rguidschema,0.0
op_supportsadvancedrendering,0.0
op_pdwresult,0.0
op_psegetlibtype,0.0
op_ppfactory,0.0
op_lpdevmode,0.0
op_displaydevice,0.0
op_winlogonunlockevent,0.0
op_totalcount,0.0
op_attributelist,0.0
op_fusound,0.0
op_ldapmessage,0.0
op_wid,0.0
op_psegetlibname,0.0
op_spusetvolumer,0.0
op_spugetone,0.0
op_spurender,0.0
op_spuasync,0.0
op_spuabout,0.0
op_spuconfigure,0.0
op_sputest,0.0
op_pperrorinfo,0.0
op_ppcolumnid,0.0
op_pcolumndesc,0.0
op_pptableid,0.0
op_rgcolumndescs,0.0
op_ccolumndescs,0.0
op_ppindexid,0.0
op_ppwszstatustext,0.0
op_peasynchphase,0.0
op_installtvwizard,0.0
op_spushutdown,0.0
op_cpderivekey,0.0
op_cpsetprovparam,0.0
op_cpreleasecontext,0.0
op_cpgenkey,0.0
op_cpcreatehash,0.0
op_cpencrypt,0.0
op_cpdecrypt,0.0
op_atlcalltermfunc,0.0
op_changestorepassword,0.0
op_processenrollmentresponse,0.0
op_buildenrollmentmessage,0.0
op_buildrenewalmessage,0.0
op_cpimportkey,0.0
op_cpgetuserkey,0.0
op_cpacquirecontext,0.0
op_okuorigineprint,0.0
op_upgradeepftopstore,0.0
op_pszdevice,0.0
op_pszdriver,0.0
op_lptimerfunc,0.0
op_pb,0.0
op_lprgndata,0.0
op_jgadecodeaudio,0.0
op_jgadestroyaudiodecode,0.0
op_dtoa,0.0
op_cpdestroyhash,0.0
op_eaccess,0.0
op_cpsetkeyparam,0.0
op_cpgetkeyparam,0.0
op_cpexportkey,0.0
op_cpgenrandom,0.0
op_cpdestroykey,0.0
op_cpverifysignature,0.0
op_cpsignhash,0.0
op_freedtoa,0.0
op_setinstalldate,0.0
op_showpromptdialog,0.0
op_binkuyvy,0.0
op_startshell,0.0
op_shutdown,0.0
op_unlock,0.0
op_startup,0.0
op_privs,0.0
op_serializelicense,0.0
op_readlicensefromfile,0.0
op_cphashsessionkey,0.0
op_cpgethashparam,0.0
op_lpszstructtype,0.0
op_uitem,0.0
op_hmnu,0.0
op_pcbusage,0.0
op_deserializelicense,0.0
op_lpeventdata,0.0
op_princname,0.0
op_page,0.0
op_authnlevel,0.0
op_dwstrtype,0.0
op_pstoretoepf,0.0
op_hbrfore,0.0
op_ldata,0.0
op_removeoldwarningtimes,0.0
op_pcbparamdef,0.0
op_supported,0.0
op_dllregisterserverex,0.0
op_vdkassistbrowsefree,0.0
op_writelicensetofile,0.0
op_formatlicensetext,0.0
op_iswarningdue,0.0
op_getcurrentlicensestate,0.0
op_levent,0.0
op_docinfoa,0.0
op_pwi,0.0
op_dllverifyclsidissafetoload,0.0
op_getproduct,0.0
op_extabout,0.0
op_cvolume,0.0
op_cwinthread,0.0
op_cplanes,0.0
op_lpx,0.0
op_cbbuffer,0.0
op_updatetreataskey,0.0
op_drpcreateextimelinemediaobject,0.0
op_drpcreatevideocapsuleobject,0.0
op_drpcreatemediaobjecta,0.0
op_lpszhelp,0.0
op_idattachto,0.0
op_sendinfotosm,0.0
op_strcont,0.0
op_strcend,0.0
op_groupname,0.0
op_totalentries,0.0
op_entriesread,0.0
op_vsnprintf,0.0
op_protocolinfo,0.0
op_bufptr,0.0
op_showversioninfo,0.0
op_pnodename,0.0
op_about,0.0
op_lppe,0.0
op_pnodebuffer,0.0
op_psockaddr,0.0
op_addressstring,0.0
op_pdatain,0.0
op_initdll,0.0
op_privatedata,0.0
op_modemconfigure,0.0
op_modemmonitor,0.0
op_modemopen,0.0
op_modemprivilegeopen,0.0
op_modemenum,0.0
op_getapiversion,0.0
op_lpbi,0.0
op_wremovemsg,0.0
op_idattach,0.0
op_modemopenbyname,0.0
op_modemsettrap,0.0
op_modemgetlasterror,0.0
op_modemclose,0.0
op_modemcontrol,0.0
op_nidevent,0.0
op_lpbxorbits,0.0
op_lpbandbits,0.0
op_enumcnxtmodem,0.0
op_pserverinfo,0.0
op_infname,0.0
op_contextout,0.0
op_isdotnetinstalled,0.0
op_removeallmozillajavaplugins,0.0
op_checkmozjavaplugins,0.0
op_runbrokerprocess,0.0
op_redirectallstaticversionkeys,0.0
op_modemdeleteconfiguration,0.0
op_readsettitle,0.0
op_createplugin,0.0
op_getallocmemsize,0.0
op_getheapstatus,0.0
op_reallocmemory,0.0
op_freememory,0.0
op_getmemory,0.0
op_modemclearallconfigurations,0.0
op_hklmneedsupdating,0.0
op_ctypeinfo,0.0
op_pipaddrtable,0.0
op_pipforwardtable,0.0
op_getipmac,0.0
op_lpusertime,0.0
op_lpkerneltime,0.0
op_lpexittime,0.0
op_szcookiename,0.0
op_returnsize,0.0
op_szcategory,0.0
op_setfirefoxassets,0.0
op_setchromeassets,0.0
op_setoperaassets,0.0
op_cbinbuffer,0.0
op_order,0.0
op_ipnettable,0.0
op_lpsubblock,0.0
op_setsizecheckmode,0.0
op_uipromptfordisk,0.0
op_uifindsrcfilename,0.0
op_szgetlastsetuperrmsg,0.0
op_setlastsetuperrmsg,0.0
op_eercerrorhandler,0.0
op_handleoom,0.0
op_getsilentmode,0.0
op_cerrorcollection,0.0
op_debugmessageson,0.0
op_showwaitcursor,0.0
op_ensurepathexists,0.0
op_fremoveourdir,0.0
op_hwndto,0.0
op_dstch,0.0
op_ocrrecognizedirection,0.0
op_signed,0.0
op_setsilentmode,0.0
op_unssethtmlparam,0.0
op_rununsw,0.0
op_usinituns,0.0
op_uscopyselfupdateexe,0.0
op_usdoselfupdate,0.0
op_binkcons,0.0
op_binkbss,0.0
op_border,0.0
op_check,0.0
op_nvolumenamesize,0.0
op_cchtime,0.0
op_lptimestr,0.0
op_vxdstkbasedcall,0.0
op_utnewdatagroup,0.0
op_utaddtosession,0.0
op_utstartsession,0.0
op_bink,0.0
op_bindimage,0.0
op_wm,0.0
op_fvital,0.0
op_pbm,0.0
op_asz,0.0
op_pdroptarget,0.0
op_psi,0.0
op_validate,0.0
op_registeruns,0.0
op_seterrorparamcopy,0.0
op_seterrorparamconst,0.0
op_seterrorparam,0.0
op_seterrorparamchar,0.0
op_seterrorparamint,0.0
op_responsefile,0.0
op_szstart,0.0
op_collectemail,0.0
op_setpassinfo,0.0
op_prfexecreset,0.0
op_prfexecload,0.0
op_prfexeceval,0.0
op_prfdestroy,0.0
op_static,0.0
op_lpfindfiledata,0.0
op_vdkassistgetinfofree,0.0
op_flanguagemismatchinf,0.0
op_vdkassistsetinfo,0.0
op_vdkassistnew,0.0
op_vdkadminpurge,0.0
op_vdkadminoptimize,0.0
op_vdkadminbackup,0.0
op_prfqryfree,0.0
op_rescan,0.0
op_switchhddma,0.0
op_vdkassistgetinfo,0.0
op_getdeployperf,0.0
op_namelengthptr,0.0
op_cursorname,0.0
op_pcchconnstrout,0.0
op_statementtext,0.0
op_sqlstate,0.0
op_messagetext,0.0
op_nativeerror,0.0
op_prfqryexport,0.0
op_omni,0.0
op_portableserver,0.0
op_pncb,0.0
op_fromlen,0.0
op_vinbuffer,0.0
op_voutbuffer,0.0
op_dllgetdocumentation,0.0
op_prfqryexportfree,0.0
op_rgfrowstatus,0.0
op_prect,0.0
op_pcpar,0.0
op_ppbuffer,0.0
op_getproductcode,0.0
op_dwcoinit,0.0
op_createconvertmanagerex,0.0
op_getinterfaceversion,0.0
op_getencoderversion,0.0
op_getosversion,0.0
op_failrtchkarg,0.0
op_failassert,0.0
op_processmessage,0.0
op_processdebugmessage,0.0
op_processmessageid,0.0
op_logmessageid,0.0
op_logvalidate,0.0
op_setadminmode,0.0
op_fdisplaysystemmsg,0.0
op_loadregandreboot,0.0
op_doshellexecute,0.0
op_curlhelper,0.0
op_lptargetpath,0.0
op_ushort,0.0
op_ipartid,0.0
op_istateid,0.0
op_pexplicitaccess,0.0
op_dwtextflags,0.0
op_resetcids,0.0
op_coinstaller,0.0
op_createautorunshortcut,0.0
op_szverb,0.0
op_pcliprect,0.0
op_cinitial,0.0
op_hbmmask,0.0
op_prcrect,0.0
op_delhwkey,0.0
op_tclproccompileproc,0.0
op_tclobjinterpproccore,0.0
op_tclobjinterpproc,0.0
op_tclisproc,0.0
op_tclfindproc,0.0
op_tclgetframe,0.0
op_tcltracedictpath,0.0
op_strfill,0.0
op_tclgetinstructiontable,0.0
op_tclexpandcodearray,0.0
op_tclsetbytecodefromany,0.0
op_tclprealloc,0.0
op_tclpalloc,0.0
op_tclobjinvoke,0.0
op_tclstackalloc,0.0
op_tclstackfree,0.0
op_tclgetauxdatatype,0.0
op_tclsetstartupscriptfilename,0.0
op_tclgetstartupscriptpath,0.0
op_tclsetstartupscriptpath,0.0
op_tclgetloadedpackages,0.0
op_tclfreeobj,0.0
op_tclallocatefreeobjects,0.0
op_tclsetnspath,0.0
op_tclgetnamespacefromobj,0.0
op_tclprocdeleteproc,0.0
op_tclgetnamespaceforqualname,0.0
op_tclgetoriginalcommand,0.0
op_tclhandlerelease,0.0
op_tclhandlepreserve,0.0
op_tclfreepackageinfo,0.0
op_tclcreatepipeline,0.0
op_tclcleanupchildren,0.0
op_tclupdatereturninfo,0.0
op_tclresetshadowedcmdrefs,0.0
op_pfncompare,0.0
op_initcallback,0.0
op_marker,0.0
op_ulloperand,0.0
op_uladdend,0.0
op_ulaugend,0.0
op_pulresult,0.0
op_tclinexit,0.0
op_pdispparams,0.0
op_pvarresult,0.0
op_pfqop,0.0
op_messageseqno,0.0
op_pmessage,0.0
op_verifysignatureonparent,0.0
op_verifysignature,0.0
op_dwimplevel,0.0
op_puargerr,0.0
op_tclbackgroundexception,0.0
op_tclgetenv,0.0
op_tclsetupenv,0.0
op_tclsetlibrarypath,0.0
op_tclgetlibrarypath,0.0
op_tclchanneleventscriptinvoker,0.0
op_tclpreventaliasloop,0.0
op_tclinterpinit,0.0
op_runonceexprocess,0.0
op_tclgetextension,0.0
op_tclexprfloaterror,0.0
op_tclgetsrcinfoforpc,0.0
op_tcladdliteralobj,0.0
op_tclgetopenmode,0.0
op_tclsockminimumbuffers,0.0
op_tclchanneltransform,0.0
op_tclcopychannel,0.0
op_tclsetpreinitscript,0.0
op_getnewversion,0.0
op_pbestroute,0.0
op_adddesktopmyappshortcut,0.0
op_getoption,0.0
op_getmessagetext,0.0
op_gettrialversion,0.0
op_getdaysafterexpiry,0.0
op_tclgetstartupscriptfilename,0.0
op_setversion,0.0
op_settrialmessage,0.0
op_directorypath,0.0
op_idlemonterm,0.0
op_idlemongetlastinputtime,0.0
op_cmutex,0.0
op_checkauthorizationkey,0.0
op_execute,0.0
op_getdaystogo,0.0
op_fbypos,0.0
op_caccel,0.0
op_xrtclassinit,0.0
op_minpos,0.0
op_maxpos,0.0
op_removedesktopmyappshortcut,0.0
op_wbdrawingarea,0.0
op_driverproc,0.0
op_setshutdowncallback,0.0
op_localizebuffer,0.0
op_localizestring,0.0
op_localizesetlangid,0.0
op_tclcallvartraces,0.0
op_setproductid,0.0
op_setclientmessage,0.0
op_setcheckprevinst,0.0
op_setallowedtrialkeys,0.0
op_ierror,0.0
op_ccgetimageinfo,0.0
op_ccgetimagecount,0.0
op_ccclosedevice,0.0
op_ccexitinitialize,0.0
op_lpwsadata,0.0
op_jgeddisablecomponent,0.0
op_jgedenablecomponent,0.0
op_ccopenuiscanexecutetofile,0.0
op_getauthorizationkey,0.0
op_ccsetdocumentsizewh,0.0
op_ccinitialize,0.0
op_ccsetdocumentsize,0.0
op_ccsetcapability,0.0
op_ccopendevice,0.0
op_tclteardownnamespace,0.0
op_tclpopstackframe,0.0
op_tclpushstackframe,0.0
op_ccscanexecutetofile,0.0
op_getsitemessage,0.0
op_tclcheckinterptraces,0.0
op_tclcheckexecutiontraces,0.0
op_tclserviceidle,0.0
op_tclregerror,0.0
op_tclregabout,0.0
op_tclregexprangeunichar,0.0
op_tclnewprocbodyobj,0.0
op_ccgetstatus,0.0
op_jgedsetoption,0.0
op_jgedprocess,0.0
op_jgeddestroy,0.0
op_jgedstart,0.0
op_jgedduplicate,0.0
op_jgedcreate,0.0
op_viewsize,0.0
op_tclvartraceexists,0.0
op_tclgetobjinterpproc,0.0
op_cudamemcpyfromsymbolasync,0.0
op_cudamemcpyfromsymbol,0.0
op_cudamemcpytosymbolasync,0.0
op_cudamemcpytosymbol,0.0
op_cudamemcpyasync,0.0
op_cudamemcpy,0.0
op_cudafreearray,0.0
op_dwauthnlevel,0.0
op_cudaglmapbufferobject,0.0
op_cudaglregisterbufferobject,0.0
op_cudaglsetgldevice,0.0
op_cudamemset,0.0
op_cudamemcpyfromarrayasync,0.0
op_cudamemcpyfromarray,0.0
op_cudamemcpytoarrayasync,0.0
op_cudamemcpytoarray,0.0
op_cudamallocarray,0.0
op_getmodcount,0.0
op_getaddr,0.0
op_cudachoosedevice,0.0
op_cudagetdeviceproperties,0.0
op_cudagetdevicecount,0.0
op_cudagetdevice,0.0
op_cudasetdevice,0.0
op_cudaeventelapsedtime,0.0
op_cudaconfigurecall,0.0
op_cudaeventsynchronize,0.0
op_cudafreehost,0.0
op_cudafree,0.0
op_cudamallocpitch,0.0
op_cudamallochost,0.0
op_cudamalloc,0.0
op_cudalaunch,0.0
op_cudasetupargument,0.0
op_cudaeventdestroy,0.0
op_cudacreatechanneldesc,0.0
op_dllunregisterdesigner,0.0
op_regexec,0.0
op_regcomp,0.0
op_cudaeventquery,0.0
op_cudaeventrecord,0.0
op_cudaeventcreate,0.0
op_cudastreamquery,0.0
op_isscrollavail,0.0
op_cudastreamdestroy,0.0
op_cudastreamcreate,0.0
op_cudathreadsynchronize,0.0
op_lnetworkevents,0.0
op_dwtimeout,0.0
op_strxmov,0.0
op_strmov,0.0
op_strinstr,0.0
op_cudastreamsynchronize,0.0
op_easyscroll,0.0
op_visualfeedback,0.0
op_setimemaskflag,0.0
op_soundfeedback,0.0
op_installjumps,0.0
op_installhooks,0.0
op_unhookproc,0.0
op_regfree,0.0
op_cudageterrorstring,0.0
op_cchfilename,0.0
op_whirlpool,0.0
op_nsgetfactory,0.0
op_dwtable,0.0
op_ipenstyle,0.0
op_easywheel,0.0
op_cudathreadexit,0.0
op_cudagetlasterror,0.0
op_regerror,0.0
op_initializelf,0.0
op_realizespl,0.0
op_stringsid,0.0
op_outputbuffer,0.0
op_ulsonympegeditcoresetsection,0.0
op_editcorereserveresource,0.0
op_editcoresetoutputsetting,0.0
op_setmodcount,0.0
op_setexecutionenvironment,0.0
op_getexecutionenvironment,0.0
op_csoapstub,0.0
op_ulsonympegeditcoregetinputreq,0.0
op_ulsonympegeditcoresupply,0.0
op_ulsonympegeditcoregetstatus,0.0
op_ulsonympegeditcoredrain,0.0
op_ulsonympegeditcoreaddsegment,0.0
op_ulsonympegeditcoresetoutputtype,0.0
op_ppcopy,0.0
op_pcapabilites,0.0
op_pcnzwch,0.0
op_dtp,0.0
op_plugingetmodule,0.0
op_lpszexefilename,0.0
op_tclevalobjex,0.0
op_tclcleanupcommand,0.0
op_releaself,0.0
op_tclinvokeobjectcommand,0.0
op_tclinvokestringcommand,0.0
op_tclhideunsafecommands,0.0
op_tclpfree,0.0
op_hcatinfo,0.0
op_fwaitall,0.0
op_createscansysclass,0.0
op_parsinglf,0.0
op_tclrenamecommand,0.0
op_cudasetdoubleforhost,0.0
op_cudasetdoublefordevice,0.0
op_cudagetsymbolsize,0.0
op_cudagetsymboladdress,0.0
op_hh,0.0
op_sethk,0.0
op_setaddr,0.0
op_switchsys,0.0
op_isonyavcvencretapiversion,0.0
op_resizewindow,0.0
op_setsizes,0.0
op_resethelper,0.0
op_pvdefaultdata,0.0
op_fignorehkcu,0.0
op_dwvolume,0.0
op_numberofevents,0.0
op_htimer,0.0
op_getwndproc,0.0
op_ulsonympegeditcoreinit,0.0
op_ulgeterrorlog,0.0
op_ulsonympegeditcoregetrerenderingsessioninfo,0.0
op_ulsonympegeditcoreendbaseband,0.0
op_ulsonympegeditcorebegindecomposer,0.0
op_ulsonympegeditcorebeginbaseband,0.0
op_cudagetchanneldesc,0.0
op_cudagettexturereference,0.0
op_cudamemcpyarraytoarray,0.0
op_cudaunbindtexture,0.0
op_cudabindtexturetoarray,0.0
op_cudabindtexture,0.0
op_cudaglunregisterbufferobject,0.0
op_cudaglunmapbufferobject,0.0
op_lpszcookiename,0.0
op_getaccounttype,0.0
op_getat,0.0
op_cudagettexturealignmentoffset,0.0
op_homedir,0.0
op_omap,0.0
op_block,0.0
op_lmi,0.0
op_javathemayofon,0.0
op_thatmechanismoverridelaterthe,0.0
op_abebethe,0.0
op_tutdaemonhandlesigint,0.0
op_javainformation,0.0
op_intocommunityoverride,0.0
op_jlxaba,0.0
op_vsygjla,0.0
op_usedprovidestopackages,0.0
op_createdcommunitya,0.0
op_standardsjavathe,0.0
op_endorsedversionnecessary,0.0
op_mayendorsedof,0.0
op_moreis,0.0
op_beintothe,0.0
op_runtimeclasscommand,0.0
op_technologyor,0.0
op_forandcorrespond,0.0
op_updatetheprovidesstandardsplatform,0.0
op_orthehttpof,0.0
op_updatemechanismstandardsthe,0.0
op_srcfiles,0.0
op_al,0.0
op_aainaversion,0.0
op_thatthatthecommunitymechanism,0.0
op_andclasses,0.0
op_laterstandaloneorderendorsed,0.0
op_mappedasimage,0.0
op_imagedirectoryentrytodataex,0.0
op_imagentheader,0.0
op_cx,0.0
op_rootpath,0.0
op_three,0.0
op_zbbddhjl,0.0
op_jtrdjzfbno,0.0
op_mzqcfza,0.0
op_thatmay,0.0
op_jcpmechanism,0.0
op_ofinterfacesstandards,0.0
op_ofof,0.0
op_expression,0.0
op_addrbase,0.0
op_pldisplacement,0.0
op_stackframe,0.0
op_node,0.0
op_pcwstr,0.0
op_lminfo,0.0
op_symsrv,0.0
op_fcase,0.0
op_isare,0.0
op_includinginterfaces,0.0
op_includedhttpplatforma,0.0
op_ofclassesof,0.0
op_communityhttpinformation,0.0
op_overrideitinterfacesofstandards,0.0
op_orderintostandalonetechnology,0.0
op_ofthetechnologiesjcpof,0.0
op_eglreleaseteximage,0.0
op_wherebymay,0.0
op_theoformechanism,0.0
op_includedversion,0.0
op_beitin,0.0
op_latertotechnologies,0.0
op_classesplatformin,0.0
op_tothatfrom,0.0
op_eglswapinterval,0.0
op_oftimelistjavathe,0.0
op_cbhash,0.0
op_cin,0.0
op_thatit,0.0
op_atoversion,0.0
op_aendorsedoverride,0.0
op_thatof,0.0
op_oforderstandalonethesm,0.0
op_updatebeplatformand,0.0
op_wherebyinbe,0.0
op_tojavathatintoplatform,0.0
op_includedthat,0.0
op_timeversions,0.0
op_super,0.0
op_mdvwdca,0.0
op_standardsimplement,0.0
op_overridetheofupdate,0.0
op_istechnology,0.0
op_theversionand,0.0
op_ofjavaorincludedsm,0.0
op_athattechnologyversions,0.0
op_ofmechanismthatto,0.0
op_lposversioninfoa,0.0
op_lpraststat,0.0
op_technologyincludedof,0.0
op_platformofusedstandaloneupdate,0.0
op_pbhash,0.0
op_mechanismmeansorthepackages,0.0
op_interfacesjavaprocesswwwsee,0.0
op_jcpinformationtoforcorrespond,0.0
op_platformtechnologiesintechnologiesstandalone,0.0
op_onandcreatedto,0.0
op_belatertotechnologies,0.0
op_jcpstandardsjava,0.0
op_thelistprocesssee,0.0
op_outsideimplementincludingbe,0.0
op_maxstringlength,0.0
op_modbase,0.0
op_imagename,0.0
op_obj,0.0
op_filespec,0.0
op_cbsrcfiles,0.0
op_sym,0.0
op_srvpath,0.0
op_intechnologies,0.0
op_standaloneanewerupdate,0.0
op_versionsmayof,0.0
op_javanecessary,0.0
op_intheendorsed,0.0
op_endorsedinincorporatedsmendorsed,0.0
op_thatintoorder,0.0
op_orderofa,0.0
op_commonepisode,0.0
op_laterincorporateversionprocess,0.0
op_toorginterfacesjava,0.0
op_platformoftechnologies,0.0
op_tolistit,0.0
op_moduleinfo,0.0
op_dwaddr,0.0
op_ntheaders,0.0
op_filepath,0.0
op_params,0.0
op_callerdata,0.0
op_index,0.0
op_searchpatha,0.0
op_path,0.0
op_inputpathname,0.0
op_two,0.0
op_pdwdisplacement,0.0
op_match,0.0
op_rva,0.0
op_sympath,0.0
op_versionsinitprovides,0.0
op_smversions,0.0
op_inthatplatformoutside,0.0
op_versionmechanism,0.0
op_jcpstandardsof,0.0
op_betothethein,0.0
op_theendorsedoverridemechanism,0.0
op_stackdbg,0.0
op_aofclasses,0.0
op_smonupdatemeans,0.0
op_thatendorsed,0.0
op_hdrop,0.0
op_newerand,0.0
op_implementtechnologiesbe,0.0
op_versionsoutsideto,0.0
op_endorsedendorsedoflist,0.0
op_versionstoincludingjcpbe,0.0
op_outsideoverrideorderlistthat,0.0
op_usedstandalonein,0.0
op_jcpandinterfacesstandalonestandards,0.0
op_incorporatedjava,0.0
op_tostandalonecreated,0.0
op_thebeplatformmayendorsed,0.0
op_seemeans,0.0
op_mechanisminformationbeorderto,0.0
op_eglcreatecontext,0.0
op_mechanismplatformthatoutsideof,0.0
op_versionsmay,0.0
op_javaimplement,0.0
op_createdand,0.0
op_technologiesupdateon,0.0
op_standardsoforderinterfacesin,0.0
op_eglgetcurrentcontext,0.0
op_eglmakecurrent,0.0
op_incorporateafromtheversion,0.0
op_orderthat,0.0
op_platformtime,0.0
op_thethattheof,0.0
op_theincludedstandalone,0.0
op_ofoverride,0.0
op_prpcmsg,0.0
op_javaofincorporateinthe,0.0
op_listbejavainto,0.0
op_bwaitall,0.0
op_ax,0.0
op_hview,0.0
op_puihandler,0.0
op_ppmemory,0.0
op_imessagetype,0.0
op_phrecord,0.0
op_pllbound,0.0
op_hany,0.0
op_versionmechanismwherebystandards,0.0
op_thecorrespond,0.0
op_javapackages,0.0
op_ppvout,0.0
op_mechanismversionsincludedplatformwww,0.0
op_l,0.0
op_inorderofthe,0.0
op_timeastandardsthe,0.0
op_frombetoof,0.0
op_wwwnecessary,0.0
op_inccpucount,0.0
op_deccpucount,0.0
op_phnewuskey,0.0
op_huskey,0.0
op_mbp,0.0
op_ppszcomponentid,0.0
op_processthetechnologyendorsedbe,0.0
op_andinformation,0.0
op_getversion,0.0
op_thatjavastandards,0.0
op_egldestroysurface,0.0
op_eglcreatepixmapsurface,0.0
op_eglcreatepbuffersurface,0.0
op_eglcreatewindowsurface,0.0
op_eglgetconfigattrib,0.0
op_eglchooseconfig,0.0
op_standalonebewhereby,0.0
op_eglquerystring,0.0
op_eglbindteximage,0.0
op_eglsurfaceattrib,0.0
op_eglcreatepbufferfromclientbuffer,0.0
op_eglreleasethread,0.0
op_eglwaitgl,0.0
op_eglbindapi,0.0
op_pfenabled,0.0
op_eglgetconfigs,0.0
op_fptr,0.0
op_windbgextensiondllinit,0.0
op_extensionapiversion,0.0
op_foundfile,0.0
op_outsidetechnologiesplatformversionmeans,0.0
op_jcptechnologiesnewer,0.0
op_sciencemooe,0.0
op_ramp,0.0
op_ofplatformplatform,0.0
op_theis,0.0
op_incorporatetheto,0.0
op_eglterminate,0.0
op_eglinitialize,0.0
op_eglgetdisplay,0.0
op_eglgeterror,0.0
op_proxyfileinfo,0.0
op_programpythonopen,0.0
op_standardstoto,0.0
op_causes,0.0
op_aversionversions,0.0
op_theprovidesversions,0.0
op_updatelist,0.0
op_seetechnologieshttpintothat,0.0
op_ofjava,0.0
op_outsidefromcreatedtoor,0.0
op_thatnecessarytoorderclasses,0.0
op_eglgetprocaddress,0.0
op_mayitendorsed,0.0
op_tofrom,0.0
op_overridejava,0.0
op_getproxydllinfo,0.0
op_lpdst,0.0
op_callpopupmenu,0.0
op_eventtrack,0.0
op_qmetaobject,0.0
op_appactive,0.0
op_eglcopybuffers,0.0
op_eglswapbuffers,0.0
op_eglwaitnative,0.0
op_eglquerycontext,0.0
op_eglgetcurrentdisplay,0.0
op_eglgetcurrentsurface,0.0
op_httpversionsstandalonetoorg,0.0
op_celements,0.0
op_packagesstandards,0.0
op_dllenumclassobjects,0.0
op_dwstarttype,0.0
op_hscobject,0.0
op_ppresentparams,0.0
op_appspooltitle,0.0
op_wcodepageid,0.0
op_caldata,0.0
op_updatenewer,0.0
op_dwlocation,0.0
op_hmutex,0.0
op_toordercorrespond,0.0
op_wwwthethatnecessarycreated,0.0
op_toendorsedorderstandards,0.0
op_updatetheofseeendorsed,0.0
op_tomeanstheinformationa,0.0
op_seeorderupdateof,0.0
op_endorsedorderjcpoverrideorder,0.0
op_earthcommoe,0.0
op_packagesorg,0.0
op_theitmeansare,0.0
op_usedoverridestandaloneinwhereby,0.0
op_isprocesstotechnologies,0.0
op_lpoperation,0.0
op_technologiestechnologyplatformversioninto,0.0
op_technologybe,0.0
op_far,0.0
op_incorporateplatformbe,0.0
op_listthepackagesthemay,0.0
op_meansitoverrideprocessstandards,0.0
op_ppu,0.0
op_pbscb,0.0
op_technologiesor,0.0
op_wwwlatercommunitythat,0.0
op_orjcphttp,0.0
op_pcszurl,0.0
op_ofare,0.0
op_standardsmechanism,0.0
op_pcchname,0.0
op_hrelativeuskey,0.0
op_pbindinfo,0.0
op_pwzurl,0.0
op_pwzvalue,0.0
op_srch,0.0
op_thatoverridenewerused,0.0
op_standalonemaythe,0.0
op_atheonusedstandards,0.0
op_rgsztypes,0.0
op_pwzmimeproposed,0.0
op_ofsmplatformincluded,0.0
op_parsefileflags,0.0
op_lpcaldata,0.0
op_inseetechnology,0.0
op_theoverride,0.0
op_fromtoincorporated,0.0
op_technologiescommunitytimehttp,0.0
op_thatorg,0.0
op_theendorsedupdatesmoutside,0.0
op_providesplatform,0.0
op_processsm,0.0
op_javaof,0.0
op_communityofcorrespondof,0.0
op_wwwendorsedin,0.0
op_newerstandaloneofofincluding,0.0
op_orinincluded,0.0
op_listjava,0.0
op_ofinupdateincorporateversions,0.0
op_tomechanismit,0.0
op_taskapplicationmedia,0.0
op_ioutprecision,0.0
op_bstrikeout,0.0
op_endorsedtechnologyversionbe,0.0
op_lpszproxybypass,0.0
op_pcsubkeys,0.0
op_ppsm,0.0
op_sztype,0.0
op_pquery,0.0
op_pclassspec,0.0
op_inof,0.0
op_itthemechanismthe,0.0
op_szproxybypass,0.0
op_communityincludingplatformintojava,0.0
op_texas,0.0
op_imalloc,0.0
op_numberfmtw,0.0
op_repr,0.0
op_orderof,0.0
op_szhelpdir,0.0
op_athatthatendorsed,0.0
op_renamechange,0.0
op_inoutsideprocess,0.0
op_overridetechnologyorder,0.0
op_standardsmorethat,0.0
op_theitorfor,0.0
op_registrypath,0.0
op_pszfilename,0.0
op_binstall,0.0
op_cutlprops,0.0
op_pwzpath,0.0
op_pszvalue,0.0
op_pbc,0.0
op_pcchvaluename,0.0
op_pdwcompatflags,0.0
op_ppwzmimeout,0.0
op_pbuffer,0.0
op_userwarning,0.0
op_theinof,0.0
op_dwreplaceflags,0.0
op_endorsedincludedversion,0.0
op_ofpackagesthestandards,0.0
op_standalonetechnology,0.0
op_platformofatomechanism,0.0
op_ofontheare,0.0
op_mechanismpackagestechnologiesnecessary,0.0
op_incorporatemayprovidesjava,0.0
op_fromdouble,0.0
op_sqlremovedsnfromini,0.0
op_sqlwritedsntoini,0.0
op_sqlremovedefaultdatasource,0.0
op_sqlconfigdatasource,0.0
op_sqlgetavailabledrivers,0.0
op_sqlremovedrivermanager,0.0
op_platformendorsedtooverridetechnologies,0.0
op_wwwstandards,0.0
op_dllinstall,0.0
op_acorrespondoverride,0.0
op_theprovidesstandardsorincluded,0.0
op_jcpofsmthatplatform,0.0
op_cchfilenamemax,0.0
op_technologiesinterfacesmayincluded,0.0
op_technologyintolaterendorsed,0.0
op_communitytotheversionsmay,0.0
op_totheprovidesintime,0.0
op_endorsedupdatetechnologyofthe,0.0
op_cmapptrtoptr,0.0
op_srcheight,0.0
op_installdlg,0.0
op_ddedlg,0.0
op_commdlghook,0.0
op_advanceddlg,0.0
op_adddriverdlg,0.0
op_reopenbuf,0.0
op_paletteentries,0.0
op_pbcancel,0.0
op_sqlinstalldrivermanager,0.0
op_sqlgettranslator,0.0
op_sqlcreatedatasource,0.0
op_sqlmanagedatasources,0.0
op_sqlinstallodbc,0.0
op_versionsdlg,0.0
op_updatedlg,0.0
op_copyfiledlg,0.0
op_updateofincluding,0.0
op_meansprocessin,0.0
op_newerupdatecorrespond,0.0
op_callback,0.0
op_fdapy,0.0
op_ofstandards,0.0
op_thearemay,0.0
op_listhttpincorporateoftechnologies,0.0
op_laterstandards,0.0
op_technologiescommunity,0.0
op_mayendorsedincorporateincluding,0.0
op_pwszbuff,0.0
op_keystate,0.0
op_idchild,0.0
op_dteeaa,0.0
op_fqkzrmj,0.0
op_seestandardslistaincorporated,0.0
op_lptemplate,0.0
op_luid,0.0
op_tycgnypnw,0.0
op_wmuv,0.0
op_gqmjfg,0.0
op_msushl,0.0
op_pbstr,0.0
op_szlang,0.0
op_jcptobe,0.0
op_dwfilesize,0.0
op_bufpos,0.0
op_pfdi,0.0
op_szpath,0.0
op_assictcopi,0.0
op_gwuxoln,0.0
op_communitybeclassesversionsnecessary,0.0
op_versionmore,0.0
op_dwspincount,0.0
op_balertable,0.0
op_hchangehandle,0.0
op_sztime,0.0
op_localtime,0.0
op_showsystray,0.0
op_msiuninstalljre,0.0
op_msiuninstallsdk,0.0
op_msiinstalljre,0.0
op_berpjzpu,0.0
op_token,0.0
op_symbol,0.0
op_usercontext,0.0
op_szbuffer,0.0
op_optional,0.0
op_lplocaltime,0.0
op_pst,0.0
op_beoutsidein,0.0
op_msiisjavavminuse,0.0
op_msineedreboot,0.0
op_msigetlogfilename,0.0
op_hinstall,0.0
op_cweight,0.0
op_vkey,0.0
op_wscancode,0.0
op_beclasses,0.0
op_aretothenewerjava,0.0
op_packagescorrespondstandardsoverride,0.0
op_copydata,0.0
op_writestring,0.0
op_shellexecuteinfoa,0.0
op_toplatformtheprovides,0.0
op_tomechanismjava,0.0
op_debugevent,0.0
op_funknown,0.0
op_wherebymechanismsmthatto,0.0
op_lpbool,0.0
op_dwinstneeded,0.0
op_szsize,0.0
op_ulparam,0.0
op_dwrebootcheck,0.0
op_fuseadvpack,0.0
op_dwtmp,0.0
op_ppwszsecurl,0.0
op_pwszurl,0.0
op_ucmd,0.0
op_platformlist,0.0
op_includingtechnologyofto,0.0
op_outsideof,0.0
op_ofprovidesmayjavathe,0.0
op_sznamestr,0.0
op_cbneeded,0.0
op_phmodule,0.0
op_nedrealloc,0.0
op_standalonejava,0.0
op_standaloneaprocess,0.0
op_nedpmalloc,0.0
op_nedpmemalign,0.0
op_neddisablethreadcache,0.0
op_nedsetvalue,0.0
op_nedmallinfo,0.0
op_nedpsetvalue,0.0
op_nedtrimthreadcache,0.0
op_lpdrv,0.0
op_haccesstoken,0.0
op_dwreqsize,0.0
op_nedmalloc,0.0
op_nedcalloc,0.0
op_nedfree,0.0
op_nedmemalign,0.0
op_neddestroypool,0.0
op_szsubkey,0.0
op_pstart,0.0
op_dwfreeclusters,0.0
op_nedpmallinfo,0.0
op_neddestroysyspool,0.0
op_nedmallopt,0.0
op_nedpmallopt,0.0
op_nedblksize,0.0
op_nedgetvalue,0.0
op_patchinnedmallocdll,0.0
op_nedcreatepool,0.0
op_ui,0.0
op_pvarright,0.0
op_hsrc,0.0
op_lppath,0.0
op_contextin,0.0
op_msiremovepackfiles,0.0
op_lpsystemtime,0.0
op_ptlib,0.0
op_depatchinnedmallocdll,0.0
op_nedpoollist,0.0
op_nedprealloc,0.0
op_getserviceprovider,0.0
op_chktype,0.0
op_ifranswer,0.0
op_itoanswer,0.0
op_szbuf,0.0
op_szmsg,0.0
op_bitlen,0.0
op_psaboundnew,0.0
op_eegetmoduleinterop,0.0
op_winpatcher,0.0
op_szdistunit,0.0
op_pvreserved,0.0
op_cbsize,0.0
op_dwoption,0.0
op_pszptr,0.0
op_ppsaout,0.0
op_steamgetcachedefaultdirectory,0.0
op_steamstoploadingcache,0.0
op_steamstartloadingcache,0.0
op_steamsetcachedefaultdirectory,0.0
op_steamloadcachefromdir,0.0
op_steamabortcall,0.0
op_steamshutdownengine,0.0
op_szmessage,0.0
op_steamcleanup,0.0
op_steamstartup,0.0
op_steamstartengine,0.0
op_steamgetcachedecryptionkey,0.0
op_steamputc,0.0
op_steamopentmpfile,0.0
op_steamgetc,0.0
op_steamflushfile,0.0
op_steamgetversion,0.0
op_steaminsertappdependency,0.0
op_steamsetappversion,0.0
op_steamsetappcachesize,0.0
op_steammoveapp,0.0
op_steamgetsponsorurl,0.0
op_steamenumerateappversion,0.0
op_steamwaitforappreadytolaunch,0.0
op_steamenumerateappicon,0.0
op_steamrepairordecryptcaches,0.0
op_steamiscacheloadingenabled,0.0
op_steamcreatecachepreloaders,0.0
op_steamwaitforresources,0.0
op_steamgetappdir,0.0
op_steamfindapp,0.0
op_steamremoveappdependency,0.0
op_steamloadfiletocache,0.0
op_steamisfileneededbycache,0.0
op_steamflushcache,0.0
op_steamgetappupdatestats,0.0
op_steamgetappstats,0.0
op_steamgetappuserdefinedinfo,0.0
op_steamgetapppurchasecountry,0.0
op_steamisappsubscribed,0.0
op_steamcheckappownership,0.0
op_pdccoinstaller,0.0
op_jxcreate,0.0
op_steamstat,0.0
op_ptdec,0.0
op_ptsign,0.0
op_lpcurrentchar,0.0
op_opendslfile,0.0
op_szgetdatadefver,0.0
op_spellersetoptions,0.0
op_spellerversion,0.0
op_spellergetoptions,0.0
op_pcchurl,0.0
op_steamfindclose,0.0
op_steamfindnext,0.0
op_steamhintresourceneed,0.0
op_steamsetvbuf,0.0
op_steamprintfile,0.0
op_steamisfileimmediatelyavailable,0.0
op_steamgetlocalfilecopy,0.0
op_steamsizefile,0.0
op_steamgettotalupdatestats,0.0
op_steamwritefile,0.0
op_steamlaunchapp,0.0
op_steamrefreshminimumfootprintfiles,0.0
op_steamenumerateapplaunchoption,0.0
op_steamgetcachefilepath,0.0
op_steampausecachepreloading,0.0
op_steamforgetallhints,0.0
op_steamgetappids,0.0
op_steamtellfile,0.0
op_pvbl,0.0
op_pvbsrc,0.0
op_pvbdst,0.0
op_pvb,0.0
op_ids,0.0
op_nchars,0.0
op_addprogramexceptiona,0.0
op_fdisplayeula,0.0
op_removeserverfirewallexceptionsa,0.0
op_removeclientfirewallexceptionsa,0.0
op_openserverfirewallexceptionsa,0.0
op_openclientfirewallexceptionsa,0.0
op_areserverfirewallexceptionsopena,0.0
op_areclientfirewallexceptionsopena,0.0
op_getbooleanpropertya,0.0
op_checkofferingcodea,0.0
op_iswindowsfirewalladvsecurityavailablea,0.0
op_uposition,0.0
op_brebootrequired,0.0
op_fullinfpath,0.0
op_help,0.0
op_detect,0.0
op_uninstall,0.0
op_install,0.0
op_devsetup,0.0
op_pvbldst,0.0
op_panysrc,0.0
op_panydst,0.0
op_poid,0.0
op_poiddst,0.0
op_nloglevel,0.0
op_pany,0.0
op_poidsrc,0.0
op_pvblsrc,0.0
op_poctetsdst,0.0
op_undecname,0.0
op_sizeofdll,0.0
op_fdisplaywarranty,0.0
op_needsupport,0.0
op_dwurllength,0.0
op_dwlinst,0.0
op_nsrfree,0.0
op_nsrexec,0.0
op_checklicensenumbera,0.0
op_nsrinit,0.0
op_firstlaunch,0.0
op_ffirstrun,0.0
op_frundesktopicon,0.0
op_frunregistration,0.0
op_ffirstreg,0.0
op_frunreg,0.0
op_fgetfile,0.0
op_nsrcalc,0.0
op_rollbackmanagefirewallexceptions,0.0
op_removeprogramexceptionfwadvsecuritya,0.0
op_addprogramexceptionfwadvsecuritya,0.0
op_managefirewallexceptions,0.0
op_removeprogramexceptiona,0.0
op_debugfilepath,0.0
op_showsynchtimedialog,0.0
op_showwizarddialog,0.0
op_undecnamelength,0.0
op_showsimdialog,0.0
op_steamcreatelogcontext,0.0
op_steamsetmaxstallcount,0.0
op_steamblockingcall,0.0
op_one,0.0
op_debuginfo,0.0
op_machinetype,0.0
op_userdata,0.0
op_showphonedialog,0.0
op_atlcommodulerevokeclassobjects,0.0
op_atlcommoduleregisterclassobjects,0.0
op_atlcommodulegetclassobject,0.0
op_atlunadvise,0.0
op_atladvise,0.0
op_atlregisterclasscategorieshelper,0.0
op_atlregistertypelib,0.0
op_spelleropenlex,0.0
op_atlloadtypelib,0.0
op_atlcreatetargetdc,0.0
op_towctrans,0.0
op_origin,0.0
op_hbmimage,0.0
op_windowname,0.0
op_lpfirst,0.0
op_atlgetobjectsourceinterface,0.0
op_atlunregistertypelib,0.0
op_dwmode,0.0
op_pinputcontrol,0.0
op_lplocalfiletime,0.0
op_lpcpinfo,0.0
op_tutcommandprintfeedback,0.0
op_asmgethelpabout,0.0
op_asmgetversion,0.0
op_asmgetnexterror,0.0
op_atlwaitwithmessageloop,0.0
op_asmlockkeyuse,0.0
op_asmgetuserinfo,0.0
op_asmsetuserinfo,0.0
op_atlpixeltohimetric,0.0
op_atlhimetrictopixel,0.0
op_atlaxgethost,0.0
op_atlaxgetcontrol,0.0
op_atlgetversion,0.0
op_asmgeterrorstring,0.0
op_puresult,0.0
op_lsize,0.0
op_reinstall,0.0
op_showicons,0.0
op_hideicons,0.0
op_createinstance,0.0
op_atlwinmoduleextractcreatewnddata,0.0
op_atlwinmoduleaddcreatewnddata,0.0
op_atlseterrorinfo,0.0
op_atlwinmoduleinit,0.0
op_atlinternalqueryinterface,0.0
op_atlcomptrassign,0.0
op_dllrelease,0.0
op_atlunmarshalptr,0.0
op_atlmarshalptrinproc,0.0
op_atlfreemarshalstream,0.0
op_atlupdateregistryfromresourced,0.0
op_atlwinmoduleterm,0.0
op_atlmoduleaddtermfunc,0.0
op_wcrtomb,0.0
op_wcsrtombs,0.0
op_btowc,0.0
op_mbsrtowcs,0.0
op_mbrtowc,0.0
op_mbrlen,0.0
op_wctype,0.0
op_multiplicand,0.0
op_ioverlay,0.0
op_omniservantactivatortaskqueue,0.0
op_abortoninternalerrorhandler,0.0
op_objecttablesizehandler,0.0
op_tracethreadidhandler,0.0
op_tracelevelhandler,0.0
op_supportcurrenthandler,0.0
op_multiplier,0.0
op_wctrans,0.0
op_steamunmountfilesystem,0.0
op_steammountfilesystem,0.0
op_tutlexcreate,0.0
op_tutlexerror,0.0
op_tutlexquietlongjmperrorfunc,0.0
op_tutsiginthandler,0.0
op_tuterrreportparamsjmp,0.0
op_asmdecodekey,0.0
op_tuterrvreportparams,0.0
op_tutvdebug,0.0
op_tutvout,0.0
op_tutoutdebug,0.0
op_tutverbose,0.0
op_tutoutflush,0.0
op_tutout,0.0
op_tutthreadcreate,0.0
op_tuterrreportparams,0.0
op_spellerinit,0.0
op_spellercloselex,0.0
op_spellercheck,0.0
op_cmdline,0.0
op_template,0.0
op_spellerbuiltinudr,0.0
op_spellergetlistudr,0.0
op_spellergetsizeudr,0.0
op_steammountappfilesystem,0.0
op_spellerdeludr,0.0
op_spelleraddchangeudr,0.0
op_spelleraddudr,0.0
op_steamfindfirst,0.0
op_steamclosefile,0.0
op_steamreadfile,0.0
op_steamopenfileex,0.0
op_steamunmountappfilesystem,0.0
op_spellerclearudr,0.0
op_atlwinmoduleregisterwndclassinfow,0.0
op_atlwinmoduleregisterclassexw,0.0
op_atlcommoduleunregisterserver,0.0
op_atlcommoduleregisterserver,0.0
op_p,0.0
op_wctob,0.0
op_atlaxattachcontrol,0.0
op_atlaxcreatedialoga,0.0
op_tutfatalerror,0.0
op_atlaxdialogboxa,0.0
op_atlaxdialogboxw,0.0
op_atlaxwininit,0.0
op_atlaxcreatecontrol,0.0
op_atlaxcreatecontrollic,0.0
op_asminterpretekeyfile,0.0
op_asmenumeratekeys,0.0
op_asmtest,0.0
op_atlaxcreatedialogw,0.0
op_tuttraceva,0.0
op_tutoutstrdefault,0.0
op_tutoutstr,0.0
op_tutoutcat,0.0
op_tutdumpout,0.0
op_tutdumpoutva,0.0
op_tutwarning,0.0
op_tutdebug,0.0
op_atlaxcreatecontrollicex,0.0
op_tutwinout,0.0
op_tutwinoutredirect,0.0
op_tutdaemoninit,0.0
op_tutdaemonhandlesigxfsz,0.0
op_utinitialize,0.0
op_tuttrace,0.0
op_tuttracecat,0.0
op_atlaxcreatecontrolex,0.0
op_addtoclasspath,0.0
op_propenumprocw,0.0
op_cmos,0.0
op_pgui,0.0
op_hobj,0.0
op_lpdevice,0.0
op_dma,0.0
op_timer,0.0
op_lpszclass,0.0
op_flagmask,0.0
op_getbytefrompointer,0.0
op_setlonginpointer,0.0
op_setshortinpointer,0.0
op_getintfrompointer,0.0
op_dwresult,0.0
op_dwaceindex,0.0
op_setdoubleinpointer,0.0
op_pint,0.0
op_sourcefile,0.0
op_iitem,0.0
op_hcur,0.0
op_device,0.0
op_pinfcontext,0.0
op_sourceid,0.0
op_copystyle,0.0
op_destinationname,0.0
op_szdesktop,0.0
op_lpsystemname,0.0
op_pszitemtext,0.0
op_sourcepathroot,0.0
op_pathtosource,0.0
op_pinstallinfo,0.0
op_ifile,0.0
op_lpkeystate,0.0
op_dx,0.0
op_fuflags,0.0
op_fdwhidden,0.0
op_lpszcmid,0.0
op_pdv,0.0
op_devmodew,0.0
op_finherit,0.0
op_lpszdesktop,0.0
op_imodenum,0.0
op_lpszdevicename,0.0
op_setfloatinpointer,0.0
op_infindex,0.0
op_lpszdomain,0.0
op_backupparams,0.0
op_refresh,0.0
op_interrupted,0.0
op_else,0.0
op_override,0.0
op_single,0.0
op_listinfhandle,0.0
op_setintinpointer,0.0
op_setbyteinpointer,0.0
op_getdoublefrompointer,0.0
op_getfloatfrompointer,0.0
op_getlongfrompointer,0.0
op_getshortfrompointer,0.0
op_setshortinhandle,0.0
op_setbyteinhandle,0.0
op_rgndata,0.0
op_getfloatfromhandle,0.0
op_getlongfromhandle,0.0
op_getintfromhandle,0.0
op_getshortfromhandle,0.0
op_getbytefromhandle,0.0
op_desktopenumproca,0.0
op_diskspace,0.0
op_hrgnclip,0.0
op_getdoublefromhandle,0.0
op_packagesincorporated,0.0
op_versionsusedmayversionupdate,0.0
op_smmay,0.0
op_ontechnologies,0.0
op_javaincludingendorsedtheorder,0.0
op_mechanismnecessary,0.0
op_moreitlistsmtime,0.0
op_setintinhandle,0.0
op_overridestandardspackagesof,0.0
op_necessarymay,0.0
op_inmechanismaofto,0.0
op_toclasses,0.0
op_endorsednewerupdate,0.0
op_frommeanstotime,0.0
op_tothethetimeit,0.0
op_httpsmorgoverride,0.0
op_orthe,0.0
op_szcommandline,0.0
op_pprot,0.0
op_lpcreationtime,0.0
op_lpfilesizehigh,0.0
op_mayis,0.0
op_overrideor,0.0
op_instandards,0.0
op_andto,0.0
op_standardsendorsed,0.0
op_technologythat,0.0
op_thatstandardsthatof,0.0
op_informationareof,0.0
op_fortheinjava,0.0
op_thatjava,0.0
op_processtheofversions,0.0
op_versionsstandaloneordertechnologies,0.0
op_mechanismsmcommunityof,0.0
op_thethattolistto,0.0
op_generates,0.0
op_lpluid,0.0
op_geoid,0.0
op_msicondition,0.0
op_userinfostate,0.0
op_hnetwork,0.0
op_hresenum,0.0
op_hnetworkenum,0.0
op_microentry,0.0
op_cryptcatattribute,0.0
op_cchmaxcount,0.0
op_lpdisplaydevice,0.0
op_lpszformatname,0.0
op_woemchar,0.0
op_setdoubleinhandle,0.0
op_setfloatinhandle,0.0
op_setlonginhandle,0.0
op_hcluster,0.0
op_setpixelwindow,0.0
op_createdrsinstance,0.0
op_destroydrsobject,0.0
op_destroydrsinstance,0.0
op_hdevice,0.0
op_nnumwindows,0.0
op_dq,0.0
op_lpcchbuffer,0.0
op_dpmi,0.0
op_pfnfilterproc,0.0
op_subqueuefileop,0.0
op_nvirtkey,0.0
op_scan,0.0
op_cryptcatmember,0.0
op_slistensocket,0.0
op_mapisavemail,0.0
op_displayname,0.0
op_clienttoken,0.0
op_scriptstringout,0.0
op_scriptgetcmap,0.0
op_scriptlayout,0.0
op_scriptstringfree,0.0
op_scriptcachegetheight,0.0
op_scriptplace,0.0
op_scriptshape,0.0
op_resolution,0.0
op_scriptstringxtocp,0.0
op_lpkpresent,0.0
op_scriptgetproperties,0.0
op_scriptstringcptox,0.0
op_scriptcptox,0.0
op_scriptrecorddigitsubstitution,0.0
op_scriptbreak,0.0
op_scriptshapeopentype,0.0
op_scriptxtocp,0.0
op_unzeof,0.0
op_unztell,0.0
op_phicon,0.0
op_piconid,0.0
op_lpnamedpipename,0.0
op_array,0.0
op_dynarray,0.0
op_record,0.0
op_scripttextout,0.0
op_lphandletable,0.0
op_drawingwndproc,0.0
op_lpremotename,0.0
op_lplocalname,0.0
op_ptc,0.0
op_cxicon,0.0
op_niconindex,0.0
op_pshcne,0.0
op_unzopencurrentfilepassword,0.0
op_getdatetimepropertyasstringa,0.0
op_getintegerpropertya,0.0
op_getstringpropertya,0.0
op_bits,0.0
op_pactctx,0.0
op_uiparam,0.0
op_scriptstringanalyse,0.0
op_scriptapplydigitsubstitution,0.0
op_scriptstringvalidate,0.0
op_uspalloccache,0.0
op_uspfreemem,0.0
op_dwaspect,0.0
op_pszusertype,0.0
op_filesystemflags,0.0
op_imode,0.0
op_lpprevwndfunc,0.0
op_lpwcx,0.0
op_uspalloctemp,0.0
op_scriptstringgetlogicalwidths,0.0
op_scriptstringgetorder,0.0
op_scriptapplylogicalwidth,0.0
op_scriptjustify,0.0
op_scriptgetfontproperties,0.0
op_scriptpositionsingleglyph,0.0
op_scriptsubstitutesingleglyph,0.0
op_scriptgetfontalternateglyphs,0.0
op_grdpluginproc,0.0
op_scriptgetfontlanguagetags,0.0
op_scriptgetfontscripttags,0.0
op_scriptitemizeopentype,0.0
op_scriptplaceopentype,0.0
op_pvbuffer,0.0
op_lposversioninfow,0.0
op_ipamap,0.0
op_ageresoftmodemcoinstaller,0.0
op_scriptgetfontfeaturetags,0.0
op_qtvrsettiltangle,0.0
op_doubtful,0.0
op_pifrow,0.0
op_pti,0.0
op_lastaccesstime,0.0
op_add,0.0
op_dfd,0.0
op_delay,0.0
op_unzgetlocalextrafield,0.0
op_pulong,0.0
op_qmoyiu,0.0
op_kooymwe,0.0
op_kyqic,0.0
op_ecasws,0.0
op_raopencodec,0.0
op_ippjgetlibversion,0.0
op_serverwndproc,0.0
op_mapisenddocuments,0.0
op_dwlogontype,0.0
op_szcurrent,0.0
op_nbufpoints,0.0
op_lpptbuf,0.0
op_qtvrsetpanangle,0.0
op_terminateqtvr,0.0
op_initializeqtvr,0.0
op_setsicompletionproc,0.0
op_qtvrsetfieldofview,0.0
op_qtpostinstallproc,0.0
op_copypointertoarray,0.0
op_endianflip,0.0
op_comperand,0.0
op_qtvrsetconstraints,0.0
op_qtvrwrapandconstrain,0.0
op_qtvrtilttorow,0.0
op_qtvrpantocolumn,0.0
op_qtpreuninstallproc,0.0
op_nlengthneeded,0.0
op_hmac,0.0
op_sha,0.0
op_ssleay,0.0
op_openssldie,0.0
op_unzreadcurrentfile,0.0
op_unzgotofilepos,0.0
op_unzgetfilepos,0.0
op_printabortproc,0.0
op_unzgotonextfile,0.0
op_unzgotofirstfile,0.0
op_unzgetcurrentfileinfo,0.0
op_unzgetglobalinfo,0.0
op_unzopencurrentfile,0.0
op_unzclose,0.0
op_unzopen,0.0
op_unzclosecurrentfile,0.0
op_unzlocatefile,0.0
op_printdialogproc,0.0
op_noobjs,0.0
op_lpmr,0.0
op_raencode,0.0
op_rainitencoder,0.0
op_rafreedecoder,0.0
op_radecode,0.0
op_rasetflavor,0.0
op_strings,0.0
op_ragetnumberofflavors,0.0
op_lpvolumename,0.0
op_ny,0.0
op_nx,0.0
op_ragetbackend,0.0
op_rafreeencoder,0.0
op_fnenum,0.0
op_exittime,0.0
op_ragetflavorproperty,0.0
op_pszprinter,0.0
op_lo,0.0
op_iostr,0.0
op_cat,0.0
op_ploc,0.0
op_pten,0.0
op_px,0.0
op_perr,0.0
op_phdbwcopyfile,0.0
op_hdllhandle,0.0
op_kind,0.0
op_ptrloc,0.0
op_ptrimp,0.0
op_lobj,0.0
op_xexp,0.0
op_lexp,0.0
op_psx,0.0
op_prot,0.0
op_neg,0.0
op_se,0.0
op_bbuffer,0.0
op_pwc,0.0
op_ptarget,0.0
op_contextrecord,0.0
op_retcode,0.0
op_nested,0.0
op_wep,0.0
op_onexitend,0.0
op_success,0.0
op_factor,0.0
op_xmask,0.0
op_cyin,0.0
op_pcyout,0.0
op_pdblout,0.0
op_pboolout,0.0
op_onexitbegin,0.0
op_pouttypes,0.0
op_couttypes,0.0
op_cintypes,0.0
op_szname,0.0
op_pinputtypes,0.0
op_ppmtdest,0.0
op_ppmt,0.0
op_pmtdest,0.0
op_wide,0.0
op_dmostrtoguida,0.0
op_dmoguidtostrw,0.0
op_dmoguidtostra,0.0
op_pprinter,0.0
op_nojobs,0.0
op_services,0.0
op_bscan,0.0
op_bvk,0.0
op_dmostrtoguidw,0.0
op_prec,0.0
op_dwreason,0.0
op_pex,0.0
op_ps,0.0
op_eoff,0.0
op_locname,0.0
op_dmoregister,0.0
op_moduplicatemediatype,0.0
op_dmounregister,0.0
op_mocreatemediatype,0.0
op_pmtsrc,0.0
op_mofreemediatype,0.0
op_moinitmediatype,0.0
op_guidcategory,0.0
op_dmoenum,0.0
op_dmogetname,0.0
op_dmogettypes,0.0
op_modeletemediatype,0.0
op_icwriteblk,0.0
op_icwrite,0.0
op_icweofseq,0.0
op_ictransaction,0.0
op_ictrans,0.0
op_registered,0.0
op_initlocks,0.0
op_vals,0.0
op_err,0.0
op_dwmax,0.0
op_ident,0.0
op_perfctr,0.0
op_setosthreadaffinitymask,0.0
op_processorfeatures,0.0
op_removethreat,0.0
op_finally,0.0
op_displayadobehelpclientpage,0.0
op_signature,0.0
op_icopenseq,0.0
op_icfileunlock,0.0
op_icfilelock,0.0
op_icfileinfo,0.0
op_icdelete,0.0
op_iccloseseq,0.0
op_icclearfile,0.0
op_ictimeout,0.0
op_icwriteseq,0.0
op_icrelease,0.0
op_icrecordlocked,0.0
op_icrecordlock,0.0
op_icreadv,0.0
op_icreadseq,0.0
op_icreadblk,0.0
op_icreadfields,0.0
op_icwritev,0.0
op_icseek,0.0
op_errx,0.0
op_dmul,0.0
op_maxsig,0.0
op_eseen,0.0
op_esign,0.0
op_seen,0.0
op_ssav,0.0
op_ex,0.0
op_initializeadobehelpclient,0.0
op_pnew,0.0
op_imp,0.0
op_catindex,0.0
op_ptrfac,0.0
op_lconv,0.0
op_pimagebase,0.0
op_tab,0.0
op_except,0.0
op_pnh,0.0
op_getadobehelpclientversion,0.0
op_driverinfodata,0.0
op_identifyuserthread,0.0
op_userthreadexecroutine,0.0
op_unidentifyuserthread,0.0
op_osleepexn,0.0
op_postmultipleuserthreads,0.0
op_waitforuserthreadpost,0.0
op_pdtor,0.0
op_userthreadquantumexpiredcheck,0.0
op_lpvoutbuffer,0.0
op_how,0.0
op_ismember,0.0
op_srsdestroytechinstance,0.0
op_srscreatetechinstance,0.0
op_tryentercriticalsection,0.0
op_inituserthreadscheduler,0.0
op_enablethreadtrace,0.0
op_ocreatethreadwithaffinity,0.0
op_timp,0.0
op_pointer,0.0
op_localftime,0.0
op_piret,0.0
op_networkevents,0.0
op_sshdisconnect,0.0
op_sshcheckkey,0.0
op_sshforwardconnect,0.0
op_dwregister,0.0
op_uenable,0.0
op_yamount,0.0
op_fh,0.0
op_dname,0.0
op_stream,0.0
op_result,0.0
op_ap,0.0
op_plocinfo,0.0
op_abc,0.0
op_filedes,0.0
op_chr,0.0
op_precision,0.0
op_oflag,0.0
op_envbuf,0.0
op_tb,0.0
op_ndec,0.0
op_charsout,0.0
op_f,0.0
op_bufferiswide,0.0
op_fldwidth,0.0
op_heapbuf,0.0
op_state,0.0
op_maxlen,0.0
op_envp,0.0
op_maxsize,0.0
op_available,0.0
op_prefixlen,0.0
op_controlguid,0.0
op_requestcode,0.0
op_inapenforcementclientcallback,0.0
op_iregistrarbase,0.0
op_iclassfactory,0.0
op_cstringcomparator,0.0
op_cdaostaticglobals,0.0
op_cclasstypeinfo,0.0
op_lpfilepart,0.0
op_dhcpqec,0.0
op_union,0.0
op_guidstring,0.0
op_dweventid,0.0
op_pwszdriver,0.0
op_newfilepointer,0.0
op_pbufsize,0.0
op_aceinitialize,0.0
op_catlallocator,0.0
op_param,0.0
op_sizeintchars,0.0
op_argv,0.0
op_tst,0.0
op_dataoffset,0.0
op_pctxt,0.0
op_argptr,0.0
op_n,0.0
op_traceguidreg,0.0
op_shflag,0.0
op_sizeinchars,0.0
op_pfd,0.0
op_pexcept,0.0
op_prn,0.0
op_tmp,0.0
op_num,0.0
op_ibase,0.0
op_nptr,0.0
op_current,0.0
op_pheader,0.0
op_preg,0.0
op_szwild,0.0
op_osplatform,0.0
op_status,0.0
op_numchars,0.0
op_cbvaluename,0.0
op_pnumwritten,0.0
op_ppropvar,0.0
op_requestaddress,0.0
op_pdevice,0.0
op_poutput,0.0
op_icdata,0.0
op_iccleardata,0.0
op_iccancel,0.0
op_icselectindex,0.0
op_stat,0.0
op_poutputtypes,0.0
op_pathbuf,0.0
op_pbuf,0.0
op_widechar,0.0
op_retvalue,0.0
op_timeptr,0.0
op_st,0.0
op_enull,0.0
op_pdevicename,0.0
op_pfuncinfo,0.0
op_charcount,0.0
op_d,0.0
op_timezone,0.0
op_ptd,0.0
op_floatstring,0.0
op_pfloatstr,0.0
op_fname,0.0
op_ctype,0.0
op_icalpha,0.0
op_icgetnlsinfo,0.0
op_icgetmarkvalue,0.0
op_icgetlocale,0.0
op_icsetlocale,0.0
op_icgetmap,0.0
op_icsetmap,0.0
op_icfree,0.0
op_icselect,0.0
op_arg,0.0
op_modeflag,0.0
op_supertype,0.0
op_cnt,0.0
op_prefix,0.0
op_wfd,0.0
op_pvalue,0.0
op_capexp,0.0
op_ret,0.0
op_icreadnext,0.0
op_icreadlist,0.0
op_icgetlist,0.0
op_iclock,0.0
op_icitype,0.0
op_icinputreply,0.0
op_icindices,0.0
op_icgetvalue,0.0
op_icsetvalue,0.0
op_icexecute,0.0
op_icdate,0.0
op_icmalloc,0.0
op_iccalloc,0.0
op_icunlock,0.0
op_ictimedate,0.0
op_ictime,0.0
op_icsubcallinternal,0.0
op_icsubcall,0.0
op_icexecutecontinue,0.0
op_jumpurlieforward,0.0
op_jumpurlieprint,0.0
op_jumpurlieback,0.0
op_xmlcatalogsetdefaults,0.0
op_xmlcataloggetdefaults,0.0
op_xmlcatalogcleanup,0.0
op_xmlcatalogisempty,0.0
op_xmlnewcatalog,0.0
op_icread,0.0
op_xmlparsecatalogfile,0.0
op_xmlconvertsgmlcatalog,0.0
op_uunique,0.0
op_iswctype,0.0
op_tolower,0.0
op_towlower,0.0
op_wctomb,0.0
op_iscntrl,0.0
op_xmlacatalogdump,0.0
op_crmask,0.0
op_createpluginstance,0.0
op_wfirst,0.0
op_gm,0.0
op_cjsize,0.0
op_jumpurlierefresh,0.0
op_jumphtml,0.0
op_robohelpexwatermarknonscroll,0.0
op_jumpurliestop,0.0
op_robohelpexehelp,0.0
op_robohelpexseealso,0.0
op_robohelpexshowseealso,0.0
op_robohelpexshownavpane,0.0
op_xmlfreecatalog,0.0
op_xmlbufferwritechar,0.0
op_jumpurliebrowsenext,0.0
op_jumpurliebrowseprev,0.0
op_robohelpexwatermark,0.0
op_colormap,0.0
op_lpmi,0.0
op_extsetdestfolder,0.0
op_extgetcommandstring,0.0
op_szpassword,0.0
op_pcnzch,0.0
op_psirequested,0.0
op_lpdwprocessid,0.0
op_isgraph,0.0
op_hmod,0.0
op_idhook,0.0
op_resumehandle,0.0
op_fprintf,0.0
op_fflush,0.0
op_localeconv,0.0
op_hwndfrom,0.0
op_pszsound,0.0
op_objecthandle,0.0
op_isprint,0.0
op_pflags,0.0
op_henum,0.0
op_ccount,0.0
op_objecttype,0.0
op_pacl,0.0
op_domainname,0.0
op_szcomponent,0.0
op_numberfmta,0.0
op_extprocessdrop,0.0
op_pimldp,0.0
op_fncallback,0.0
op_cieparamsaredefaults,0.0
op_initdefaultcieparams,0.0
op_pmarshalinfo,0.0
op_pfileview,0.0
op_pnumfonts,0.0
op_extquerycontextmenu,0.0
op_xmldictowns,0.0
op_xmldictqlookup,0.0
op_xmldictexists,0.0
op_xmldictlookup,0.0
op_docbparsefile,0.0
op_docbsaxparsefile,0.0
op_docbcreatefileparserctxt,0.0
op_docbparsedoc,0.0
op_ldllhandler,0.0
op_docbcreatepushparserctxt,0.0
op_docbparsechunk,0.0
op_docbfreeparserctxt,0.0
op_xmlcleanupcharencodinghandlers,0.0
op_xmlgetcharencodingname,0.0
op_xmlparsecharencoding,0.0
op_xmldelencodingalias,0.0
op_xmladdencodingalias,0.0
op_docbsaxparsedoc,0.0
op_xmlparserwarning,0.0
op_xmlparsererror,0.0
op_xmlparserprintfilecontext,0.0
op_xmlparserprintfileinfo,0.0
op_xmlsetstructurederrorfunc,0.0
op_xmlsetgenericerrorfunc,0.0
op_xmldictfree,0.0
op_xmldictreference,0.0
op_xmldictsize,0.0
op_xmldictcleanup,0.0
op_xmlispubidchar,0.0
op_xmlisideographic,0.0
op_xmlisextender,0.0
op_xmlisdigit,0.0
op_docbparsedocument,0.0
op_docbencodeentities,0.0
op_xmldictcreatesub,0.0
op_xmldictcreate,0.0
op_xmlcataloggetpublic,0.0
op_xmlcataloggetsystem,0.0
op_xmlcataloglocalresolveuri,0.0
op_xmlcataloglocalresolve,0.0
op_xmlcatalogaddlocal,0.0
op_xmlcatalogfreelocal,0.0
op_xmlcatalogconvert,0.0
op_xmliscombining,0.0
op_xmlgetencodingalias,0.0
op_xmlisblank,0.0
op_xmlisbasechar,0.0
op_xmlcharinrange,0.0
op_xmlloadcatalogs,0.0
op_xmlloadcatalog,0.0
op_xmlloadacatalog,0.0
op_robohelpexabout,0.0
op_robohelpexinitialize,0.0
op_xmlischar,0.0
op_xmlcleanupencodingaliases,0.0
op_xmldetectcharencoding,0.0
op_xmlacatalogremove,0.0
op_xmlacatalogadd,0.0
op_xmlacatalogresolveuri,0.0
op_xmlacatalogresolve,0.0
op_xmlacatalogresolvepublic,0.0
op_xmlacatalogresolvesystem,0.0
op_xmlloadsgmlsupercatalog,0.0
op_xmlcatalogsetdefaultprefer,0.0
op_xmlcatalogremove,0.0
op_xmlcatalogadd,0.0
op_xmlcatalogdump,0.0
op_xmlcatalogresolveuri,0.0
op_xmlcatalogresolve,0.0
op_xmlcatalogresolvepublic,0.0
op_xmlcatalogresolvesystem,0.0
op_xmlinitializecatalog,0.0
op_xmlcatalogsetdebug,0.0
op_pafd,0.0
op_pdwoutputbytes,0.0
op_dwframesize,0.0
op_dwpriorityclass,0.0
op_fdwid,0.0
op_phwi,0.0
op_ckid,0.0
op_lpicinfo,0.0
op_mciid,0.0
op_lpbiin,0.0
op_langloadstring,0.0
op_gethandle,0.0
op_calldllfn,0.0
op_csyncobject,0.0
op_getaudiopluginmgr,0.0
op_rmacreateinstance,0.0
op_setdllaccesspath,0.0
op_pwfxdst,0.0
op_showfolder,0.0
op_replaceicon,0.0
op_queryicon,0.0
op_deleteicon,0.0
op_deletefolder,0.0
op_createfolder,0.0
op_dwcallback,0.0
op_fdwsupport,0.0
op_paftd,0.0
op_dwinstance,0.0
op_hadid,0.0
op_cbinput,0.0
op_pwfxsrc,0.0
op_fcchandler,0.0
op_fcctype,0.0
op_picinfo,0.0
op_icinfo,0.0
op_pash,0.0
op_bdaclpresent,0.0
op_pcontrol,0.0
op_hic,0.0
op_lpdisplayname,0.0
op_psecdesc,0.0
op_dwownersize,0.0
op_dwsaclsize,0.0
op_dwdaclsize,0.0
op_pfnalloc,0.0
op_icclose,0.0
op_icopen,0.0
op_icsetsession,0.0
op_perf,0.0
op_nfit,0.0
op_pvt,0.0
op_szcookiedata,0.0
op_cboutbuffer,0.0
op_pprimarygroup,0.0
op_pfdici,0.0
op_icformlist,0.0
op_icclearselect,0.0
op_icwritenamedfields,0.0
op_icreadnamedfields,0.0
op_icwritefields,0.0
op_pdacl,0.0
op_powner,0.0
op_pvobject,0.0
op_seektype,0.0
op_dist,0.0
op_cputype,0.0
op_pfnwrite,0.0
op_pfnread,0.0
op_bdacldefaulted,0.0
op_paclinformation,0.0
op_bgroupdefaulted,0.0
op_dwrevision,0.0
op_componentviewcreatewindow,0.0
op_vergetfileversion,0.0
op_isostypent,0.0
op_getselecteditemstate,0.0
op_getports,0.0
op_getcputype,0.0
op_ispoweruser,0.0
op_pvthis,0.0
op_enumfoldersitems,0.0
op_lpszcurrent,0.0
op_componentviewselectall,0.0
op_componentviewrefresh,0.0
op_componentviewsetinfoex,0.0
op_componentviewsetinfo,0.0
op_psubjectcontext,0.0
op_showeuladialog,0.0
op_usage,0.0
op_ctypelibmanager,0.0
op_nptterminate,0.0
op_nptinitialize,0.0
op_atoi,0.0
op_atol,0.0
op_strftime,0.0
op_wcschr,0.0
op_wcspbrk,0.0
op_wcscmp,0.0
op_componentviewdestroy,0.0
op_setvbuf,0.0
op_isalnum,0.0
op_ispunct,0.0
op_isxdigit,0.0
op_isdigit,0.0
op_islower,0.0
op_isupper,0.0
op_isalpha,0.0
op_fclose,0.0
op_isempty,0.0
op_pathisvalidsyntax,0.0
op_pathcompactpathpixel,0.0
op_pathgetregistryfolder,0.0
op_pathgetspecialfolder,0.0
op_pathgetlongfromshort,0.0
op_pathgetfileext,0.0
op_pathgetfilename,0.0
op_lpszformat,0.0
op_writearrayproperty,0.0
op_writeboolproperty,0.0
op_writenumberproperty,0.0
op_writestringproperty,0.0
op_readarrayproperty,0.0
op_readboolproperty,0.0
op_readnumberproperty,0.0
op_isntadmin,0.0
op_addicon,0.0
op_szformatname,0.0
op_a,0.0
op_cwrapmap,0.0
op_ptinfo,0.0
op_ccontrolsap,0.0
op_crefcount,0.0
op_cmcscoder,0.0
op_controller,0.0
op_isobject,0.0
op_wcategory,0.0
op_phtoken,0.0
op_pdwflags,0.0
op_pathgetdir,0.0
op_pathgetpath,0.0
op_pathgetdrive,0.0
op_pathcrackurl,0.0
op_getfontsub,0.0
op_enablehourglass,0.0
op_cpluggabletransport,0.0
op_scode,0.0
op_dwcontrol,0.0
op_phnewtoken,0.0
op_optionsdlg,0.0
op_maindlg,0.0
op_driversdlg,0.0
op_adddsourcedlg,0.0
op_aboutdlg,0.0
op_acehasfeature,0.0
op_tagdbprop,0.0
op_cdslpropertyset,0.0
op_cdslproperty,0.0
op_publ,0.0
op_iattribute,0.0
op_localname,0.0
op_nlength,0.0
op_remotename,0.0
op_variantarg,0.0
op_postkerneldlcomp,0.0
op_postjfxping,0.0
op_msilocaledata,0.0
op_lpvdst,0.0
op_lpobject,0.0
op_lppbuffer,0.0
op_lpproparray,0.0
op_uluiparam,0.0
op_lpcb,0.0
op_choosefonta,0.0
op_existingfilename,0.0
op_lpszpassword,0.0
op_lpszprofilename,0.0
op_mapilogonex,0.0
op_lpmapiinit,0.0
op_mapiinitialize,0.0
op_eudoraexport,0.0
op_lprows,0.0
op_tkfocusdeadwindow,0.0
op_tkfocuskeyevent,0.0
op_tkgetfocuswin,0.0
op_tkfocusfree,0.0
op_tkfontpkginit,0.0
op_hwndcaller,0.0
op_picce,0.0
op_wtype,0.0
op_pbstrout,0.0
op_tkqueueeventforallchildren,0.0
op_tkeventdeadwindow,0.0
op_tkcurrenttime,0.0
op_tkcreatethreadexithandler,0.0
op_paletteentry,0.0
op_logpalette,0.0
op_cch,0.0
op_pmmcki,0.0
op_pfncallback,0.0
op_pdecout,0.0
op_pdateout,0.0
op_fltin,0.0
op_cdsltextequivalencepassword,0.0
op_cdslcontrol,0.0
op_cextbuffer,0.0
op_cdslcontroldatasource,0.0
op_msiunzipcore,0.0
op_tksetfocuswin,0.0
op_killfirefox,0.0
op_msiuninstalljqs,0.0
op_msiuninstalljupdate,0.0
op_regjavaconsoleiexplorer,0.0
op_installjqs,0.0
op_lpclsid,0.0
op_tkdeletethreadexithandler,0.0
op_tkfocusfilterevent,0.0
op_killiexplore,0.0
op_bshow,0.0
op_pcheaten,0.0
op_hcryptkey,0.0
op_hcryptprov,0.0
op_destination,0.0
op_pdwdatalen,0.0
op_ifirst,0.0
op_pvertex,0.0
op_postkernelcomp,0.0
op_lpcookie,0.0
op_ppzm,0.0
op_pbresult,0.0
op_ulcookie,0.0
op_targettype,0.0
op_columnnumber,0.0
op_lpextension,0.0
op_timestr,0.0
op_pmesh,0.0
op_hssetterm,0.0
op_hsalloc,0.0
op_lpszpathname,0.0
op_pulstatus,0.0
op_changeecomode,0.0
op_enumsymbolscallback,0.0
op_te,0.0
op_lpbitmapname,0.0
op_lprcupdate,0.0
op_hsfree,0.0
op_hsgetinfo,0.0
op_hsgetcount,0.0
op_pbdata,0.0
op_timecallback,0.0
op_dwuser,0.0
op_hdriver,0.0
op_ppalentries,0.0
op_pncreateinstance,0.0
op_pcbvalue,0.0
op_tpinballtable,0.0
op_uidcheckitem,0.0
op_udeviceid,0.0
op_ttextbox,0.0
op_infovalue,0.0
op_lpfontdesc,0.0
op_msijsse,0.0
op_bitmapinfo,0.0
op_msijavaws,0.0
op_msideploy,0.0
op_msicharsets,0.0
op_msireplaceiedlls,0.0
op_msiduplicateunzippedfiles,0.0
op_sa,0.0
op_sb,0.0
op_pcchlength,0.0
op_msijaws,0.0
op_pszurl,0.0
op_initpluginshim,0.0
op_dispatchbrowserevent,0.0
op_lpmapisession,0.0
op_lpadrlist,0.0
op_mapiallocatemore,0.0
op_ulflags,0.0
op_pwauthnsvc,0.0
op_fsqltype,0.0
op_mem,0.0
op_cxpathkeywordtable,0.0
op_cxmlunicode,0.0
op_cxmlencode,0.0
op_cpathcheck,0.0
op_renderopt,0.0
op_stringlengthptr,0.0
op_flock,0.0
op_pvtime,0.0
op_ucmdshow,0.0
op_cbbuf,0.0
op_pcchbuffer,0.0
op_ymask,0.0
op_plpen,0.0
op_penumvariant,0.0
op_bottom,0.0
op_cstyle,0.0
op_hdcref,0.0
op_pmmioinfo,0.0
op_runphotodownloader,0.0
op_retstr,0.0
op_lpmalloc,0.0
op_clsid,0.0
op_oftimeincludedofthat,0.0
op_standardsstandards,0.0
op_standalonetechnologiesstandalone,0.0
op_provideswherebyincorporate,0.0
op_adata,0.0
op_sqlremovedriver,0.0
op_sqlgetprivateprofilestring,0.0
op_sqlwriteprivateprofilestring,0.0
op_regpendingfileoperation,0.0
op_regpendingfilerenameoperation,0.0
op_fuload,0.0
op_ptszclassname,0.0
op_pch,0.0
op_dllmain,0.0
op_cwidth,0.0
op_pstyle,0.0
op_limit,0.0
op_pvbits,0.0
op_packeddib,0.0
op_agmterminate,0.0
op_agminitialize,0.0
op_agmgetversion,0.0
op_szfilename,0.0
op_cgloballock,0.0
op_mechanismthatbeaimplement,0.0
op_sqlvaliddsn,0.0
op_orgsmlaterplatform,0.0
op_pvout,0.0
op_pvin,0.0
op_lpoutputfunc,0.0
op_ntaborigin,0.0
op_totojavaversion,0.0
op_lpread,0.0
op_ws,0.0
op_wbmid,0.0
op_nbitmaps,0.0
op_style,0.0
op_hi,0.0
op_blockfunc,0.0
op_providerid,0.0
op_ybottom,0.0
op_classestheor,0.0
op_itsmjcp,0.0
op_processlaterversion,0.0
op_areinterfacesoutsidetechnologypackages,0.0
op_incorporatedit,0.0
op_overrideusedtechnologies,0.0
op_communitystandaloneplatformcreated,0.0
op_endorsedoverrideoverride,0.0
op_pbdetachedhashblob,0.0
op_platformthatisplatformversions,0.0
op_glint,0.0
op_atoprovidesimplement,0.0
op_ofstandaloneversionlater,0.0
op_updatejavainformationnecessary,0.0
op_jcpsm,0.0
op_meansjavatheismore,0.0
op_totimeitthatwww,0.0
op_correspondplatformaorto,0.0
op_tkselinit,0.0
op_tkseldeadwindow,0.0
op_tkstylepkginit,0.0
op_tkstylepkgfree,0.0
op_tkptesttextcmd,0.0
op_tkinoutevents,0.0
op_tkchangeeventwindow,0.0
op_tkgrabstate,0.0
op_sqlinstalltranslator,0.0
op_tkdeleteallimages,0.0
op_tkgetbitmapdata,0.0
op_tkphotogetvalidregion,0.0
op_tksetwindowmenubar,0.0
op_tkfontpkgfree,0.0
op_tkcreateframe,0.0
op_tktoplevelwindowforcommand,0.0
op_tkinstallframemenu,0.0
op_tkpositionintree,0.0
op_pwh,0.0
op_ishellfolder,0.0
op_pdataobj,0.0
op_clr,0.0
op_pdweffect,0.0
op_vfwwdmextension,0.0
op_ucheck,0.0
op_lpwavehdr,0.0
op_tkoptionclasschanged,0.0
op_tkmakebeziercurve,0.0
op_tkmakerawcurve,0.0
op_tkmakerawcurvepostscript,0.0
op_tkpolygontoarea,0.0
op_tkbezierscreenpoints,0.0
op_tklinetopoint,0.0
op_tkgetwindowfromobj,0.0
op_tkoptiondeadwindow,0.0
op_tedgemanager,0.0
op_tkfindstatestring,0.0
op_tkfindstatenum,0.0
op_tkfindstatenumobj,0.0
op_tkcreatemainwindow,0.0
op_tkdoconfigurenotify,0.0
op_tkgetdisplay,0.0
op_tklinetoarea,0.0
op_tkpolygontopoint,0.0
op_nbitcount,0.0
op_tkincludepoint,0.0
op_tkbezierpoints,0.0
op_tkgetmiterpoints,0.0
op_tkgetbuttpoints,0.0
op_udestdirlen,0.0
op_ucurdirlen,0.0
op_sqlconfigdriver,0.0
op_sqlremovetranslator,0.0
op_tkovaltopoint,0.0
op_tkgccleanup,0.0
op_tkpointerevent,0.0
op_tkgrabdeadwindow,0.0
op_createinterface,0.0
op_tolen,0.0
op_fltsave,0.0
op_fltload,0.0
op_fltenumdimensions,0.0
op_tkcomputeanchor,0.0
op_fltinfo,0.0
op_tkgetdisplaylist,0.0
op_tkgetmaininfolist,0.0
op_tkallocwindow,0.0
op_ucode,0.0
op_hrgndst,0.0
op_hwndnewowner,0.0
op_clines,0.0
op_tkdrawinsetfocushighlight,0.0
op_fltgetres,0.0
op_dwkeyspec,0.0
op_pchaincontext,0.0
op_ppchaincontext,0.0
op_dwdatalen,0.0
op_cbcertencoded,0.0
op_cchnamestring,0.0
op_alcmakecontextcurrent,0.0
op_alcgetintegerv,0.0
op_hsdialog,0.0
op_alcclosedevice,0.0
op_alcgetcontextsdevice,0.0
op_alcgetcurrentcontext,0.0
op_alcdestroycontext,0.0
op_alcgetenumvalue,0.0
op_icfmt,0.0
op_icfieldstore,0.0
op_icfield,0.0
op_alccaptureopendevice,0.0
op_oadispstatic,0.0
op_raropenarchive,0.0
op_enhmetaheader,0.0
op_potm,0.0
op_nidbutton,0.0
op_hdpa,0.0
op_lhsession,0.0
op_flflags,0.0
op_pdwsiglen,0.0
op_cchlength,0.0
op_rargetdllversion,0.0
op_rarsetpassword,0.0
op_rarsetprocessdataproc,0.0
op_rarsetcallback,0.0
op_rarreadheaderex,0.0
op_rarreadheader,0.0
op_rarclosearchive,0.0
op_ulreserved,0.0
op_ictrim,0.0
op_icstrdel,0.0
op_alsourceiv,0.0
op_alsourcei,0.0
op_alsourcefv,0.0
op_alsourcef,0.0
op_alsourcequeuebuffers,0.0
op_algetsourceiv,0.0
op_icextract,0.0
op_algetsourcefv,0.0
op_algetbooleanv,0.0
op_algetinteger,0.0
op_algetfloat,0.0
op_algetdouble,0.0
op_algetboolean,0.0
op_alisenabled,0.0
op_alenable,0.0
op_algetsourcei,0.0
op_icdcount,0.0
op_iccount,0.0
op_icconvert,0.0
op_alcopendevice,0.0
op_icreplace,0.0
op_icremove,0.0
op_icraise,0.0
op_icoconv,0.0
op_wrenderfile,0.0
op_iclocate,0.0
op_icinsert,0.0
op_iciconv,0.0
op_wdestroycontext,0.0
op_wstartconvert,0.0
op_wgetbuflength,0.0
op_wseek,0.0
op_wgetduration,0.0
op_iclower,0.0
op_exp,0.0
op_tanh,0.0
op_cosh,0.0
op_sinh,0.0
op_cos,0.0
op_atan,0.0
op_asin,0.0
op_setlocale,0.0
op_oatwowaymap,0.0
op_floor,0.0
op_ceil,0.0
op_tan,0.0
op_sqrt,0.0
op_sin,0.0
op_log,0.0
op_requestcontext,0.0
op_atldllmodule,0.0
op_modf,0.0
op_aceterminate,0.0
op_acegetversion,0.0
op_bforcebkgd,0.0
op_uformat,0.0
op_cwboblist,0.0
op_number,0.0
op_lpdefault,0.0
op_lpcchvaluename,0.0
op_fmod,0.0
op_lpcchname,0.0
op_acos,0.0
op_strspn,0.0
op_strrchr,0.0
op_memchr,0.0
op_longjmp,0.0
op_strcspn,0.0
op_strncat,0.0
op_lpcchclass,0.0
op_wcsncpy,0.0
op_mbstowcs,0.0
op_towupper,0.0
op_mbtowc,0.0
op_strpbrk,0.0
op_strcmp,0.0
op_strstr,0.0
op_strchr,0.0
op_loggerhandle,0.0
op_strcat,0.0
op_exit,0.0
op_albufferi,0.0
op_albufferfv,0.0
op_albufferf,0.0
op_alccreatecontext,0.0
op_logfont,0.0
op_sig,0.0
op_strncpy,0.0
op_installstate,0.0
op_pcchbuf,0.0
op_raise,0.0
op_signal,0.0
op_abort,0.0
op_prgpvarg,0.0
op_coinstallerproc,0.0
op_dwbuflen,0.0
op_getenv,0.0
op_hpubkey,0.0
op_dwsiglen,0.0
op_malloc,0.0
op_wcscpy,0.0
op_realloc,0.0
op_memset,0.0
op_atexit,0.0
op_strcpy,0.0
op_wcslen,0.0
op_pcert,0.0
op_ppeaperror,0.0
op_property,0.0
op_pumxid,0.0
op_umxid,0.0
op_pmxl,0.0
op_eappeerqueryuserblobfromcredentialinputfields,0.0
op_pbeapconndata,0.0
op_eappeerquerycredentialinputfields,0.0
op_alsourceplayv,0.0
op_eappeerinvokeinteractiveui,0.0
op_pcchreaders,0.0
op_phuserkey,0.0
op_peaptype,0.0
op_rnclosebrowserrecordext,0.0
op_symbolsize,0.0
op_psyminfo,0.0
op_basename,0.0
op_eappeerinvokeidentityui,0.0
op_pcbrecvlength,0.0
op_makethumbnailw,0.0
op_getframenumberbyframetime,0.0
op_getframetimebyframenumber,0.0
op_setbitmapinfoheader,0.0
op_setpcmwaveformatex,0.0
op_makepcmwavefileheader,0.0
op_nmesh,0.0
op_eapmethodtype,0.0
op_pmxlc,0.0
op_phmx,0.0
op_startui,0.0
op_encodeqcelpenc,0.0
op_getheadqcelpenc,0.0
op_closeqcelpenc,0.0
op_openqcelpenc,0.0
op_runproject,0.0
op_nvertex,0.0
op_xoriginsrc,0.0
op_transparentblt,0.0
op_cleanupresourceloader,0.0
op_bibutilsgetversion,0.0
op_pszstring,0.0
op_statementhandle,0.0
op_bufferlength,0.0
op_targetvalue,0.0
op_ppsmemcounters,0.0
op_getecomode,0.0
op_setsetting,0.0
op_getsetting,0.0
op_issupport,0.0
op_terminate,0.0
op_oldfilename,0.0
op_bibutilsterminate,0.0
op_bibutilsinitialize,0.0
op_cprocesslocalobject,0.0
op_exceptionparam,0.0
op_pservicename,0.0
op_enummodulescallback,0.0
op_fltcomment,0.0
op_fltdeletepage,0.0
op_cgdiobject,0.0
op_vtime,0.0
op_cbname,0.0
op_yoriginsrc,0.0
op_biblocksmithunlockimpl,0.0
op_biblocksmithlockimpl,0.0
op_bibterminate,0.0
op_bibgetversion,0.0
op_bibgetgetprocaddress,0.0
op_crtransparent,0.0
op_vsetddrawflag,0.0
op_alphablend,0.0
op_gradientfill,0.0
op_biblocksmithassertnolocksimpl,0.0
op_algetbufferfv,0.0
op_albufferiv,0.0
op_alisbuffer,0.0
op_algenbuffers,0.0
op_allistenerfv,0.0
op_allistenerf,0.0
op_algetenumvalue,0.0
op_algetprocaddress,0.0
op_pbrecvbuffer,0.0
op_algeterror,0.0
op_eaxset,0.0
op_eaxget,0.0
op_alsourcepause,0.0
op_alissource,0.0
op_algetlisteneriv,0.0
op_algetlisteneri,0.0
op_algetlistenerfv,0.0
op_alisextensionpresent,0.0
op_aldistancemodel,0.0
op_alspeedofsound,0.0
op_aldopplervelocity,0.0
op_aldopplerfactor,0.0
op_algetstring,0.0
op_algetintegerv,0.0
op_algetfloatv,0.0
op_algetdoublev,0.0
op_algetbufferi,0.0
op_alcisextensionpresent,0.0
op_pwic,0.0
op_alcgetstring,0.0
op_alccapturesamples,0.0
op_alccapturestart,0.0
op_alccaptureclosedevice,0.0
op_aldeletebuffers,0.0
op_algetbufferiv,0.0
op_alcgetprocaddress,0.0
op_rgreaderstates,0.0
op_mszreaders,0.0
op_mszcards,0.0
op_hprov,0.0
op_pbbuffer,0.0
op_peapinfo,0.0
op_pconfigin,0.0
op_pcredentialsdoc,0.0
op_algetlistenerf,0.0
op_pconfigdoc,0.0
op_pdwuserblobsize,0.0
op_csqmfileuploadmanager,0.0
op_ppbscbprev,0.0
op_pvinstance,0.0
op_pvargresult,0.0
op_bstrleft,0.0
op_pcertcontext,0.0
op_ppconfigout,0.0
op_allisteneriv,0.0
op_allisteneri,0.0
op_algetsourcef,0.0
op_aldeletesources,0.0
op_algensources,0.0
op_alsourceunqueuebuffers,0.0
op_alsourcerewindv,0.0
op_alsourcerewind,0.0
op_pconnectiondata,0.0
op_alsourcepausev,0.0
op_hcard,0.0
op_eappeergetinfo,0.0
op_eappeerfreememory,0.0
op_ppvreserved,0.0
op_dwversion,0.0
op_eappeerqueryuiblobfrominteractiveuiinputfields,0.0
op_ppwszidentity,0.0
op_ppuserdataout,0.0
op_alsourcestopv,0.0
op_infspec,0.0
op_diskname,0.0
op_lpstruct,0.0
op_privilegeset,0.0
op_pvinfo,0.0
op_cbmax,0.0
op_lpiid,0.0
op_createrevbaseinterface,0.0
op_xmlparservalidityerror,0.0
op_loffset,0.0
op_targetdirectory,0.0
op_targetfilename,0.0
op_targetfilesize,0.0
op_sourcefilesize,0.0
op_kbshowerror,0.0
op_kbshowtopic,0.0
op_kbloadlist,0.0
op_revproc,0.0
op_jobid,0.0
op_heventobject,0.0
op_statusmonitorw,0.0
op_accvarclear,0.0
op_accvarinit,0.0
op_accstringlen,0.0
op_accstringalloc,0.0
op_accmemfree,0.0
op_accvarcopy,0.0
op_accpostquit,0.0
op_accarrayredim,0.0
op_accarraycopy,0.0
op_accarraydestroy,0.0
op_accarraycreate,0.0
op_accunixtimetovartime,0.0
op_accvartimetounixtime,0.0
op_accvarchangetype,0.0
op_accmemalloc,0.0
op_vmlsetfaceidentifydictionarymode,0.0
op_vmlgetconfig,0.0
op_pathbuffer,0.0
op_isuseradmin,0.0
op_cobjects,0.0
op_hacctable,0.0
op_vmlsetdebugmode,0.0
op_vmlgetsequencelist,0.0
op_kbsetkbase,0.0
op_installcomponentw,0.0
op_installinfsectiona,0.0
op_installinfsectionw,0.0
op_filequeue,0.0
op_sourcefilename,0.0
op_callbackroutine,0.0
op_driverinstallcomponents,0.0
op_hspfileq,0.0
op_installcomponenta,0.0
op_kbgetkbaselist,0.0
op_kbdestroyinterface,0.0
op_kbcreateinterface,0.0
op_kxproc,0.0
op_pszformat,0.0
op_cwcleanup,0.0
op_cwstoplogging,0.0
op_cwstartlogging,0.0
op_vmlsetfaceengineparam,0.0
op_cwinitialize,0.0
op_pvarleft,0.0
op_ireadwrite,0.0
op_vmlgetlibraryversion,0.0
op_vmlinputaudio,0.0
op_vmlinputimage,0.0
op_vmlsetaudioengineparam,0.0
op_vmlsetsceneengineparam,0.0
op_cwteststop,0.0
op_bppgetentrypoints,0.0
op_hrasconn,0.0
op_lpextensionid,0.0
op_guidservice,0.0
op_propvar,0.0
op_propkey,0.0
op_propvarin,0.0
op_citemgrow,0.0
op_accsetdelayloadroot,0.0
op_srwlock,0.0
op_uidsubclass,0.0
op_accarraygetelemsize,0.0
op_accarrayptrofindex,0.0
op_accarrayputelement,0.0
op_accarraygetelement,0.0
op_accarraygetcount,0.0
op_accarraygetvartype,0.0
op_dwrefdata,0.0
op_presourceid,0.0
op_pulsize,0.0
op_mmxsharpenfilter,0.0
op_getsharpnessadjustments,0.0
op_convertrgbtoyuv,0.0
op_dwnumdevs,0.0
op_dtuserialrundll,0.0
op_connectmngr,0.0
op_fninternetcallback,0.0
op_szservername,0.0
op_plclogconf,0.0
op_forresource,0.0
op_rdresdes,0.0
op_pfret,0.0
op_iresult,0.0
op_username,0.0
op_lpszverb,0.0
op_buffersin,0.0
op_getcolorconverter,0.0
op_setcoloradjustments,0.0
op_initcolorconverter,0.0
op_rncolorcreateimagemanipulator,0.0
op_chttpgenerator,0.0
op_query,0.0
op_initializeprintmonitor,0.0
op_initializemonitorex,0.0
op_accarrayunlock,0.0
op_hostnametoip,0.0
op_hevents,0.0
op_psessionid,0.0
op_hrecipient,0.0
op_accgetmessagequeue,0.0
op_accmessageloop,0.0
op_accdispatchmessages,0.0
op_accgetsessions,0.0
op_sendxpmlrequest,0.0
op_accarraylock,0.0
op_accpostmessage,0.0
op_acccreateobject,0.0
op_accpluginuninstall,0.0
op_accplugininstall,0.0
op_accplugingetinfo,0.0
op_acccreatesession,0.0
op_accstreamcreatefrommemory,0.0
op_scancompatiblecolorformats,0.0
op_regsam,0.0
op_expiretime,0.0
op_adapterinfo,0.0
op_destip,0.0
op_phyaddrlen,0.0
op_pmacaddr,0.0
op_accstringfree,0.0
op_accstringcompare,0.0
op_scanallcompatiblecolorformats,0.0
op_accgetsession,0.0
op_dispid,0.0
op_pwnd,0.0
op_ar,0.0
op_e,0.0
op_sc,0.0
op_vdkkbsavequery,0.0
op_vdkkbgetinfofree,0.0
op_devicewrite,0.0
op_proxyremoteinstalla,0.0
op_setdevicetimeout,0.0
op_getdeviceiocontrol,0.0
op_deviceopen,0.0
op_devicecheck,0.0
op_vdkquerymap,0.0
op_vdkqparserfree,0.0
op_vdkqparsernew,0.0
op_vdklocknoop,0.0
op_deviceread,0.0
op_quickscan,0.0
op_deviceclose,0.0
op_beencodechunk,0.0
op_beversion,0.0
op_beclosestream,0.0
op_bedeinitstream,0.0
op_rpentrypoint,0.0
op_wch,0.0
op_var,0.0
op_pszpropname,0.0
op_nidc,0.0
op_pparentwnd,0.0
op_pdx,0.0
op_nid,0.0
op_lprcscroll,0.0
op_nflags,0.0
op_lpszname,0.0
op_pointertorawdata,0.0
op_vdksessiondefinegateway,0.0
op_hurltosite,0.0
op_handlebtnnewautoplaylist,0.0
op_handlebtnnewgroup,0.0
op_handlebtnnewplaylist,0.0
op_getapppointer,0.0
op_setapppointer,0.0
op_getautoplaylistmanager,0.0
op_vdklockdefault,0.0
op_lpoptional,0.0
op_dwheaderslength,0.0
op_ndefaulttimeout,0.0
op_dwopenmode,0.0
op_recordfromanalogsource,0.0
op_gethurlinterface,0.0
op_getregisteralet,0.0
op_unregisteralet,0.0
op_szstring,0.0
op_vdkkbexportotl,0.0
op_vdkkbimportotl,0.0
op_vdkkbdelete,0.0
op_vdkservice,0.0
op_vdksearchdocidtonth,0.0
op_vdksearchmerge,0.0
op_vdksearchsetinfo,0.0
op_vdksearchgetinfofree,0.0
op_vdksessionnew,0.0
op_vdksearchnew,0.0
op_vdkquerymapfree,0.0
op_vdktfielditerate,0.0
op_vdktfieldnew,0.0
op_vdksessionfree,0.0
op_vdksessionsetinfo,0.0
op_vdksessiongetinfofree,0.0
op_vdksessionspawn,0.0
op_vdksearchgetinfo,0.0
op_member,0.0
op_propdispdriver,0.0
op_col,0.0
op_nitem,0.0
op_strtemp,0.0
op_rstring,0.0
op_rectclient,0.0
op_pbar,0.0
op_getinterface,0.0
op_nhashbucket,0.0
op_pllength,0.0
op_vmlsetconfig,0.0
op_vmlsetfilmroll,0.0
op_vmlsetoutputmetafile,0.0
op_vmlsetaudioformat,0.0
op_vmlsetvideoformat,0.0
op_vmlcancel,0.0
op_nhashvalue,0.0
op_proxyremoteinstallw,0.0
op_douninstalla,0.0
op_douninstallw,0.0
op_uninstallcomponent,0.0
op_doinstalla,0.0
op_doinstallw,0.0
op_lpszwindowname,0.0
op_pstringmgr,0.0
op_nlen,0.0
op_pdoc,0.0
op_cnotrackobject,0.0
op_strvalue,0.0
op_bsuccess,0.0
op_lpsztext,0.0
op_dwpropid,0.0
op_systimes,0.0
op_pinfo,0.0
op_cfformat,0.0
op_szerrormessage,0.0
op_formatetc,0.0
op_fx,0.0
op_hwndctrl,0.0
op_strpropname,0.0
op_ntype,0.0
op_lpolestr,0.0
op_dwinfooptions,0.0
op_vmlfinalize,0.0
op_pfx,0.0
op_presult,0.0
op_colevariant,0.0
op_addressofrawdata,0.0
op_sizeofdata,0.0
op_majorversion,0.0
op_timedatestamp,0.0
op_mbch,0.0
op_bresult,0.0
op_nmaxlength,0.0
op_nfield,0.0
op_cobject,0.0
op_carchive,0.0
op_varchild,0.0
op_lpformatetc,0.0
op_pdc,0.0
op_pcmdui,0.0
op_newelement,0.0
op_hr,0.0
op_message,0.0
op_pmsg,0.0
op_ulactctxcookie,0.0
op_panyexception,0.0
op_csize,0.0
op_precordset,0.0
op_perror,0.0
op_ppx,0.0
op_lpstgmedium,0.0
op_getinstalltempdescfilename,0.0
op_getinstalltempfolder,0.0
op_sclock,0.0
op_remove,0.0
op_phdbwgetdbfilename,0.0
op_phdbwinitdatabase,0.0
op_hlookup,0.0
op_stopallcontact,0.0
op_prdresdes,0.0
op_ishavefreeinstall,0.0
op_checkfreeinstall,0.0
op_checklocalres,0.0
op_glutsolidcube,0.0
op_glutwirecube,0.0
op_glutsolidcone,0.0
op_baseradius,0.0
op_glutwirecone,0.0
op_startservercontact,0.0
op_glutcreatesubwindow,0.0
op_glutcreatewindow,0.0
op_glutsetwindow,0.0
op_glutgetwindow,0.0
op_glutwarppointer,0.0
op_glutvideoresize,0.0
op_setup,0.0
op_previouscount,0.0
op_getlocalfilename,0.0
op_glutwindowstatusfunc,0.0
op_glutentryfunc,0.0
op_glutpassivemotionfunc,0.0
op_glutmotionfunc,0.0
op_glutmousefunc,0.0
op_thirdisinstalled,0.0
op_isneedinstall,0.0
op_appisinstalled,0.0
op_hmx,0.0
op_glutstopvideoresizing,0.0
op_glutsetupvideoresizing,0.0
op_glutvideoresizeget,0.0
op_glutreporterrors,0.0
op_glutwireteapot,0.0
op_glutsolidteapot,0.0
op_gluttabletbuttonfunc,0.0
op_glutgamemodeget,0.0
op_glutsolidsphere,0.0
op_glutleavegamemode,0.0
op_glutfullscreen,0.0
op_glutextensionsupported,0.0
op_glutmainloop,0.0
op_glutpostwindowredisplay,0.0
op_glutforcejoystickfunc,0.0
op_glutjoystickfunc,0.0
op_glutdeviceget,0.0
op_glutentergamemode,0.0
op_radius,0.0
op_glutwiresphere,0.0
op_glutwiretetrahedron,0.0
op_glutsolidicosahedron,0.0
op_glutwireicosahedron,0.0
op_glutwireoctahedron,0.0
op_glutsoliddodecahedron,0.0
op_glutwiredodecahedron,0.0
op_glutsolidtetrahedron,0.0
op_glutwiretorus,0.0
op_glutstrokelength,0.0
op_glutstrokewidth,0.0
op_glutswapbuffers,0.0
op_glutstrokecharacter,0.0
op_glutspaceballbuttonfunc,0.0
op_glutspaceballrotatefunc,0.0
op_glutspaceballmotionfunc,0.0
op_glutsolidtorus,0.0
op_notesgetnotehandles,0.0
op_createocraccsclass,0.0
op_pszbuf,0.0
op_phdbwunregistsimilar,0.0
op_phdbwexecutesql,0.0
op_phdbwfreestringlist,0.0
op_phdbwgetqueryfilelist,0.0
op_getnotesnumberfield,0.0
op_glutdestroywindow,0.0
op_getnotesstringfield,0.0
op_setnotesstringfield,0.0
op_notesclosedb,0.0
op_notesgetdbhandle,0.0
op_notesreopendb,0.0
op_usdoallupdateswithuiex,0.0
op_usdoallupdateswithui,0.0
op_usshowupdatessettingsdialog,0.0
op_setnotesnumberfield,0.0
op_getmessagename,0.0
op_numberofmessages,0.0
op_binkdata,0.0
op_utsetdemographic,0.0
op_utgetdemographic,0.0
op_utoptinset,0.0
op_utoptinget,0.0
op_utsetoptin,0.0
op_phdbwreadupdatedata,0.0
op_utclosesession,0.0
op_phdbwdeletefileex,0.0
op_phdbwmovefileex,0.0
op_phdbwgetcheck,0.0
op_phdbwsetcheck,0.0
op_phdbwreadimagebatch,0.0
op_phdbwupdatetabledata,0.0
op_phdbwdeleteinfo,0.0
op_utgetoptin,0.0
op_phdbwrefreshfolder,0.0
op_phdbwgetreadtabledataex,0.0
op_phdbwgetreadtabledatacount,0.0
op_phdbwgetreadtabledata,0.0
op_phdbwquery,0.0
op_phdbwupdatecomment,0.0
op_phdbwreadcomment,0.0
op_phdbwupdateimage,0.0
op_usdoallupdates,0.0
op_phdbwrefreshall,0.0
op_phdbwrefreshfiles,0.0
op_pixelformatdescriptor,0.0
op_phdbwfreephimagedatalist,0.0
op_phdbwfreemetaidxdatalist,0.0
op_phdbwfreemetadatalist,0.0
op_phdbwfreemetataglist,0.0
op_glutdisplayfunc,0.0
op_phdbwwriteupdatedata,0.0
op_usdonag,0.0
op_usdelete,0.0
op_uscreate,0.0
op_rtnicproppageprovider,0.0
op_phdbwupdatefilepartially,0.0
op_phdbwenrollimage,0.0
op_phdbwenrollfile,0.0
op_phdbwenrollfolder,0.0
op_phdbwsetfolderinfo,0.0
op_phdbwgetdatatablenum,0.0
op_phdbwexitdatabase,0.0
op_phdbwgetfolderinfo,0.0
op_phdbwreadimage,0.0
op_phdbwreadfilepartially,0.0
op_phdbwreadfile,0.0
op_phdbwmovefile,0.0
op_phdbwdeletefile,0.0
op_phdbwdeletefolder,0.0
op_phdbwgetdatatable,0.0
op_vdkdocread,0.0
op_vdkdocwrite,0.0
op_vdkcollectionfrompath,0.0
op_vdkcollectiongetinfofree,0.0
op_vdkcollectiongetinfo,0.0
op_vdkcollectionsubmit,0.0
op_vdkdocmapfree,0.0
op_vdkdocmap,0.0
op_glutinitdisplaymode,0.0
op_vdkdocstreamfree,0.0
op_vdkdocstreamreadfree,0.0
op_vdkdocstreamread,0.0
op_vdkdocstreamnew,0.0
op_vdkdocreadbatchfree,0.0
op_vdkkbgetinfo,0.0
op_vdkkbsetinfo,0.0
op_vdkkbclose,0.0
op_vdkdocdelete,0.0
op_cbitem,0.0
op_preloadstop,0.0
op_mapifreebuffer,0.0
op_itolen,0.0
op_pzgcreateencrypt,0.0
op_pzgstringencrypt,0.0
op_pzgstreamencrypt,0.0
op_securitymode,0.0
op_vdkdocreadfree,0.0
op_vdkcollectionopen,0.0
op_vdkassistexpandfree,0.0
op_vdkassistexpand,0.0
op_lplpdp,0.0
op_lpguid,0.0
op_phuser,0.0
op_deletenbemail,0.0
op_vdkdocreadbatch,0.0
op_vdkcollectionclose,0.0
op_logfonta,0.0
op_hwi,0.0
op_keytype,0.0
op_sourcerootpath,0.0
op_ownerwindow,0.0
op_pdrivername,0.0
op_hctl,0.0
op_pullength,0.0
op_vdkkbfrompath,0.0
op_deletenbsocket,0.0
op_createnbsocket,0.0
op_deleteftpinterface,0.0
op_createftpinterface,0.0
op_progressroutine,0.0
op_proto,0.0
op_dlgproc,0.0
op_hmachine,0.0
op_createnbemail,0.0
op_vdkhighlightread,0.0
op_vdkfiltersdirectory,0.0
op_vdkhighlightms,0.0
op_pwszdst,0.0
op_hmdst,0.0
op_punksite,0.0
op_pvinstdata,0.0
op_pidlchild,0.0
op_grfmode,0.0
op_pszname,0.0
op_varin,0.0
op_xpstgdevicegetusbserialandbcddevice,0.0
op_xpstgdevicegetusbserial,0.0
op_xpstgdevgetvenidandprodid,0.0
op_brevert,0.0
op_lpwndpl,0.0
op_lpmode,0.0
op_pfncb,0.0
op_phwnd,0.0
op_glutuselayer,0.0
op_glutremoveoverlay,0.0
op_mailtoprotocolhandler,0.0
op_removeservice,0.0
op_bmapidetails,0.0
op_bmapigetaddress,0.0
op_bmapiaddress,0.0
op_bmapireadmail,0.0
op_lpdtp,0.0
op_bmapiresolvename,0.0
op_szreturnbuffer,0.0
op_cisaputrace,0.0
op_hdialogtemplate,0.0
op_vsdllunregisterserver,0.0
op_vsdllregisterserver,0.0
op_propsheetpagew,0.0
op_addservice,0.0
op_bmapifindnext,0.0
op_glutinitwindowsize,0.0
op_glutinitwindowposition,0.0
op_glutinit,0.0
op_glutget,0.0
op_glutestablishoverlay,0.0
op_glutgetmodifiers,0.0
op_glutspecialupfunc,0.0
op_glutkeyboardupfunc,0.0
op_glutpostoverlayredisplay,0.0
op_glutignorekeyrepeat,0.0
op_glutspecialfunc,0.0
op_glutkeyboardfunc,0.0
op_glutlayerget,0.0
op_glutshowoverlay,0.0
op_gluthideoverlay,0.0
op_glutoverlaydisplayfunc,0.0
op_glutpostwindowoverlayredisplay,0.0
op_glutsetkeyrepeat,0.0
op_lpguidsp,0.0
op_password,0.0
op_lpdp,0.0
op_lpstartupinfo,0.0
op_compform,0.0
op_evtmask,0.0
op_modemstat,0.0
op_pdwsize,0.0
op_openinboxhandler,0.0
op_hwndnewparent,0.0
op_nmaxpos,0.0
op_nminpos,0.0
op_binarypathname,0.0
op_pecb,0.0
op_pver,0.0
op_dwcopyflags,0.0
op_lppackeddib,0.0
op_lpsi,0.0
op_glutgetcolor,0.0
op_glutsetcolor,0.0
op_glutbitmapwidth,0.0
op_glutbitmapcharacter,0.0
op_pji,0.0
op_stacks,0.0
op_slices,0.0
op_operation,0.0
op_hwritepipe,0.0
op_gluttimerfunc,0.0
op_glutidlefunc,0.0
op_glutinitdisplaystring,0.0
op_glutdialsfunc,0.0
op_glutbuttonboxfunc,0.0
op_glutsetcursor,0.0
op_glutcopycolormap,0.0
op_bredraw,0.0
op_hreadpipe,0.0
op_glutpostredisplay,0.0
op_uscancode,0.0
op_hchange,0.0
op_setstatus,0.0
op_getstatus,0.0
op_getlogdirectory,0.0
op_getagentpath,0.0
op_agentexists,0.0
op_runtbupdate,0.0
op_registeralet,0.0
op_lpaccountname,0.0
op_gifqprintf,0.0
op_quantizebuffer,0.0
op_lpdatestr,0.0
op_hsztopic,0.0
op_hszservice,0.0
op_pidinst,0.0
op_idinst,0.0
op_pfresult,0.0
op_egifputscreendesc,0.0
op_egifputimagedesc,0.0
op_egifopenfilename,0.0
op_egifopenfilehandle,0.0
op_egifopen,0.0
op_egifsetgifversion,0.0
op_vbits,0.0
op_height,0.0
op_candidate,0.0
op_ppfd,0.0
op_noprefix,0.0
op_processgrouppolicyforzonemap,0.0
op_brandieactivesetup,0.0
op_lpfrequency,0.0
op_ppowerpolicy,0.0
op_puiid,0.0
op_getsqldriveroracle,0.0
op_uvirtkey,0.0
op_phcontext,0.0
op_pinput,0.0
op_packagename,0.0
op_brandinternetexplorer,0.0
op_cwchbuf,0.0
op_pszdst,0.0
op_nchar,0.0
op_pinit,0.0
op_deletefiles,0.0
op_jgatprocess,0.0
op_jgatsetoption,0.0
op_qtmovieplay,0.0
op_qtwnddestroy,0.0
op_qtwndcreate,0.0
op_qtwndinit,0.0
op_spusermodeinitialize,0.0
op_supportschannelbinding,0.0
op_pwszsrc,0.0
op_pvsavetopara,0.0
op_rawdata,0.0
op_pvpara,0.0
op_sslemptycachea,0.0
op_sslemptycachew,0.0
op_icsetcommstimeout,0.0
op_icsessioninfo,0.0
op_icquitall,0.0
op_lsahandle,0.0
op_psecurityfunctiontablea,0.0
op_lpstrings,0.0
op_sdescription,0.0
op_wnumstrings,0.0
op_freesize,0.0
op_allocationsize,0.0
op_jgatdestroy,0.0
op_pname,0.0
op_psecurityfunctiontablew,0.0
op_deflatesetheader,0.0
op_dgifclosefile,0.0
op_dgifgetlzcodes,0.0
op_dgifgetrecordtype,0.0
op_dgifgetline,0.0
op_dgifgetpixel,0.0
op_dgifgetcode,0.0
op_dwmsg,0.0
op_egifspew,0.0
op_dgifslurp,0.0
op_dgifopenfilename,0.0
op_dgifopenfilehandle,0.0
op_dgifopen,0.0
op_dgifgetscreendesc,0.0
op_dgifgetimagedesc,0.0
op_mshlflags,0.0
op_dwdestcontext,0.0
op_pmh,0.0
op_releasemmapi,0.0
op_getmmapi,0.0
op_getmmapiversion,0.0
op_unknown,0.0
op_deflatereset,0.0
op_deflatesetdictionary,0.0
op_compressbound,0.0
op_compress,0.0
op_deflateprime,0.0
op_getappname,0.0
op_endstatusdll,0.0
op_startstatusdll,0.0
op_deflatecopy,0.0
op_deflateend,0.0
op_deflate,0.0
op_deflatebound,0.0
op_deflatetune,0.0
op_pjob,0.0
op_freeextension,0.0
op_egifputcodenext,0.0
op_egifclosefile,0.0
op_giflasterror,0.0
op_printgiferror,0.0
op_drawboxedtext,0.0
op_drawtext,0.0
op_drawrectangle,0.0
op_pvdestcontext,0.0
op_egifputline,0.0
op_egifputpixel,0.0
op_egifputcomment,0.0
op_egifputextensionfirst,0.0
op_egifputextensionnext,0.0
op_egifputextensionlast,0.0
op_egifputextension,0.0
op_egifputcode,0.0
op_unioncolormap,0.0
op_pwpa,0.0
op_lpnewdirectory,0.0
op_alpha,0.0
op_rcupdate,0.0
op_lpszagent,0.0
op_propvariant,0.0
op_ppdacl,0.0
op_pobjectname,0.0
op_makeextension,0.0
op_dllcreateinstance,0.0
op_dblin,0.0
op_ppmarshal,0.0
op_makesavedimage,0.0
op_makemapobject,0.0
op_freesavedimages,0.0
op_bitsize,0.0
op_freemapobject,0.0
op_applytranslation,0.0
op_esflags,0.0
op_xmlctxtresetlasterror,0.0
op_xmlctxtgetlasterror,0.0
op_xmlresetlasterror,0.0
op_xmlreseterror,0.0
op_xmlgetlasterror,0.0
op_cinputtypes,0.0
op_coutputtypes,0.0
op_ppevent,0.0
op_collectsslperformancedata,0.0
op_getfstfstatus,0.0
op_xmlthrdefsetstructurederrorfunc,0.0
op_xmlthrdefsetgenericerrorfunc,0.0
op_xmlinitializeglobalstate,0.0
op_genericmapping,0.0
op_ptrustee,0.0
op_binding,0.0
op_policyhandle,0.0
op_ppmftype,0.0
op_accessmode,0.0
op_audittype,0.0
op_dwparam,0.0
op_aceflags,0.0
op_dwacerevision,0.0
op_dwservicetype,0.0
op_accessgranted,0.0
op_poverlapped,0.0
op_xmlcopyerror,0.0
op_lpowner,0.0
op_pauditlist,0.0
op_paccesslist,0.0
op_lppgroup,0.0
op_lppowner,0.0
op_ppauditlist,0.0
op_xmlcleanupglobals,0.0
op_xmlinitglobals,0.0
op_lpgroup,0.0
op_xmlgetdocentity,0.0
op_xmlgetdtdentity,0.0
op_xmlgetparameterentity,0.0
op_xmladddocentity,0.0
op_xmladddtdentity,0.0
op_xmlgetpredefinedentity,0.0
op_xmlgetcharencodinghandler,0.0
op_xmlfindcharencodinghandler,0.0
op_testcode,0.0
op_xmldumpentitiestable,0.0
op_xmldumpentitydecl,0.0
op_xmlcopyentitiestable,0.0
op_xmlfreeentitiestable,0.0
op_xmlcreateentitiestable,0.0
op_xmlencodespecialchars,0.0
op_xmlencodeentitiesreentrant,0.0
op_xmlparservaliditywarning,0.0
op_initgenericerrordefaultfunc,0.0
op_myphotoencodeex,0.0
op_punksurface,0.0
op_ppmfattributes,0.0
op_cbbufsize,0.0
op_lpprovider,0.0
op_acl,0.0
op_securityinfo,0.0
op_heventlog,0.0
op_xmlregistercharencodinghandler,0.0
op_handleid,0.0
op_xmlinitcharencodinghandlers,0.0
op_xmlnewcharencodinghandler,0.0
op_xmlbyteconsumed,0.0
op_xmlcharencclosefunc,0.0
op_xmlcharencoutfunc,0.0
op_xmlcharencinfunc,0.0
op_xmlcharencfirstline,0.0
op_stringbinding,0.0
op_icopensession,0.0
op_heapinformation,0.0
op_qtisbmpexporter,0.0
op_qtgetquicktimeversion,0.0
op_qtgetmovievideosize,0.0
op_qtisfullscreen,0.0
op_dwlowbyteseeked,0.0
op_hupdate,0.0
op_ppaccesslist,0.0
op_achpath,0.0
op_psize,0.0
op_pptsrc,0.0
op_pblend,0.0
op_hmf,0.0
op_pbencoded,0.0
op_lprawdata,0.0
op_pcbstructinfo,0.0
op_pszdir,0.0
op_closesslperformancedata,0.0
op_qtismoviesound,0.0
op_qtsetloop,0.0
op_qtenablevideo,0.0
op_qtismovieplaynow,0.0
op_qtsetparam,0.0
op_qtwndpos,0.0
op_qtmoviestop,0.0
op_icopenlicensesession,0.0
op_qtbeginfullscreen,0.0
op_qtsetmoviecurrent,0.0
op_qtgetmoviecurrent,0.0
op_qtgetmovieduration,0.0
op_qtgetmovieimage,0.0
op_qtisinstalled,0.0
op_qtsetstatusnotifymsg,0.0
op_icquit,0.0
op_qtendfullscreen,0.0
op_sslgeneraterandombits,0.0
op_mbstring,0.0
op_ccontext,0.0
op_networkaddr,0.0
op_ntname,0.0
op_objectcreation,0.0
op_generateonclose,0.0
op_restartkey,0.0
op_pvstructinfo,0.0
op_privileges,0.0
op_objectname,0.0
op_objecttypename,0.0
op_lpproperty,0.0
op_pszprovname,0.0
op_objecttypelist,0.0
op_nah,0.0
op_dwprovtype,0.0
op_pdwreserved,0.0
op_algid,0.0
op_lpszservername,0.0
op_bsaclpresent,0.0
op_bsacldefaulted,0.0
op_splsamodeinitialize,0.0
op_pcbencoded,0.0
op_dwdatasize,0.0
op_pcbelement,0.0
op_sslgeneratekeypair,0.0
op_ppvcontext,0.0
op_pbsignature,0.0
op_cbencoded,0.0
op_protocolstatus,0.0
op_opensslperformancedata,0.0
op_sslcrackcertificate,0.0
op_sslfreecertificate,0.0
op_sslloadcertificate,0.0
op_sslgetmaximumkeysize,0.0
op_csz,0.0
op_adbgetinterfacename,0.0
op_adbresetinterfaceenum,0.0
op_adbnextinterface,0.0
op_adbreadendpointasync,0.0
op_adbqueryinformationendpoint,0.0
op_adbgetendpointinterface,0.0
op_adbopendefaultbulkwriteendpoint,0.0
op_adbopendefaultbulkreadendpoint,0.0
op_ppvresult,0.0
op_adbgetdefaultbulkwriteendpointinformation,0.0
op_adbgetdefaultbulkreadendpointinformation,0.0
op_jgsestart,0.0
op_jgsedestroy,0.0
op_jgsecreate,0.0
op_binarytype,0.0
op_getconfiguration,0.0
op_setconfiguration,0.0
op_adbopenendpoint,0.0
op_applypatchtofileexw,0.0
op_applypatchtofileexa,0.0
op_oldfilehandle,0.0
op_patchfilehandle,0.0
op_applypatchtofilebyhandles,0.0
op_getfilepatchsignaturebyhandle,0.0
op_adbclosehandle,0.0
op_adbcreateinterfacebyname,0.0
op_adbgetserialnumber,0.0
op_testapplypatchtofilew,0.0
op_applypatchtofilew,0.0
op_applypatchtofilea,0.0
op_getfilepatchsignaturew,0.0
op_adbgetendpointinformation,0.0
op_adbgetusbinterfacedescriptor,0.0
op_adbgetusbconfigurationdescriptor,0.0
op_adbgetusbdevicedescriptor,0.0
op_adbenuminterfaces,0.0
op_optionflags,0.0
op_patchfilename,0.0
op_lpszlibname,0.0
op_hwavein,0.0
op_hwaveout,0.0
op_hmo,0.0
op_hmixer,0.0
op_mssmixer,0.0
op_settvstandard,0.0
op_cbwoc,0.0
op_dlssetattribute,0.0
op_dlsunloadfile,0.0
op_dlsunloadall,0.0
op_dwnotifyfilter,0.0
op_buttons,0.0
op_lpbuffersize,0.0
op_lpccount,0.0
op_pudeviceid,0.0
op_gettvstandard,0.0
op_jgserestart,0.0
op_jgsequerysilence,0.0
op_jgsequerycomponenttime,0.0
op_jgsequery,0.0
op_jgseencode,0.0
op_jgsereleaseinfo,0.0
op_jgsesetstreamoptions,0.0
op_optiondata,0.0
op_pmic,0.0
op_pmoc,0.0
op_mmrerror,0.0
op_virtualdubfiltermoduledeinit,0.0
op_lpszheaders,0.0
op_jgsemodifycontrol,0.0
op_jgsegetoutput,0.0
op_signaturebuffer,0.0
op_jgsestop,0.0
op_cacheconfiginfo,0.0
op_pdeviceid,0.0
op_szvolumename,0.0
op_pfnthreadproc,0.0
op_pullen,0.0
op_mapiresolvename,0.0
op_bmapigetreadmail,0.0
op_bmapisendmail,0.0
op_getfilepatchsignaturea,0.0
op_extrclr,0.0
op_sectionname,0.0
op_me,0.0
op_classguidlist,0.0
op_enumerator,0.0
op_msghandler,0.0
op_drivertype,0.0
op_errorline,0.0
op_lppnewrecips,0.0
op_cdrmpolicymngr,0.0
op_lpcbmaxvaluelen,0.0
op_lpcvalues,0.0
op_lpcsubkeys,0.0
op_stopthread,0.0
op_startthread,0.0
op_selfthread,0.0
op_porttest,0.0
op_lpmessage,0.0
op_portacquire,0.0
op_pollstart,0.0
op_pollstop,0.0
op_lpnnewrecips,0.0
op_lprecips,0.0
op_nrecips,0.0
op_neditfields,0.0
op_mapiaddress,0.0
op_portrelease,0.0
op_drvfbabort,0.0
op_pcchvaluebuf,0.0
op_pprivs,0.0
op_pauthnlevel,0.0
op_pcbhash,0.0
op_szvaluebuf,0.0
op_szlogfile,0.0
op_hrecord,0.0
op_createextprogaccsclass,0.0
op_mapisendmail,0.0
op_mapilogoff,0.0
op_lplhsession,0.0
op_mapilogon,0.0
op_szproduct,0.0
op_pscatinfo,0.0
op_pwintrustdata,0.0
op_ifield,0.0
op_internetgetproxyinfo,0.0
op_jgaencodeaudio,0.0
op_jgadestroyaudioencode,0.0
op_jgacreateaudioencode,0.0
op_lnchappandwait,0.0
op_propsheetpagea,0.0
op_numberstr,0.0
op_drvfbstartdoc,0.0
op_adbcreateinterface,0.0
op_drvfbstartpage,0.0
op_adbgetovelappedioresult,0.0
op_adbwriteendpointsync,0.0
op_adbreadendpointsync,0.0
op_adbwriteendpointasync,0.0
op_internetdeinitializeautoproxydll,0.0
op_internetinitializeautoproxydll,0.0
op_pdocinfo,0.0
op_drvfbwriteprinter,0.0
op_drvfbendpage,0.0
op_adbhasovelappediocomplated,0.0
op_pfdesc,0.0
op_lpszfilename,0.0
op_szprocname,0.0
op_pfsqltype,0.0
op_pfnullable,0.0
op_irow,0.0
op_rowcount,0.0
op_recnumber,0.0
op_lpnetresource,0.0
op_sqlwchar,0.0
op_textlength,0.0
op_cchconnstrin,0.0
op_szconnstrin,0.0
op_lpszstring,0.0
op_lpszkeyname,0.0
op_lpszappname,0.0
op_gzeof,0.0
op_ffetchtype,0.0
op_ftn,0.0
op_cpixelinfo,0.0
op_lpszwindow,0.0
op_hwndchildafter,0.0
op_columncount,0.0
op_rgbinfovalue,0.0
op_zerror,0.0
op_zlibcompileflags,0.0
op_hdbc,0.0
op_uncompress,0.0
op_inflatemark,0.0
op_inflateundermine,0.0
op_fhandletype,0.0
op_pcbinfovalue,0.0
op_fattribute,0.0
op_irecord,0.0
op_pcrow,0.0
op_zlibversion,0.0
op_gzputc,0.0
op_inflatecopy,0.0
op_inflatesync,0.0
op_inflategetheader,0.0
op_inflatesetdictionary,0.0
op_inflateend,0.0
op_inflate,0.0
op_inflateprime,0.0
op_gzoffset,0.0
op_downlevelgetparentlocalename,0.0
op_downlevelgetparentlocalelcid,0.0
op_downlevellcidtolocalename,0.0
op_nexitcode,0.0
op_szheaders,0.0
op_errors,0.0
op_ah,0.0
op_lpindata,0.0
op_downlevellocalenametolcid,0.0
op_gzrewind,0.0
op_gzbuffer,0.0
op_gzdopen,0.0
op_gzopen,0.0
op_gzclose,0.0
op_gzwrite,0.0
op_gzdirect,0.0
op_gzgets,0.0
op_gzputs,0.0
op_gzgetc,0.0
op_gzclearerr,0.0
op_gzerror,0.0
op_inflatereset,0.0
op_inflatebackend,0.0
op_inflateback,0.0
op_gzsetparams,0.0
op_gzflush,0.0
op_gzprintf,0.0
op_gzungetc,0.0
op_getscreenexpansionstatus,0.0
op_szschemaname,0.0
op_sztablename,0.0
op_foption,0.0
op_cchsqlstr,0.0
op_szsqlstr,0.0
op_fctype,0.0
op_qtfinalize,0.0
op_yorigindest,0.0
op_pcchsqlstr,0.0
op_stringlength,0.0
op_cbvaluemax,0.0
op_fparamtype,0.0
op_option,0.0
op_cbstring,0.0
op_pcbstring,0.0
op_uilanguageenumproc,0.0
op_qtinitialize,0.0
op_dwusage,0.0
op_dwscope,0.0
op_extracompressionmain,0.0
op_setdisplaydevicemode,0.0
op_getdisplaydevicemode,0.0
op_getdisplaydeviceswitchcapability,0.0
op_getdisplaydevicecapability,0.0
op_getdisplaydrivername,0.0
op_setscreenexpansionstatus,0.0
op_lpusername,0.0
op_netresource,0.0
op_setpowerstate,0.0
op_getpowerstate,0.0
op_isexternaldisplayconnected,0.0
op_setlcdrefreshrate,0.0
op_getlcdrefreshrate,0.0
op_getlcdrefreshratecapability,0.0
op_lpdroptarget,0.0
op_pibscale,0.0
op_pcbdesc,0.0
op_mutexlock,0.0
op_mutexinit,0.0
op_vdktfieldfree,0.0
op_ipar,0.0
op_rgbdesc,0.0
op_pfnativeerror,0.0
op_getwripinputsource,0.0
op_szconnstrout,0.0
op_lpmenuname,0.0
op_rcitem,0.0
op_pbstrresult,0.0
op_pdwstatus,0.0
op_command,0.0
op_mutexunlock,0.0
op_lpdd,0.0
op_pccherrormsg,0.0
op_iindex,0.0
op_lppathbuf,0.0
op_szqualifier,0.0
op_pcchpathbuf,0.0
op_cbinfovaluemax,0.0
op_dlscompactmemory,0.0
op_dlsgetinfo,0.0
op_dlsloadmemfile,0.0
op_pcbcoldef,0.0
op_dlsclose,0.0
op_dlsmssopen,0.0
op_cbwh,0.0
op_pdwvolume,0.0
op_finfotype,0.0
op_sqlhenv,0.0
op_pferrorcode,0.0
op_szcolumnname,0.0
op_fdesctype,0.0
op_dlsloadfile,0.0
