feature,importance_mean,importance_std
op_pusha,0.0005671652743841626,0.0
b_38,0.0003781101829227751,0.0002673642743803802
b_105,0.0003781101829227751,0.0002673642743803802
b_119,0.0003781101829227751,0.0002673642743803802
op_lpvoid,0.0003151628936250983,0.0002669485982387624
b_unk,0.0002373201459332878,0.0002406100114420643
op_void,0.00015774161463263012,0.00011154016538204788
b_177,0.00014479516341570076,0.0
b_98,0.00014479516341570076,0.0
op_popa,0.00014479516341570076,0.0
b_27,0.00014479516341570076,0.0
b_109,0.00014479516341570076,0.0
op_lpwidecharstr,0.00014479516341570076,0.0
b_121,0.00014479516341570076,0.0
b_159,0.00014479516341570076,0.0
b_174,0.00014479516341570076,0.0
b_182,0.00014479516341570076,0.0
b_202,0.00014479516341570076,0.0
b_183,0.00014479516341570076,0.0
b_146,0.00014479516341570076,0.0
op_filename,0.00014479516341570076,0.0
b_244,0.00014479516341570076,0.0
b_17,0.00014479516341570076,0.0
op_seh,0.00014479516341570076,0.0
b_132,0.00014479516341570076,0.0
b_153,0.00014479516341570076,0.0
b_210,0.00014479516341570076,0.0
b_134,0.00014479516341570076,0.0
b_165,9.65301089438005e-05,6.825709462283753e-05
b_102,9.65301089438005e-05,6.825709462283753e-05
b_237,9.65301089438005e-05,6.825709462283753e-05
b_158,9.65301089438005e-05,6.825709462283753e-05
b_203,9.65301089438005e-05,6.825709462283754e-05
op_be,9.65301089438005e-05,6.825709462283753e-05
b_240,9.65301089438005e-05,6.825709462283753e-05
b_185,9.65301089438005e-05,6.825709462283753e-05
b_205,9.65301089438005e-05,6.825709462283753e-05
b_111,9.65301089438005e-05,6.825709462283753e-05
b_112,9.65301089438005e-05,6.825709462283754e-05
b_48,9.65301089438005e-05,6.825709462283754e-05
op_code,9.65301089438005e-05,6.825709462283754e-05
op_bc,9.65301089438005e-05,6.825709462283753e-05
b_160,9.65301089438005e-05,6.825709462283753e-05
b_152,9.65301089438005e-05,6.825709462283753e-05
op_bf,9.65301089438005e-05,6.825709462283753e-05
op_nshowcmd,7.887080731631506e-05,0.00011154016538204788
op_lpcmdline,7.887080731631506e-05,0.00011154016538204788
b_47,4.826505447190025e-05,6.825709462283754e-05
b_128,4.826505447190025e-05,6.825709462283754e-05
op_section,4.826505447190025e-05,6.825709462283754e-05
b_15,4.826505447190025e-05,6.825709462283754e-05
b_23,4.826505447190025e-05,6.825709462283754e-05
op_hinstance,4.826505447190025e-05,6.825709462283754e-05
b_161,4.826505447190025e-05,6.825709462283754e-05
b_162,4.826505447190025e-05,6.825709462283754e-05
b_218,4.826505447190025e-05,6.825709462283754e-05
b_145,4.826505447190025e-05,6.825709462283754e-05
b_10,4.826505447190025e-05,6.825709462283754e-05
op_df,4.826505447190025e-05,6.825709462283754e-05
op_xlat,4.826505447190025e-05,6.825709462283754e-05
b_41,4.826505447190025e-05,6.825709462283754e-05
op_virtual,4.826505447190025e-05,6.825709462283754e-05
b_113,4.826505447190025e-05,6.825709462283754e-05
op_alignment,4.826505447190025e-05,6.825709462283754e-05
op_proc,4.826505447190025e-05,6.825709462283754e-05
op_assume,4.826505447190025e-05,6.825709462283754e-05
b_169,4.826505447190025e-05,6.825709462283754e-05
op_ee,4.826505447190025e-05,6.825709462283754e-05
b_168,4.826505447190025e-05,6.825709462283754e-05
op_wremovemsg,0.0,0.0
op_supported,0.0,0.0
op_enumcnxtmodem,0.0,0.0
op_lpbi,0.0,0.0
op_pcbparamdef,0.0,0.0
op_modemcontrol,0.0,0.0
op_modemclearallconfigurations,0.0,0.0
op_levent,0.0,0.0
op_ldata,0.0,0.0
op_modemdeleteconfiguration,0.0,0.0
op_modemopenbyname,0.0,0.0
op_modemclose,0.0,0.0
op_hbrfore,0.0,0.0
op_buildenrollmentmessage,0.0,0.0
op_modemmonitor,0.0,0.0
op_princname,0.0,0.0
op_modemconfigure,0.0,0.0
op_modemgetlasterror,0.0,0.0
op_wdata,0.0,0.0
op_ipartid,0.0,0.0
op_istateid,0.0,0.0
op_pexplicitaccess,0.0,0.0
op_delhwkey,0.0,0.0
op_formatlicensetext,0.0,0.0
op_lpszstructtype,0.0,0.0
op_uitem,0.0,0.0
op_hmnu,0.0,0.0
op_pcbusage,0.0,0.0
op_szcookiename,0.0,0.0
op_getdeployperf,0.0,0.0
op_startshell,0.0,0.0
op_pfncompletionroutine,0.0,0.0
op_pszport,0.0,0.0
op_unlock,0.0,0.0
op_startup,0.0,0.0
op_deserializelicense,0.0,0.0
op_serializelicense,0.0,0.0
op_readlicensefromfile,0.0,0.0
op_writelicensetofile,0.0,0.0
op_dllgetdocumentation,0.0,0.0
op_iswarningdue,0.0,0.0
op_getcurrentlicensestate,0.0,0.0
op_removeoldwarningtimes,0.0,0.0
op_setinstalldate,0.0,0.0
op_showpromptdialog,0.0,0.0
op_binkuyvy,0.0,0.0
op_logon,0.0,0.0
op_dllregisterserverex,0.0,0.0
op_cpreleasecontext,0.0,0.0
op_page,0.0,0.0
op_authnlevel,0.0,0.0
op_dwstrtype,0.0,0.0
op_pstoretoepf,0.0,0.0
op_upgradeepftopstore,0.0,0.0
op_changestorepassword,0.0,0.0
op_processenrollmentresponse,0.0,0.0
op_cpgetprovparam,0.0,0.0
op_buildrenewalmessage,0.0,0.0
op_cpimportkey,0.0,0.0
op_cpgetuserkey,0.0,0.0
op_prect,0.0,0.0
op_cpdestroyhash,0.0,0.0
op_cpderivekey,0.0,0.0
op_cpsetprovparam,0.0,0.0
op_cpgethashparam,0.0,0.0
op_cpgenkey,0.0,0.0
op_cpcreatehash,0.0,0.0
op_cpencrypt,0.0,0.0
op_cpdecrypt,0.0,0.0
op_cpsetkeyparam,0.0,0.0
op_cpgetkeyparam,0.0,0.0
op_cpexportkey,0.0,0.0
op_shutdown,0.0,0.0
op_hrgnupdate,0.0,0.0
op_dwtextflags,0.0,0.0
op_cpacquirecontext,0.0,0.0
op_cbbuffer,0.0,0.0
op_pb,0.0,0.0
op_lprgndata,0.0,0.0
op_jgadecodeaudio,0.0,0.0
op_jgadestroyaudiodecode,0.0,0.0
op_jgaqueryaudiodecode,0.0,0.0
op_jgacreateaudiodecode,0.0,0.0
op_dwtimeout,0.0,0.0
op_ppresult,0.0,0.0
op_lpprotocolinfo,0.0,0.0
op_addressstring,0.0,0.0
op_pdatain,0.0,0.0
op_modemsettrap,0.0,0.0
op_groupname,0.0,0.0
op_totalentries,0.0,0.0
op_readsettitle,0.0,0.0
op_vsnprintf,0.0,0.0
op_protocolinfo,0.0,0.0
op_addresslength,0.0,0.0
op_bufptr,0.0,0.0
op_privatedata,0.0,0.0
op_pnodename,0.0,0.0
op_lnetworkevents,0.0,0.0
op_getmemory,0.0,0.0
op_strxmov,0.0,0.0
op_strmov,0.0,0.0
op_pdataout,0.0,0.0
op_getheapstatus,0.0,0.0
op_reallocmemory,0.0,0.0
op_freememory,0.0,0.0
op_soundfeedback,0.0,0.0
op_regcomp,0.0,0.0
op_regfree,0.0,0.0
op_regerror,0.0,0.0
op_cchfilename,0.0,0.0
op_whirlpool,0.0,0.0
op_nsgetfactory,0.0,0.0
op_dwtable,0.0,0.0
op_gap,0.0,0.0
op_ipenstyle,0.0,0.0
op_entriesread,0.0,0.0
op_easywheel,0.0,0.0
op_isscrollavail,0.0,0.0
op_easyscroll,0.0,0.0
op_visualfeedback,0.0,0.0
op_setimemaskflag,0.0,0.0
op_psockaddr,0.0,0.0
op_installjumps,0.0,0.0
op_installhooks,0.0,0.0
op_unhookproc,0.0,0.0
op_initdll,0.0,0.0
op_showversioninfo,0.0,0.0
op_docinfoa,0.0,0.0
op_pwi,0.0,0.0
op_monitortapoff,0.0,0.0
op_dtoa,0.0,0.0
op_pserverinfo,0.0,0.0
op_cvolume,0.0,0.0
op_cwinthread,0.0,0.0
op_ccmdtarget,0.0,0.0
op_cmsinfoapp,0.0,0.0
op_sendinfotosm,0.0,0.0
op_deletedrvregkey,0.0,0.0
op_pszdevice,0.0,0.0
op_cpgenrandom,0.0,0.0
op_cpdestroykey,0.0,0.0
op_cpverifysignature,0.0,0.0
op_cpsignhash,0.0,0.0
op_strmake,0.0,0.0
op_cphashsessionkey,0.0,0.0
op_cphashdata,0.0,0.0
op_dwtimerlowvalue,0.0,0.0
op_freedtoa,0.0,0.0
op_eaccess,0.0,0.0
op_nidevent,0.0,0.0
op_lpbxorbits,0.0,0.0
op_lpbandbits,0.0,0.0
op_cbitspixel,0.0,0.0
op_cplanes,0.0,0.0
op_modemopen,0.0,0.0
op_pszdriver,0.0,0.0
op_lptimerfunc,0.0,0.0
op_cpsethashparam,0.0,0.0
op_strinstr,0.0,0.0
op_strfill,0.0,0.0
op_strcont,0.0,0.0
op_strcend,0.0,0.0
op_redirectallstaticversionkeys,0.0,0.0
op_modemprivilegeopen,0.0,0.0
op_modemenum,0.0,0.0
op_getapiversion,0.0,0.0
op_okuorigineprint,0.0,0.0
op_privs,0.0,0.0
op_lpeventdata,0.0,0.0
op_dweventtype,0.0,0.0
op_idattach,0.0,0.0
op_idattachto,0.0,0.0
op_infname,0.0,0.0
op_contextout,0.0,0.0
op_isdotnetinstalled,0.0,0.0
op_removeallmozillajavaplugins,0.0,0.0
op_checkmozjavaplugins,0.0,0.0
op_runbrokerprocess,0.0,0.0
op_lpx,0.0,0.0
op_hklmneedsupdating,0.0,0.0
op_updatetreataskey,0.0,0.0
op_drpcreateextimelinemediaobject,0.0,0.0
op_drpcreatevideocapsuleobject,0.0,0.0
op_drpcreatemediaobjecta,0.0,0.0
op_lpszhelp,0.0,0.0
op_fieldindex,0.0,0.0
op_phdbwfreephimagedatalist,0.0,0.0
op_phdbwfreemetaidxdatalist,0.0,0.0
op_phdbwfreemetadatalist,0.0,0.0
op_phdbwfreemetataglist,0.0,0.0
op_phdbwrefreshfolder,0.0,0.0
op_phdbwgetreadtabledataex,0.0,0.0
op_phdbwgetreadtabledatacount,0.0,0.0
op_usinituns,0.0,0.0
op_getresourceid,0.0,0.0
op_binkdata,0.0,0.0
op_binkcons,0.0,0.0
op_getinterfaceversion,0.0,0.0
op_bink,0.0,0.0
op_check,0.0,0.0
op_nvolumenamesize,0.0,0.0
op_usdelete,0.0,0.0
op_lptimestr,0.0,0.0
op_vxdstkbasedcall,0.0,0.0
op_szstart,0.0,0.0
op_collectemail,0.0,0.0
op_registeruns,0.0,0.0
op_unssethtmlparam,0.0,0.0
op_rununsw,0.0,0.0
op_notesgetdbhandle,0.0,0.0
op_binkbss,0.0,0.0
op_notesclosedb,0.0,0.0
op_utsetdemographic,0.0,0.0
op_setfirefoxassets,0.0,0.0
op_setchromeassets,0.0,0.0
op_setoperaassets,0.0,0.0
op_cbinbuffer,0.0,0.0
op_order,0.0,0.0
op_ipnettable,0.0,0.0
op_border,0.0,0.0
op_utnewdatagroup,0.0,0.0
op_pipforwardtable,0.0,0.0
op_getipmac,0.0,0.0
op_cchtime,0.0,0.0
op_lpkerneltime,0.0,0.0
op_lpexittime,0.0,0.0
op_lpsubblock,0.0,0.0
op_returnsize,0.0,0.0
op_numberofmessages,0.0,0.0
op_utgetdemographic,0.0,0.0
op_utoptinset,0.0,0.0
op_utoptinget,0.0,0.0
op_utsetoptin,0.0,0.0
op_utgetoptin,0.0,0.0
op_utclosesession,0.0,0.0
op_utaddtogroup,0.0,0.0
op_lpusertime,0.0,0.0
op_phdbwdeletefileex,0.0,0.0
op_phdbwmovefileex,0.0,0.0
op_phdbwcopyfileex,0.0,0.0
op_phdbwgetcheck,0.0,0.0
op_phdbwgetreadtabledata,0.0,0.0
op_phdbwreadimagebatch,0.0,0.0
op_phdbwupdatetabledata,0.0,0.0
op_phdbwdeleteinfo,0.0,0.0
op_phdbwreadupdatedata,0.0,0.0
op_phdbwwriteupdatedata,0.0,0.0
op_phdbwrefreshall,0.0,0.0
op_phdbwrefreshfiles,0.0,0.0
op_uscopyselfupdateexe,0.0,0.0
op_glutwireteapot,0.0,0.0
op_glutsolidteapot,0.0,0.0
op_gluttabletbuttonfunc,0.0,0.0
op_gluttabletmotionfunc,0.0,0.0
op_glutstrokelength,0.0,0.0
op_glutstrokewidth,0.0,0.0
op_glutswapbuffers,0.0,0.0
op_phdbwenrollfile,0.0,0.0
op_phdbwquery,0.0,0.0
op_phdbwupdatecomment,0.0,0.0
op_phdbwreadcomment,0.0,0.0
op_phdbwupdateimage,0.0,0.0
op_phdbwreadfile,0.0,0.0
op_usdoselfupdate,0.0,0.0
op_usdoallupdateswithuiex,0.0,0.0
op_usdoallupdateswithui,0.0,0.0
op_usshowupdatessettingsdialog,0.0,0.0
op_usdoallupdates,0.0,0.0
op_usdonag,0.0,0.0
op_phdbwexecutesql,0.0,0.0
op_startservercontact,0.0,0.0
op_ishavefreeinstall,0.0,0.0
op_checkfreeinstall,0.0,0.0
op_checklocalres,0.0,0.0
op_thirdisinstalled,0.0,0.0
op_phdbwdeletefolderex,0.0,0.0
op_appisinstalled,0.0,0.0
op_phdbwsetcheck,0.0,0.0
op_notesintfcgetnoteshnote,0.0,0.0
op_notesreopendb,0.0,0.0
op_notesgetnotehandles,0.0,0.0
op_notesfriendlyinit,0.0,0.0
op_createocraccsclass,0.0,0.0
op_pszbuf,0.0,0.0
op_phdbwunregistsimilar,0.0,0.0
op_phdbwcopyfile,0.0,0.0
op_phdbwfreestringlist,0.0,0.0
op_phdbwgetqueryfilelist,0.0,0.0
op_isneedinstall,0.0,0.0
op_szverb,0.0,0.0
op_dwservice,0.0,0.0
op_pcliprect,0.0,0.0
op_cgrow,0.0,0.0
op_cinitial,0.0,0.0
op_hbmmask,0.0,0.0
op_loadreg,0.0,0.0
op_grc,0.0,0.0
op_wm,0.0,0.0
op_fvital,0.0,0.0
op_pbm,0.0,0.0
op_setnotesstringfield,0.0,0.0
op_pdroptarget,0.0,0.0
op_psi,0.0,0.0
op_hwndto,0.0,0.0
op_coinstaller,0.0,0.0
op_createautorunshortcut,0.0,0.0
op_setdevinterfname,0.0,0.0
op_rescan,0.0,0.0
op_switchhddma,0.0,0.0
op_getosversion,0.0,0.0
op_loadregandreboot,0.0,0.0
op_handleoom,0.0,0.0
op_doshellexecute,0.0,0.0
op_asz,0.0,0.0
op_rgfrowstatus,0.0,0.0
op_getsilentmode,0.0,0.0
op_setsilentmode,0.0,0.0
op_debugmessageson,0.0,0.0
op_showwaitcursor,0.0,0.0
op_ensurepathexists,0.0,0.0
op_fremoveourdir,0.0,0.0
op_isadminmode,0.0,0.0
op_getencoderversion,0.0,0.0
op_namelengthptr,0.0,0.0
op_cursorname,0.0,0.0
op_pcchconnstrout,0.0,0.0
op_szobjectname,0.0,0.0
op_sqlstate,0.0,0.0
op_messagetext,0.0,0.0
op_nativeerror,0.0,0.0
op_prcrect,0.0,0.0
op_pcpar,0.0,0.0
op_ppbuffer,0.0,0.0
op_ppimfsample,0.0,0.0
op_getproductcode,0.0,0.0
op_dwcoinit,0.0,0.0
op_createconvertmanagerex,0.0,0.0
op_getallocmemcount,0.0,0.0
op_resetcids,0.0,0.0
op_statementtext,0.0,0.0
op_uifindsrcfilename,0.0,0.0
op_szgetlastsetuperrmsg,0.0,0.0
op_setlastsetuperrmsg,0.0,0.0
op_bindimage,0.0,0.0
op_failrtchkarg,0.0,0.0
op_failassert,0.0,0.0
op_processmessage,0.0,0.0
op_processdebugmessage,0.0,0.0
op_processmessageid,0.0,0.0
op_logmessageid,0.0,0.0
op_logvalidate,0.0,0.0
op_szcategory,0.0,0.0
op_curlhelper,0.0,0.0
op_seterrorparamcopy,0.0,0.0
op_seterrorparamconst,0.0,0.0
op_seterrorparam,0.0,0.0
op_seterrorparamchar,0.0,0.0
op_seterrorparamint,0.0,0.0
op_responsefile,0.0,0.0
op_pipaddrtable,0.0,0.0
op_uscreate,0.0,0.0
op_rtnicproppageprovider,0.0,0.0
op_getnotesnumberfield,0.0,0.0
op_setnotesnumberfield,0.0,0.0
op_getnotesstringfield,0.0,0.0
op_setpassinfo,0.0,0.0
op_lptargetpath,0.0,0.0
op_lpdevicename,0.0,0.0
op_ushort,0.0,0.0
op_addend,0.0,0.0
op_errmsg,0.0,0.0
op_setadminmode,0.0,0.0
op_dstch,0.0,0.0
op_ocrrecognizedirection,0.0,0.0
op_bwatchsubtree,0.0,0.0
op_signed,0.0,0.0
op_cerrorcollection,0.0,0.0
op_ctypeinfo,0.0,0.0
op_uipromptfordisk,0.0,0.0
op_fdisplaysystemmsg,0.0,0.0
op_utlogevent,0.0,0.0
op_utaddtosession,0.0,0.0
op_utstartsession,0.0,0.0
op_utinitialize,0.0,0.0
op_dndevinst,0.0,0.0
op_pfwi,0.0,0.0
op_getmessagename,0.0,0.0
op_validate,0.0,0.0
op_flanguagemismatchinf,0.0,0.0
op_setsizecheckmode,0.0,0.0
op_finstremoveabledrive,0.0,0.0
op_eercerrorhandler,0.0,0.0
op_getnexthardwareid,0.0,0.0
op_setmodemtype,0.0,0.0
op_iteratecabinet,0.0,0.0
op_removedisabledmodem,0.0,0.0
op_deleteltmodeminffile,0.0,0.0
op_findcomfrominffile,0.0,0.0
op_getauthorizationkey,0.0,0.0
op_deleteotherdevice,0.0,0.0
op_copyinffiles,0.0,0.0
op_gethardwareid,0.0,0.0
op_getinfbypci,0.0,0.0
op_extabout,0.0,0.0
op_removeport,0.0,0.0
op_removentservice,0.0,0.0
op_setversion,0.0,0.0
op_tclfreepackageinfo,0.0,0.0
op_tclcreatepipeline,0.0,0.0
op_tclcleanupchildren,0.0,0.0
op_tclobjcommandcomplete,0.0,0.0
op_tclobjbeingdeleted,0.0,0.0
op_tclfreeobj,0.0,0.0
op_tclallocatefreeobjects,0.0,0.0
op_setcheckprevinst,0.0,0.0
op_getsitemessage,0.0,0.0
op_removemodem,0.0,0.0
op_rebootdownmode,0.0,0.0
op_isvalidmodellib,0.0,0.0
op_getbinaryloader,0.0,0.0
op_getdllversion,0.0,0.0
op_getmodeltype,0.0,0.0
op_iproductindex,0.0,0.0
op_productbuf,0.0,0.0
op_infclass,0.0,0.0
op_driverproc,0.0,0.0
op_ierror,0.0,0.0
op_localizebuffer,0.0,0.0
op_getmultihardwareid,0.0,0.0
op_localizesetlangid,0.0,0.0
op_localizegetlangid,0.0,0.0
op_tclcallvartraces,0.0,0.0
op_wdmdeletedevice,0.0,0.0
op_shared,0.0,0.0
op_cjinput,0.0,0.0
op_lpnamebuffer,0.0,0.0
op_lpmachinename,0.0,0.0
op_servicename,0.0,0.0
op_ppconfigdoc,0.0,0.0
op_eappeerinvokeconfigui,0.0,0.0
op_ntgetinf,0.0,0.0
op_localizestring,0.0,0.0
op_tclgetsrcinfoforpc,0.0,0.0
op_tclstackalloc,0.0,0.0
op_tclstackfree,0.0,0.0
op_tclinthreadexit,0.0,0.0
op_tclisproc,0.0,0.0
op_tclcheckinterptraces,0.0,0.0
op_tclcheckexecutiontraces,0.0,0.0
op_tclserviceidle,0.0,0.0
op_tclregerror,0.0,0.0
op_tclregabout,0.0,0.0
op_tclregexprangeunichar,0.0,0.0
op_getoption,0.0,0.0
op_tclhandlecreate,0.0,0.0
op_tclupdatereturninfo,0.0,0.0
op_tclproccleanupproc,0.0,0.0
op_tclprocdeleteproc,0.0,0.0
op_tclproccompileproc,0.0,0.0
op_tclobjinterpproccore,0.0,0.0
op_tclobjinterpproc,0.0,0.0
op_tclinitcompiledlocals,0.0,0.0
op_tclsetnspath,0.0,0.0
op_tclfindproc,0.0,0.0
op_tclobjgetframe,0.0,0.0
op_tclgetframe,0.0,0.0
op_tclnewprocbodyobj,0.0,0.0
op_getmessagetext,0.0,0.0
op_gettrialversion,0.0,0.0
op_getmagnitude,0.0,0.0
op_getdaysafterexpiry,0.0,0.0
op_getdaystogo,0.0,0.0
op_wbdrawingarea,0.0,0.0
op_settrialmessage,0.0,0.0
op_setrequiredoption,0.0,0.0
op_setproductname,0.0,0.0
op_setproductid,0.0,0.0
op_setkeydirectory,0.0,0.0
op_tclexprfloaterror,0.0,0.0
op_setclientmessage,0.0,0.0
op_tclvartraceexists,0.0,0.0
op_setcaption,0.0,0.0
op_setallowedtrialkeys,0.0,0.0
op_setshutdowncallback,0.0,0.0
op_getnewversion,0.0,0.0
op_pbestroute,0.0,0.0
op_adddesktopmyappshortcut,0.0,0.0
op_removedesktopmyappshortcut,0.0,0.0
op_tclgetobjinterpproc,0.0,0.0
op_tclgetlong,0.0,0.0
op_tclgetextension,0.0,0.0
op_setdaysuntilexpiry,0.0,0.0
op_dwinfofunctions,0.0,0.0
op_dwinfoend,0.0,0.0
op_dwsetdetailheight,0.0,0.0
op_dwinfocrosstab,0.0,0.0
op_dwinfocompute,0.0,0.0
op_dwinfocolumn,0.0,0.0
op_dwinfobutton,0.0,0.0
op_dwinfoblob,0.0,0.0
op_dwinfobitmap,0.0,0.0
op_dwinfobegin,0.0,0.0
op_dwdragobjectdestroy,0.0,0.0
op_maxpos,0.0,0.0
op_dwgeneratehtmlform,0.0,0.0
op_dwgraphsortcmp,0.0,0.0
op_dwsyntaxfromsql,0.0,0.0
op_dwsyntaxfromdesc,0.0,0.0
op_dwstylechange,0.0,0.0
op_dwstoragedump,0.0,0.0
op_dwcrosstabmodifystatic,0.0,0.0
op_fstyle,0.0,0.0
op_rgbfg,0.0,0.0
op_rgbbk,0.0,0.0
op_fbypos,0.0,0.0
op_caccel,0.0,0.0
op_dwdefaultargs,0.0,0.0
op_ymsgconferenceuser,0.0,0.0
op_splashloadmemory,0.0,0.0
op_splashloadfile,0.0,0.0
op_dwinfogetobjecttype,0.0,0.0
op_splashinit,0.0,0.0
op_splashsetfilejarname,0.0,0.0
op_ping,0.0,0.0
op_prejvmstart,0.0,0.0
op_ebdebugger,0.0,0.0
op_dwwakemask,0.0,0.0
op_cwmmodule,0.0,0.0
op_dwinfogetfirstcolumn,0.0,0.0
op_ppdataobj,0.0,0.0
op_pps,0.0,0.0
op_pstg,0.0,0.0
op_ptrusteename,0.0,0.0
op_getigtbsettings,0.0,0.0
op_unregisterigearedtoolbar,0.0,0.0
op_isigearedtoolbarinstalledonff,0.0,0.0
op_dwdefaultargsfree,0.0,0.0
op_dwinfogetnextobject,0.0,0.0
op_dwinfogetfirstobject,0.0,0.0
op_dwinfogetdwwidth,0.0,0.0
op_dwinfogetnextcolumn,0.0,0.0
op_dwinfodatawindow,0.0,0.0
op_pclientsite,0.0,0.0
op_directorypath,0.0,0.0
op_idlemonterm,0.0,0.0
op_idlemoninit,0.0,0.0
op_idlemongetlastinputtime,0.0,0.0
op_cmutex,0.0,0.0
op_checkauthorizationkey,0.0,0.0
op_execute,0.0,0.0
op_isnpssupport,0.0,0.0
op_igearedtoolbarenabled,0.0,0.0
op_igearedtoolbarexists,0.0,0.0
op_xrtclassinit,0.0,0.0
op_fdprealloc,0.0,0.0
op_fdpalloc,0.0,0.0
op_isobjectrecognized,0.0,0.0
op_createscripttab,0.0,0.0
op_lpupgradecode,0.0,0.0
op_resultcallback,0.0,0.0
op_fbypositon,0.0,0.0
op_cchnumber,0.0,0.0
op_nbytes,0.0,0.0
op_ipixelformat,0.0,0.0
op_hsection,0.0,0.0
op_lpramp,0.0,0.0
op_srcbuf,0.0,0.0
op_minpos,0.0,0.0
op_dwcontrolinfo,0.0,0.0
op_dwdragobjectcreate,0.0,0.0
op_dwclienttoobject,0.0,0.0
op_dwmodifyexprdlgproc,0.0,0.0
op_dwdescribe,0.0,0.0
op_dwsyntaxfree,0.0,0.0
op_dwcrosstabdlgproc,0.0,0.0
op_dwcrosstabdlg,0.0,0.0
op_psrcdataobj,0.0,0.0
op_dwcrosstabmodifydynamic,0.0,0.0
op_psrcdataobject,0.0,0.0
op_dwcrosstabsortcmp,0.0,0.0
op_dwcrosstabdefdynamic,0.0,0.0
op_dwcrosstabdef,0.0,0.0
op_dwcontrolstyledlgproc,0.0,0.0
op_dwcontrolstyle,0.0,0.0
op_isigearedtoolbarinstalledonie,0.0,0.0
op_dwcontrolflags,0.0,0.0
op_dwsaveasascii,0.0,0.0
op_dwselectargdlgproc,0.0,0.0
op_pwcsname,0.0,0.0
op_idthread,0.0,0.0
op_lpszusername,0.0,0.0
op_dwcrosstabbuildmodel,0.0,0.0
op_dwvolume,0.0,0.0
op_libversionpoint,0.0,0.0
op_numberofevents,0.0,0.0
op_phas,0.0,0.0
op_htimer,0.0,0.0
op_setmodcount,0.0,0.0
op_cudagetsymbolsize,0.0,0.0
op_cudathreadsynchronize,0.0,0.0
op_cudathreadexit,0.0,0.0
op_cudagetlasterror,0.0,0.0
op_cudageterrorstring,0.0,0.0
op_tclcreateproc,0.0,0.0
op_dllunregisterdesigner,0.0,0.0
op_dllregisterdesigner,0.0,0.0
op_cudaglunregisterbufferobject,0.0,0.0
op_resethelper,0.0,0.0
op_lpszcookiename,0.0,0.0
op_getaccounttype,0.0,0.0
op_getat,0.0,0.0
op_cudamemcpyarraytoarray,0.0,0.0
op_cudasetdoubleforhost,0.0,0.0
op_cudasetdoublefordevice,0.0,0.0
op_cudamemcpytoarrayasync,0.0,0.0
op_cudagetsymboladdress,0.0,0.0
op_cudacreatechanneldesc,0.0,0.0
op_cudamemcpytoarray,0.0,0.0
op_cudamemcpyfromsymbolasync,0.0,0.0
op_cudamemcpyfromsymbol,0.0,0.0
op_cudamemcpytosymbolasync,0.0,0.0
op_cudamemcpytosymbol,0.0,0.0
op_cudamemcpyasync,0.0,0.0
op_cudamemcpy,0.0,0.0
op_pvdefaultdata,0.0,0.0
op_editcoresetoutputsetting,0.0,0.0
op_ulsonympegeditcoresetoutputtype,0.0,0.0
op_prevwndfunc,0.0,0.0
op_fignorehkcu,0.0,0.0
op_getexecutionenvironment,0.0,0.0
op_chttpparser,0.0,0.0
op_csoapstub,0.0,0.0
op_getmodcount,0.0,0.0
op_createscansysclass,0.0,0.0
op_parsinglf,0.0,0.0
op_releaself,0.0,0.0
op_initializelf,0.0,0.0
op_realizespl,0.0,0.0
op_stringsid,0.0,0.0
op_outputbuffer,0.0,0.0
op_setsizes,0.0,0.0
op_setexecutionenvironment,0.0,0.0
op_cudamallocpitch,0.0,0.0
op_cudamallochost,0.0,0.0
op_cudamalloc,0.0,0.0
op_cudalaunch,0.0,0.0
op_cudastreamcreate,0.0,0.0
op_cudaconfigurecall,0.0,0.0
op_cudachoosedevice,0.0,0.0
op_cudagetdeviceproperties,0.0,0.0
op_cudagetdevicecount,0.0,0.0
op_cudagetdevice,0.0,0.0
op_cudasetdevice,0.0,0.0
op_cudagetchanneldesc,0.0,0.0
op_regexec,0.0,0.0
op_cudaeventsynchronize,0.0,0.0
op_cudaeventquery,0.0,0.0
op_cudaeventrecord,0.0,0.0
op_cudaeventcreate,0.0,0.0
op_cudastreamquery,0.0,0.0
op_cudastreamsynchronize,0.0,0.0
op_cudastreamdestroy,0.0,0.0
op_ipitchandfamily,0.0,0.0
op_createplugin,0.0,0.0
op_dumpblocks,0.0,0.0
op_getallocmemsize,0.0,0.0
op_cudaeventelapsedtime,0.0,0.0
op_cudagettexturereference,0.0,0.0
op_cudagettexturealignmentoffset,0.0,0.0
op_cudaunbindtexture,0.0,0.0
op_cudabindtexturetoarray,0.0,0.0
op_cudabindtexture,0.0,0.0
op_cudafreearray,0.0,0.0
op_cudaglunmapbufferobject,0.0,0.0
op_cudaglmapbufferobject,0.0,0.0
op_cudaglregisterbufferobject,0.0,0.0
op_cudaglsetgldevice,0.0,0.0
op_cudamemset,0.0,0.0
op_cudafree,0.0,0.0
op_cudamemcpyfromarray,0.0,0.0
op_cudasetupargument,0.0,0.0
op_lplogfont,0.0,0.0
op_dllverifyclsidissafetoload,0.0,0.0
op_getproduct,0.0,0.0
op_phdbwgetfolderinfo,0.0,0.0
op_about,0.0,0.0
op_lppe,0.0,0.0
op_pnodebuffer,0.0,0.0
op_cudaeventdestroy,0.0,0.0
op_cudamallocarray,0.0,0.0
op_cudafreehost,0.0,0.0
op_cudamemcpyfromarrayasync,0.0,0.0
op_tclhideliteral,0.0,0.0
op_tcllistobjsetelement,0.0,0.0
op_tclinexit,0.0,0.0
op_tclsockminimumbuffers,0.0,0.0
op_tclsockgetport,0.0,0.0
op_tclchanneltransform,0.0,0.0
op_tclcopychannel,0.0,0.0
op_tclchanneleventscriptinvoker,0.0,0.0
op_tclpreventaliasloop,0.0,0.0
op_tclinterpinit,0.0,0.0
op_tclgetinstructiontable,0.0,0.0
op_fwaitall,0.0,0.0
op_ulsonympegeditcoregetstatus,0.0,0.0
op_ulsonympegeditcorestart,0.0,0.0
op_ulsonympegeditcoredrain,0.0,0.0
op_ulsonympegeditcorenextsegment,0.0,0.0
op_ulsonympegeditcoreaddsegment,0.0,0.0
op_ulsonympegeditcoresetsection,0.0,0.0
op_tclrenamecommand,0.0,0.0
op_tclbackgroundexception,0.0,0.0
op_tclgetenv,0.0,0.0
op_tclsetupenv,0.0,0.0
op_tclsetlibrarypath,0.0,0.0
op_tclgetlibrarypath,0.0,0.0
op_ulsonympegeditcoresupply,0.0,0.0
op_tclhandlerelease,0.0,0.0
op_tclhandlepreserve,0.0,0.0
op_tclhandlefree,0.0,0.0
op_tclgetstartupscriptfilename,0.0,0.0
op_pcapabilites,0.0,0.0
op_pcnzwch,0.0,0.0
op_dtp,0.0,0.0
op_plugingetmodule,0.0,0.0
op_lpszexefilename,0.0,0.0
op_puargerr,0.0,0.0
op_pdispparams,0.0,0.0
op_tcladdliteralobj,0.0,0.0
op_tclgetnamespacefromobj,0.0,0.0
op_tclresetshadowedcmdrefs,0.0,0.0
op_tclgetnamespaceforqualname,0.0,0.0
op_tclgetoriginalcommand,0.0,0.0
op_tclteardownnamespace,0.0,0.0
op_tclpopstackframe,0.0,0.0
op_tclpushstackframe,0.0,0.0
op_tclsetpreinitscript,0.0,0.0
op_tclsetstartupscriptfilename,0.0,0.0
op_tclgetstartupscriptpath,0.0,0.0
op_tclsetstartupscriptpath,0.0,0.0
op_tclgetloadedpackages,0.0,0.0
op_tclgetopenmode,0.0,0.0
op_ulgeterrorlog,0.0,0.0
op_pfqop,0.0,0.0
op_messageseqno,0.0,0.0
op_pmessage,0.0,0.0
op_verifysignatureonparent,0.0,0.0
op_verifysignature,0.0,0.0
op_runonceexprocess,0.0,0.0
op_pfncompare,0.0,0.0
op_ulsonympegeditcoregetinputreq,0.0,0.0
op_marker,0.0,0.0
op_ulloperand,0.0,0.0
op_tcltracedictpath,0.0,0.0
op_ulaugend,0.0,0.0
op_pulresult,0.0,0.0
op_isonyavcvencretapiversion,0.0,0.0
op_ulsonympegeditcoreinit,0.0,0.0
op_editcorereserveresource,0.0,0.0
op_ulsonympegeditcoregetrerenderingsessioninfo,0.0,0.0
op_ulsonympegeditcoreenddecomposer,0.0,0.0
op_ulsonympegeditcoreendbaseband,0.0,0.0
op_ulsonympegeditcorebegindecomposer,0.0,0.0
op_ulsonympegeditcorebeginbaseband,0.0,0.0
op_ulsonympegeditcoreexit,0.0,0.0
op_ulsonympegeditcoreend,0.0,0.0
op_uladdend,0.0,0.0
op_tclgetauxdatatype,0.0,0.0
op_ppcopy,0.0,0.0
op_tclexpandcodearray,0.0,0.0
op_tclsetbytecodefromany,0.0,0.0
op_tclprealloc,0.0,0.0
op_tclpalloc,0.0,0.0
op_tclobjinvoke,0.0,0.0
op_tclevalobjex,0.0,0.0
op_tclcleanupcommand,0.0,0.0
op_pvarresult,0.0,0.0
op_tclinvokeobjectcommand,0.0,0.0
op_resizewindow,0.0,0.0
op_tclhideunsafecommands,0.0,0.0
op_tclpfree,0.0,0.0
op_hcatinfo,0.0,0.0
op_dwimplevel,0.0,0.0
op_dwauthnlevel,0.0,0.0
op_initcallback,0.0,0.0
op_getaddr,0.0,0.0
op_hh,0.0,0.0
op_sethk,0.0,0.0
op_setaddr,0.0,0.0
op_switchsys,0.0,0.0
op_getwndproc,0.0,0.0
op_tclinvokestringcommand,0.0,0.0
op_pimageinfo,0.0,0.0
op_cdrmpolicymngr,0.0,0.0
op_lock,0.0,0.0
op_lpcbmaxvaluelen,0.0,0.0
op_lpcvalues,0.0,0.0
op_lpcbmaxclasslen,0.0,0.0
op_lpcsubkeys,0.0,0.0
op_lpoptional,0.0,0.0
op_setapppointer,0.0,0.0
op_pwintrustdata,0.0,0.0
op_ifield,0.0,0.0
op_previouscount,0.0,0.0
op_pprivs,0.0,0.0
op_pauthnlevel,0.0,0.0
op_pcbhash,0.0,0.0
op_szvaluebuf,0.0,0.0
op_lnchappandwait,0.0,0.0
op_recordfromanalogsource,0.0,0.0
op_gethurlinterface,0.0,0.0
op_hurltosite,0.0,0.0
op_handlebtnnewautoplaylist,0.0,0.0
op_handlebtnnewgroup,0.0,0.0
op_handlebtnnewplaylist,0.0,0.0
op_pcchvaluebuf,0.0,0.0
op_pointertorawdata,0.0,0.0
op_selfthread,0.0,0.0
op_enumerator,0.0,0.0
op_msghandler,0.0,0.0
op_drivertype,0.0,0.0
op_pdndevinst,0.0,0.0
op_errorline,0.0,0.0
op_openasself,0.0,0.0
op_pdeviceid,0.0,0.0
op_registeralet,0.0,0.0
op_deviceread,0.0,0.0
op_unregisteralet,0.0,0.0
op_getdeviceiocontrol,0.0,0.0
op_deviceopen,0.0,0.0
op_devicecheck,0.0,0.0
op_stopthread,0.0,0.0
op_startthread,0.0,0.0
op_dwheaderslength,0.0,0.0
op_porttest,0.0,0.0
op_portrelease,0.0,0.0
op_portacquire,0.0,0.0
op_pollstart,0.0,0.0
op_pollstop,0.0,0.0
op_getregisteralet,0.0,0.0
op_setdevicetimeout,0.0,0.0
op_pfnthreadproc,0.0,0.0
op_pullen,0.0,0.0
op_mapiresolvename,0.0,0.0
op_mapireadmail,0.0,0.0
op_bmapigetreadmail,0.0,0.0
op_mapidetails,0.0,0.0
op_mapideletemail,0.0,0.0
op_pgactionid,0.0,0.0
op_lppnewrecips,0.0,0.0
op_lpnnewrecips,0.0,0.0
op_lprecips,0.0,0.0
op_getapppointer,0.0,0.0
op_lpszlabels,0.0,0.0
op_neditfields,0.0,0.0
op_mapiaddress,0.0,0.0
op_szlogfile,0.0,0.0
op_cacheconfiginfo,0.0,0.0
op_mapisendmail,0.0,0.0
op_mapilogoff,0.0,0.0
op_lplhsession,0.0,0.0
op_mapilogon,0.0,0.0
op_szproduct,0.0,0.0
op_pscatinfo,0.0,0.0
op_drvfbupdatepinfo,0.0,0.0
op_nrecips,0.0,0.0
op_classguidlist,0.0,0.0
op_getautoplaylistmanager,0.0,0.0
op_szstring,0.0,0.0
op_createextprogaccsclass,0.0,0.0
op_jgaqueryaudioencode,0.0,0.0
op_jgaencodeaudio,0.0,0.0
op_jgadestroyaudioencode,0.0,0.0
op_jgacreateaudioencode,0.0,0.0
op_szvolumename,0.0,0.0
op_propsheetpagea,0.0,0.0
op_numberstr,0.0,0.0
op_lpmessage,0.0,0.0
op_extrclr,0.0,0.0
op_npriority,0.0,0.0
op_sectionname,0.0,0.0
op_me,0.0,0.0
op_bmapisendmail,0.0,0.0
op_adbgetdefaultbulkwriteendpointinformation,0.0,0.0
op_adbgetdefaultbulkreadendpointinformation,0.0,0.0
op_adbgetendpointinformation,0.0,0.0
op_adbgetusbinterfacedescriptor,0.0,0.0
op_adbgetusbconfigurationdescriptor,0.0,0.0
op_adbgetusbdevicedescriptor,0.0,0.0
op_adbgetserialnumber,0.0,0.0
op_lpnumberstr,0.0,0.0
op_nlen,0.0,0.0
op_member,0.0,0.0
op_propdispdriver,0.0,0.0
op_presult,0.0,0.0
op_nitem,0.0,0.0
op_lpszwindowname,0.0,0.0
op_pstringmgr,0.0,0.0
op_cfformat,0.0,0.0
op_pdoc,0.0,0.0
op_cnotrackobject,0.0,0.0
op_strvalue,0.0,0.0
op_wch,0.0,0.0
op_sizeofdata,0.0,0.0
op_majorversion,0.0,0.0
op_timedatestamp,0.0,0.0
op_mbch,0.0,0.0
op_getinterface,0.0,0.0
op_quickscan,0.0,0.0
op_deviceclose,0.0,0.0
op_ulactctxcookie,0.0,0.0
op_colevariant,0.0,0.0
op_perror,0.0,0.0
op_ppx,0.0,0.0
op_fx,0.0,0.0
op_vmlsetaudioengineparam,0.0,0.0
op_vmlsetsceneengineparam,0.0,0.0
op_vmlsetfaceengineparam,0.0,0.0
op_vmlsetfaceidentifydictionarymode,0.0,0.0
op_pllength,0.0,0.0
op_varchild,0.0,0.0
op_lpformatetc,0.0,0.0
op_pdc,0.0,0.0
op_pcmdui,0.0,0.0
op_nflags,0.0,0.0
op_lpszname,0.0,0.0
op_pinfo,0.0,0.0
op_col,0.0,0.0
op_strtemp,0.0,0.0
op_rstring,0.0,0.0
op_cdumpcontext,0.0,0.0
op_rectclient,0.0,0.0
op_pbar,0.0,0.0
op_nhashvalue,0.0,0.0
op_nhashbucket,0.0,0.0
op_bsuccess,0.0,0.0
op_dwpropid,0.0,0.0
op_systimes,0.0,0.0
op_pitem,0.0,0.0
op_var,0.0,0.0
op_dwopenmode,0.0,0.0
op_hnamedpipe,0.0,0.0
op_beencodechunk,0.0,0.0
op_pwnd,0.0,0.0
op_ar,0.0,0.0
op_e,0.0,0.0
op_sc,0.0,0.0
op_pszpropname,0.0,0.0
op_nidc,0.0,0.0
op_pparentwnd,0.0,0.0
op_addressofrawdata,0.0,0.0
op_newelement,0.0,0.0
op_cruntimeclass,0.0,0.0
op_directory,0.0,0.0
op_cpoint,0.0,0.0
op_pptl,0.0,0.0
op_lprcscroll,0.0,0.0
op_bewritevbrheader,0.0,0.0
op_devicewrite,0.0,0.0
op_beversion,0.0,0.0
op_beclosestream,0.0,0.0
op_bedeinitstream,0.0,0.0
op_beinitstream,0.0,0.0
op_rpentrypoint,0.0,0.0
op_nid,0.0,0.0
op_lpbuf,0.0,0.0
op_szerrormessage,0.0,0.0
op_formatetc,0.0,0.0
op_carchive,0.0,0.0
op_hwndctrl,0.0,0.0
op_lpstgmedium,0.0,0.0
op_hr,0.0,0.0
op_dwcontext,0.0,0.0
op_message,0.0,0.0
op_szid,0.0,0.0
op_pmsg,0.0,0.0
op_dwpipemode,0.0,0.0
op_eactresult,0.0,0.0
op_panyexception,0.0,0.0
op_csize,0.0,0.0
op_precordset,0.0,0.0
op_dwdispid,0.0,0.0
op_nfield,0.0,0.0
op_cobject,0.0,0.0
op_pdx,0.0,0.0
op_nserverport,0.0,0.0
op_lpszaccepttypes,0.0,0.0
op_ndefaulttimeout,0.0,0.0
op_nmaxinstances,0.0,0.0
op_dispid,0.0,0.0
op_hmixer,0.0,0.0
op_uilanguageenumproc,0.0,0.0
op_icol,0.0,0.0
op_irow,0.0,0.0
op_rowcount,0.0,0.0
op_recnumber,0.0,0.0
op_fhandletype,0.0,0.0
op_pcbinfovalue,0.0,0.0
op_fattribute,0.0,0.0
op_pcchpathbuf,0.0,0.0
op_dlsloadmemfile,0.0,0.0
op_patchfilename,0.0,0.0
op_dlsclose,0.0,0.0
op_dlsmssopen,0.0,0.0
op_cbwh,0.0,0.0
op_pdwvolume,0.0,0.0
op_wndclassexw,0.0,0.0
op_cbstring,0.0,0.0
op_linitialcount,0.0,0.0
op_getwripinputsource,0.0,0.0
op_filesize,0.0,0.0
op_iindex,0.0,0.0
op_lppathbuf,0.0,0.0
op_dlsloadfile,0.0,0.0
op_szsqlstr,0.0,0.0
op_fctype,0.0,0.0
op_reloaded,0.0,0.0
op_getdisplaydevicemode,0.0,0.0
op_getdisplaydeviceswitchcapability,0.0,0.0
op_getdisplaydevicecapability,0.0,0.0
op_getdisplaydrivername,0.0,0.0
op_lpdroptarget,0.0,0.0
op_lpusername,0.0,0.0
op_netresource,0.0,0.0
op_mssmixer,0.0,0.0
op_hookproc,0.0,0.0
op_buttons,0.0,0.0
op_lpbuffersize,0.0,0.0
op_lpccount,0.0,0.0
op_lpnetresource,0.0,0.0
op_dwusage,0.0,0.0
op_dwscope,0.0,0.0
op_dlsgetinfo,0.0,0.0
op_corientation,0.0,0.0
op_cescapement,0.0,0.0
op_lmaximumcount,0.0,0.0
op_defaultchar,0.0,0.0
op_extracompressionmain,0.0,0.0
op_seed,0.0,0.0
op_pfnullable,0.0,0.0
op_fdesctype,0.0,0.0
op_pcbcoldef,0.0,0.0
op_pibscale,0.0,0.0
op_pcbdesc,0.0,0.0
op_ffetchtype,0.0,0.0
op_sqlwchar,0.0,0.0
op_textlength,0.0,0.0
op_irecord,0.0,0.0
op_szconnstrin,0.0,0.0
op_lpszstring,0.0,0.0
op_pathresult,0.0,0.0
op_lpszappname,0.0,0.0
op_lpszfilename,0.0,0.0
op_szprocname,0.0,0.0
op_pfsqltype,0.0,0.0
op_zerror,0.0,0.0
op_compressbound,0.0,0.0
op_compress,0.0,0.0
op_natom,0.0,0.0
op_pjob,0.0,0.0
op_getappname,0.0,0.0
op_endstatusdll,0.0,0.0
op_startstatusdll,0.0,0.0
op_lpszkeyname,0.0,0.0
op_szqualifier,0.0,0.0
op_ipar,0.0,0.0
op_cbinfovaluemax,0.0,0.0
op_pcchsqlstr,0.0,0.0
op_cchsqlstrmax,0.0,0.0
op_stringlength,0.0,0.0
op_cbvaluemax,0.0,0.0
op_fparamtype,0.0,0.0
op_option,0.0,0.0
op_szcolumnname,0.0,0.0
op_gzsetparams,0.0,0.0
op_pferrorcode,0.0,0.0
op_gzprintf,0.0,0.0
op_gzputs,0.0,0.0
op_gzputc,0.0,0.0
op_gzwrite,0.0,0.0
op_gzdirect,0.0,0.0
op_cchconnstrin,0.0,0.0
op_rgbdesc,0.0,0.0
op_pfnativeerror,0.0,0.0
op_pccherrormsg,0.0,0.0
op_szconnstrout,0.0,0.0
op_finfotype,0.0,0.0
op_sqlhenv,0.0,0.0
op_gzflush,0.0,0.0
op_adbreadendpointasync,0.0,0.0
op_adbqueryinformationendpoint,0.0,0.0
op_adbgetendpointinterface,0.0,0.0
op_adbopendefaultbulkwriteendpoint,0.0,0.0
op_adbopendefaultbulkreadendpoint,0.0,0.0
op_testapplypatchtofilea,0.0,0.0
op_getpowerstate,0.0,0.0
op_isexternaldisplayconnected,0.0,0.0
op_setlcdrefreshrate,0.0,0.0
op_getlcdrefreshrate,0.0,0.0
op_getlcdrefreshratecapability,0.0,0.0
op_cchsqlstr,0.0,0.0
op_getscreenexpansionstatus,0.0,0.0
op_applypatchtofileexa,0.0,0.0
op_adbresetinterfaceenum,0.0,0.0
op_adbnextinterface,0.0,0.0
op_adbclosehandle,0.0,0.0
op_adbcreateinterfacebyname,0.0,0.0
op_adbenuminterfaces,0.0,0.0
op_newfilehandle,0.0,0.0
op_testapplypatchtofilew,0.0,0.0
op_optionflags,0.0,0.0
op_applypatchtofilew,0.0,0.0
op_applypatchtofilea,0.0,0.0
op_setscreenexpansionstatus,0.0,0.0
op_lpszlibname,0.0,0.0
op_psztext,0.0,0.0
op_hwavein,0.0,0.0
op_hwaveout,0.0,0.0
op_hmo,0.0,0.0
op_pmic,0.0,0.0
op_adbwriteendpointsync,0.0,0.0
op_hrecord,0.0,0.0
op_internetgetproxyinfo,0.0,0.0
op_internetdeinitializeautoproxydll,0.0,0.0
op_internetinitializeautoproxydll,0.0,0.0
op_adbwriteendpointasync,0.0,0.0
op_drvfbwriteprinter,0.0,0.0
op_drvfbendpage,0.0,0.0
op_adbopenendpoint,0.0,0.0
op_drvfbstartpage,0.0,0.0
op_drvfbabort,0.0,0.0
op_drvfbenddoc,0.0,0.0
op_drvfbstartdoc,0.0,0.0
op_adbcreateinterface,0.0,0.0
op_adbhasovelappediocomplated,0.0,0.0
op_adbgetovelappedioresult,0.0,0.0
op_adbgetinterfacename,0.0,0.0
op_adbreadendpointsync,0.0,0.0
op_pdocinfo,0.0,0.0
op_jgseendstream,0.0,0.0
op_jgsemodifycontrol,0.0,0.0
op_jgsegetoutput,0.0,0.0
op_setpowerstate,0.0,0.0
op_jgsequerysilence,0.0,0.0
op_jgsequerycomponenttime,0.0,0.0
op_jgsequery,0.0,0.0
op_jgseencode,0.0,0.0
op_jgsereleaseinfo,0.0,0.0
op_jgsesetstreamoptions,0.0,0.0
op_jgsestop,0.0,0.0
op_testapplypatchtofilebyhandles,0.0,0.0
op_jgsedestroy,0.0,0.0
op_jgsecreate,0.0,0.0
op_binarytype,0.0,0.0
op_getconfiguration,0.0,0.0
op_setconfiguration,0.0,0.0
op_settvstandard,0.0,0.0
op_gettvstandard,0.0,0.0
op_dwnotifyfilter,0.0,0.0
op_pcbstring,0.0,0.0
op_szschemaname,0.0,0.0
op_sztablename,0.0,0.0
op_foption,0.0,0.0
op_setdisplaydevicemode,0.0,0.0
op_getfilepatchsignaturew,0.0,0.0
op_getfilepatchsignaturea,0.0,0.0
op_applypatchtofileexw,0.0,0.0
op_callbackcontext,0.0,0.0
op_pmoc,0.0,0.0
op_oldfilehandle,0.0,0.0
op_patchfilehandle,0.0,0.0
op_applypatchtofilebyhandles,0.0,0.0
op_applypatchtofilebyhandlesex,0.0,0.0
op_getfilepatchsignaturebyhandle,0.0,0.0
op_signaturebuffer,0.0,0.0
op_lpszheaders,0.0,0.0
op_jgserestart,0.0,0.0
op_pac,0.0,0.0
op_pudeviceid,0.0,0.0
op_cbwoc,0.0,0.0
op_dlssetattribute,0.0,0.0
op_dlsunloadfile,0.0,0.0
op_dlsunloadall,0.0,0.0
op_dlscompactmemory,0.0,0.0
op_jgsestart,0.0,0.0
op_mmrerror,0.0,0.0
op_channel,0.0,0.0
op_virtualdubfiltermoduledeinit,0.0,0.0
op_optiondata,0.0,0.0
op_v,0.0,0.0
op_pji,0.0,0.0
op_stacks,0.0,0.0
op_slices,0.0,0.0
op_operation,0.0,0.0
op_bmapiresolvename,0.0,0.0
op_cisaputrace,0.0,0.0
op_hdialogtemplate,0.0,0.0
op_vsdllunregisterserver,0.0,0.0
op_vsdllregisterserver,0.0,0.0
op_propsheetpagew,0.0,0.0
op_vmlinputimage,0.0,0.0
op_addservice,0.0,0.0
op_securitymode,0.0,0.0
op_mailtoprotocolhandler,0.0,0.0
op_removeservice,0.0,0.0
op_bmapidetails,0.0,0.0
op_bmapigetaddress,0.0,0.0
op_bmapiaddress,0.0,0.0
op_bmapireadmail,0.0,0.0
op_bmapifindnext,0.0,0.0
op_cbitem,0.0,0.0
op_exchange,0.0,0.0
op_hglrc,0.0,0.0
op_glutinitwindowsize,0.0,0.0
op_glutinitwindowposition,0.0,0.0
op_glutinit,0.0,0.0
op_glutget,0.0,0.0
op_glutgamemodeget,0.0,0.0
op_glutentergamemode,0.0,0.0
op_glutbitmaplength,0.0,0.0
op_glutleavegamemode,0.0,0.0
op_glutfullscreen,0.0,0.0
op_glutextensionsupported,0.0,0.0
op_glutmainloop,0.0,0.0
op_glutbitmapcharacter,0.0,0.0
op_glutpostredisplay,0.0,0.0
op_gluttimerfunc,0.0,0.0
op_szreturnbuffer,0.0,0.0
op_hreadpipe,0.0,0.0
op_hwritepipe,0.0,0.0
op_lpguidsp,0.0,0.0
op_password,0.0,0.0
op_lpdp,0.0,0.0
op_lpstartupinfo,0.0,0.0
op_binherithandles,0.0,0.0
op_openinboxhandler,0.0,0.0
op_glutbitmapwidth,0.0,0.0
op_glutpostwindowredisplay,0.0,0.0
op_nmaxpos,0.0,0.0
op_nminpos,0.0,0.0
op_bredraw,0.0,0.0
op_pipeattributes,0.0,0.0
op_deleteftpinterface,0.0,0.0
op_bppgetentrypoints,0.0,0.0
op_hrasconn,0.0,0.0
op_lpextensionid,0.0,0.0
op_dwnumdevs,0.0,0.0
op_dtuserialrundll,0.0,0.0
op_connectmngr,0.0,0.0
op_brevert,0.0,0.0
op_keytype,0.0,0.0
op_lpguid,0.0,0.0
op_phuser,0.0,0.0
op_lpcontext,0.0,0.0
op_deletenbemail,0.0,0.0
op_createnbemail,0.0,0.0
op_deletenbsocket,0.0,0.0
op_createnbsocket,0.0,0.0
op_xpstgdevgetvenidandprodid,0.0,0.0
op_createftpinterface,0.0,0.0
op_lpszproxy,0.0,0.0
op_progressroutine,0.0,0.0
op_buffersin,0.0,0.0
op_lpwndpl,0.0,0.0
op_lpmode,0.0,0.0
op_fwinini,0.0,0.0
op_uiaction,0.0,0.0
op_cxdesired,0.0,0.0
op_statistics,0.0,0.0
op_binarypathname,0.0,0.0
op_pecb,0.0,0.0
op_pver,0.0,0.0
op_previousstate,0.0,0.0
op_dwcopyflags,0.0,0.0
op_hwndnewparent,0.0,0.0
op_lpdtp,0.0,0.0
op_fileprefix,0.0,0.0
op_baseofdump,0.0,0.0
op_streampointer,0.0,0.0
op_preloadstop,0.0,0.0
op_compform,0.0,0.0
op_duetime,0.0,0.0
op_evtmask,0.0,0.0
op_modemstat,0.0,0.0
op_lplpdp,0.0,0.0
op_pdwsize,0.0,0.0
op_lpsi,0.0,0.0
op_lppackeddib,0.0,0.0
op_glutgetmodifiers,0.0,0.0
op_glutcreatewindow,0.0,0.0
op_getinstalltempdescfilename,0.0,0.0
op_getinstalltempfolder,0.0,0.0
op_sclock,0.0,0.0
op_remove,0.0,0.0
op_setup,0.0,0.0
op_destroy,0.0,0.0
op_hmx,0.0,0.0
op_glutreporterrors,0.0,0.0
op_glutentryfunc,0.0,0.0
op_glutinitdisplaymode,0.0,0.0
op_glutmotionfunc,0.0,0.0
op_glutmousefunc,0.0,0.0
op_glutdisplayfunc,0.0,0.0
op_glutdestroywindow,0.0,0.0
op_glutcreatesubwindow,0.0,0.0
op_glutstrokecharacter,0.0,0.0
op_glutsetwindow,0.0,0.0
op_glutgetwindow,0.0,0.0
op_glutwarppointer,0.0,0.0
op_glutvideoresize,0.0,0.0
op_glutstopvideoresizing,0.0,0.0
op_glutsetupvideoresizing,0.0,0.0
op_glutpassivemotionfunc,0.0,0.0
op_phdbwreadimage,0.0,0.0
op_phdbwreadfilepartially,0.0,0.0
op_stopallcontact,0.0,0.0
op_phdbwmovefile,0.0,0.0
op_phdbwdeletefile,0.0,0.0
op_phdbwdeletefolder,0.0,0.0
op_phdbwsetfolderinfo,0.0,0.0
op_phdbwupdatefilepartially,0.0,0.0
op_phdbwupdatefile,0.0,0.0
op_phdbwenrollimage,0.0,0.0
op_getlocalfilename,0.0,0.0
op_glutestablishoverlay,0.0,0.0
op_phdbwgetdatatable,0.0,0.0
op_phdbwgetdatatablenum,0.0,0.0
op_phdbwexitdatabase,0.0,0.0
op_phdbwgetdbfilename,0.0,0.0
op_phdbwinitdatabase,0.0,0.0
op_hlookup,0.0,0.0
op_glutwindowstatusfunc,0.0,0.0
op_glutoverlaydisplayfunc,0.0,0.0
op_glutpostwindowoverlayredisplay,0.0,0.0
op_glutpostoverlayredisplay,0.0,0.0
op_glutuselayer,0.0,0.0
op_glutremoveoverlay,0.0,0.0
op_phdbwenrollfolder,0.0,0.0
op_baseradius,0.0,0.0
op_glutwirecone,0.0,0.0
op_glutsolidsphere,0.0,0.0
op_radius,0.0,0.0
op_glutwiresphere,0.0,0.0
op_glutlayerget,0.0,0.0
op_glutshowoverlay,0.0,0.0
op_glutdeviceget,0.0,0.0
op_mapifreebuffer,0.0,0.0
op_ntimeout,0.0,0.0
op_lpto,0.0,0.0
op_glutvideoresizeget,0.0,0.0
op_pzgcreateencrypt,0.0,0.0
op_pzgstringencrypt,0.0,0.0
op_pzgstreamencrypt,0.0,0.0
op_glutgamemodestring,0.0,0.0
op_glutkeyboardupfunc,0.0,0.0
op_glutsetkeyrepeat,0.0,0.0
op_glutignorekeyrepeat,0.0,0.0
op_glutspecialfunc,0.0,0.0
op_glutkeyboardfunc,0.0,0.0
op_glutforcejoystickfunc,0.0,0.0
op_glutjoystickfunc,0.0,0.0
op_glutidlefunc,0.0,0.0
op_itolen,0.0,0.0
op_glutsolidoctahedron,0.0,0.0
op_glutinitdisplaystring,0.0,0.0
op_glutdialsfunc,0.0,0.0
op_glutbuttonboxfunc,0.0,0.0
op_glutsetcursor,0.0,0.0
op_glutcopycolormap,0.0,0.0
op_glutgetcolor,0.0,0.0
op_glutsetcolor,0.0,0.0
op_glutsolidcone,0.0,0.0
op_glutspaceballbuttonfunc,0.0,0.0
op_glutspaceballrotatefunc,0.0,0.0
op_glutspecialupfunc,0.0,0.0
op_glutsolidtetrahedron,0.0,0.0
op_glutwiretetrahedron,0.0,0.0
op_glutsolidicosahedron,0.0,0.0
op_glutwireicosahedron,0.0,0.0
op_gluthideoverlay,0.0,0.0
op_glutwireoctahedron,0.0,0.0
op_glutsoliddodecahedron,0.0,0.0
op_glutwiredodecahedron,0.0,0.0
op_glutsolidtorus,0.0,0.0
op_glutwiretorus,0.0,0.0
op_glutsolidcube,0.0,0.0
op_glutwirecube,0.0,0.0
op_glutspaceballmotionfunc,0.0,0.0
op_statusmonitor,0.0,0.0
op_statusmonitorw,0.0,0.0
op_query,0.0,0.0
op_initializeprintmonitor,0.0,0.0
op_initializemonitorex,0.0,0.0
op_sendxpmlrequest,0.0,0.0
op_kbloadlist,0.0,0.0
op_hostnametoip,0.0,0.0
op_hevents,0.0,0.0
op_hdevnotify,0.0,0.0
op_psessionid,0.0,0.0
op_proto,0.0,0.0
op_pszformat,0.0,0.0
op_cwcleanup,0.0,0.0
op_loffset,0.0,0.0
op_vmlsetconfig,0.0,0.0
op_vmlsetfilmroll,0.0,0.0
op_vmlsetoutputmetafile,0.0,0.0
op_vmlsetaudioformat,0.0,0.0
op_vmlsetvideoformat,0.0,0.0
op_vmlcancel,0.0,0.0
op_vmlfinalize,0.0,0.0
op_infinformation,0.0,0.0
op_hrecipient,0.0,0.0
op_accarrayredim,0.0,0.0
op_accarraycopy,0.0,0.0
op_accarraydestroy,0.0,0.0
op_accarraycreate,0.0,0.0
op_accunixtimetovartime,0.0,0.0
op_accvartimetounixtime,0.0,0.0
op_accvarchangetype,0.0,0.0
op_jobid,0.0,0.0
op_proxyremoteinstalla,0.0,0.0
op_proxyremoteinstallw,0.0,0.0
op_douninstalla,0.0,0.0
op_heventobject,0.0,0.0
op_uninstallcomponent,0.0,0.0
op_doinstalla,0.0,0.0
op_doinstallw,0.0,0.0
op_ptype,0.0,0.0
op_accgetmessagequeue,0.0,0.0
op_accmessageloop,0.0,0.0
op_accdispatchmessages,0.0,0.0
op_accgetsessions,0.0,0.0
op_accsetdelayloadroot,0.0,0.0
op_lpformat,0.0,0.0
op_pprinterenum,0.0,0.0
op_cwstoplogging,0.0,0.0
op_douninstallw,0.0,0.0
op_ntype,0.0,0.0
op_lpolestr,0.0,0.0
op_dwinfooptions,0.0,0.0
op_bresult,0.0,0.0
op_pfx,0.0,0.0
op_vmlgetsequencelist,0.0,0.0
op_installcomponentw,0.0,0.0
op_installinfsectiona,0.0,0.0
op_installinfsectionw,0.0,0.0
op_filequeue,0.0,0.0
op_sourcefilename,0.0,0.0
op_kbsetkbase,0.0,0.0
op_driverinstallcomponents,0.0,0.0
op_vmlgetconfig,0.0,0.0
op_pathbuffer,0.0,0.0
op_isuseradmin,0.0,0.0
op_isinteractivewindowstation,0.0,0.0
op_notification,0.0,0.0
op_cobjects,0.0,0.0
op_hacctable,0.0,0.0
op_vmlsetdebugmode,0.0,0.0
op_nmaxlength,0.0,0.0
op_vmlgetlibraryversion,0.0,0.0
op_vmlinputaudio,0.0,0.0
op_callbackroutine,0.0,0.0
op_kbgetkbaselist,0.0,0.0
op_kbdestroyinterface,0.0,0.0
op_kbcreateinterface,0.0,0.0
op_kxproc,0.0,0.0
op_createrevbaseinterface,0.0,0.0
op_revproc,0.0,0.0
op_hinf,0.0,0.0
op_queuehandle,0.0,0.0
op_targetdirectory,0.0,0.0
op_targetfilename,0.0,0.0
op_targetfilesize,0.0,0.0
op_strpropname,0.0,0.0
op_compressiontype,0.0,0.0
op_infspec,0.0,0.0
op_installcomponenta,0.0,0.0
op_diskname,0.0,0.0
op_lpstruct,0.0,0.0
op_privilegeset,0.0,0.0
op_pvinfo,0.0,0.0
op_cbmax,0.0,0.0
op_lpiid,0.0,0.0
op_hspfileq,0.0,0.0
op_integervalue,0.0,0.0
op_lpsztext,0.0,0.0
op_sourcefilesize,0.0,0.0
op_pvinstdata,0.0,0.0
op_pidlchild,0.0,0.0
op_fninternetcallback,0.0,0.0
op_pszname,0.0,0.0
op_varin,0.0,0.0
op_guidservice,0.0,0.0
op_propvar,0.0,0.0
op_propkey,0.0,0.0
op_propvarin,0.0,0.0
op_citemgrow,0.0,0.0
op_szservername,0.0,0.0
op_accpostquit,0.0,0.0
op_srwlock,0.0,0.0
op_uidsubclass,0.0,0.0
op_pfret,0.0,0.0
op_iresult,0.0,0.0
op_username,0.0,0.0
op_lpszverb,0.0,0.0
op_machinename,0.0,0.0
op_accvarclear,0.0,0.0
op_accvarinit,0.0,0.0
op_accstringlen,0.0,0.0
op_accstringalloc,0.0,0.0
op_accmemfree,0.0,0.0
op_dwrefdata,0.0,0.0
op_dlgproc,0.0,0.0
op_logfonta,0.0,0.0
op_hwi,0.0,0.0
op_pfncb,0.0,0.0
op_sourcerootpath,0.0,0.0
op_ownerwindow,0.0,0.0
op_pdrivername,0.0,0.0
op_hctl,0.0,0.0
op_pullength,0.0,0.0
op_xpstgdevicegetusbserialandbcddevice,0.0,0.0
op_xpstgdevicegetusbserial,0.0,0.0
op_punksite,0.0,0.0
op_regsam,0.0,0.0
op_expiretime,0.0,0.0
op_adapterinfo,0.0,0.0
op_destip,0.0,0.0
op_phyaddrlen,0.0,0.0
op_pmacaddr,0.0,0.0
op_accstringfree,0.0,0.0
op_hdsa,0.0,0.0
op_grfmode,0.0,0.0
op_htheme,0.0,0.0
op_pwszdst,0.0,0.0
op_hmdst,0.0,0.0
op_phwnd,0.0,0.0
op_accgetsession,0.0,0.0
op_cwstartlogging,0.0,0.0
op_cwteststop,0.0,0.0
op_cwinitialize,0.0,0.0
op_pvarleft,0.0,0.0
op_ireadwrite,0.0,0.0
op_kbshowerror,0.0,0.0
op_kbshowtopic,0.0,0.0
op_accarraylock,0.0,0.0
op_accpostmessage,0.0,0.0
op_acccreateobject,0.0,0.0
op_accmemalloc,0.0,0.0
op_accplugininstall,0.0,0.0
op_accplugingetinfo,0.0,0.0
op_acccreatesession,0.0,0.0
op_accstreamcreatefrommemory,0.0,0.0
op_accvarcopy,0.0,0.0
op_accarraygetelemsize,0.0,0.0
op_accarrayptrofindex,0.0,0.0
op_accarrayputelement,0.0,0.0
op_accarraygetelement,0.0,0.0
op_accarraygetcount,0.0,0.0
op_accarraygetvartype,0.0,0.0
op_accarrayunlock,0.0,0.0
op_accpluginuninstall,0.0,0.0
op_accgeterrorinfo,0.0,0.0
op_scanallcompatiblecolorformats,0.0,0.0
op_plclogconf,0.0,0.0
op_forresource,0.0,0.0
op_rdresdes,0.0,0.0
op_hmachine,0.0,0.0
op_prdresdes,0.0,0.0
op_presourceid,0.0,0.0
op_pulsize,0.0,0.0
op_chttpgenerator,0.0,0.0
op_mmxsharpenfilter,0.0,0.0
op_rncolorcreateimagemanipulator,0.0,0.0
op_enhance,0.0,0.0
op_getsharpnessadjustments,0.0,0.0
op_setsharpnessadjustments,0.0,0.0
op_convertrgbtoyuv,0.0,0.0
op_convertyuvtorgb,0.0,0.0
op_accstringcompare,0.0,0.0
op_scancompatiblecolorformats,0.0,0.0
op_getcolorconverter,0.0,0.0
op_setchromaresamplingmode,0.0,0.0
op_getcoloradjustments,0.0,0.0
op_setcoloradjustments,0.0,0.0
op_initcolorconverter,0.0,0.0
op_enhanceuniform,0.0,0.0
op_packagesstandards,0.0,0.0
op_often,0.0,0.0
op_causes,0.0,0.0
op_httpversionsstandalonetoorg,0.0,0.0
op_callmutantw,0.0,0.0
op_getmediatypenew,0.0,0.0
op_hidemediatypeexw,0.0,0.0
op_invalidatecharex,0.0,0.0
op_loadfoldera,0.0,0.0
op_enummutant,0.0,0.0
op_enumwindowexa,0.0,0.0
op_ephase,0.0,0.0
op_callcommandlinenew,0.0,0.0
op_killstateold,0.0,0.0
op_insertconfig,0.0,0.0
op_adddirectoryexw,0.0,0.0
op_hidecommandlineexw,0.0,0.0
op_removetimerold,0.0,0.0
op_isstateexw,0.0,0.0
op_loadlistitem,0.0,0.0
op_sendsystem,0.0,0.0
op_showmutexexw,0.0,0.0
op_jcpplatformupdateordera,0.0,0.0
op_putclassoriginal,0.0,0.0
op_orgpackagestime,0.0,0.0
op_flagsfilenameex,0.0,0.0
op_vgettoken,0.0,0.0
op_replaceerrors,0.0,0.0
op_sciencemooe,0.0,0.0
op_ramp,0.0,0.0
op_endorsedandintimeplatform,0.0,0.0
op_caltype,0.0,0.0
op_theis,0.0,0.0
op_overrideaon,0.0,0.0
op_incorporatetheto,0.0,0.0
op_updatenewer,0.0,0.0
op_theprovidesversions,0.0,0.0
op_updatelist,0.0,0.0
op_seetechnologieshttpintothat,0.0,0.0
op_closepathex,0.0,0.0
op_tostandalonecreated,0.0,0.0
op_thebeplatformmayendorsed,0.0,0.0
op_seemeans,0.0,0.0
op_mayitendorsed,0.0,0.0
op_tofrom,0.0,0.0
op_overridejava,0.0,0.0
op_platformcorrespond,0.0,0.0
op_seteventoriginal,0.0,0.0
op_aversionversions,0.0,0.0
op_standardsoforderinterfacesin,0.0,0.0
op_standalonebewhereby,0.0,0.0
op_outsideoverrideorderlistthat,0.0,0.0
op_usedstandalonein,0.0,0.0
op_jcpandinterfacesstandalonestandards,0.0,0.0
op_pdbfilename,0.0,0.0
op_implementthe,0.0,0.0
op_gaflags,0.0,0.0
op_endorsednewerupdate,0.0,0.0
op_frommeanstotime,0.0,0.0
op_tothethetimeit,0.0,0.0
op_theendorsedoverridemechanism,0.0,0.0
op_versionsusedmayversionupdate,0.0,0.0
op_endorsedendorsedoflist,0.0,0.0
op_mechanismversionsincludedplatformwww,0.0,0.0
op_athetoor,0.0,0.0
op_includingintoendorsedprocess,0.0,0.0
op_ofoftheincorporatedthe,0.0,0.0
op_l,0.0,0.0
op_inorderofthe,0.0,0.0
op_graphics,0.0,0.0
op_betothethein,0.0,0.0
op_timeastandardsthe,0.0,0.0
op_frombetoof,0.0,0.0
op_httpsmorgoverride,0.0,0.0
op_versionstoincludingjcpbe,0.0,0.0
op_platformlaterintointerfacesthe,0.0,0.0
op_aofclasses,0.0,0.0
op_technologiesoutside,0.0,0.0
op_smonupdatemeans,0.0,0.0
op_thatendorsed,0.0,0.0
op_javaimplement,0.0,0.0
op_globalcomponentnew,0.0,0.0
op_findsemaphoreold,0.0,0.0
op_killwidthexa,0.0,0.0
op_deletesemaphoreoriginal,0.0,0.0
op_technologiesupdateon,0.0,0.0
op_versionsinitprovides,0.0,0.0
op_smversions,0.0,0.0
op_incorporatedjava,0.0,0.0
op_inthatplatformoutside,0.0,0.0
op_versionmechanism,0.0,0.0
op_thatsmseetechnologies,0.0,0.0
op_mechanisminformationbeorderto,0.0,0.0
op_incorporateafromtheversion,0.0,0.0
op_mechanismplatformthatoutsideof,0.0,0.0
op_versionsmay,0.0,0.0
op_beendorsed,0.0,0.0
op_createdand,0.0,0.0
op_enumwindowinfoex,0.0,0.0
op_orderthetotechnologies,0.0,0.0
op_yxompppx,0.0,0.0
op_thefor,0.0,0.0
op_standardsjavathe,0.0,0.0
op_endorsedversionnecessary,0.0,0.0
op_ofof,0.0,0.0
op_isare,0.0,0.0
op_includinginterfaces,0.0,0.0
op_includedhttpplatforma,0.0,0.0
op_fzfd,0.0,0.0
op_platformtimeor,0.0,0.0
op_ofjava,0.0,0.0
op_abebethe,0.0,0.0
op_mayendorsedof,0.0,0.0
op_javainformation,0.0,0.0
op_intocommunityoverride,0.0,0.0
op_jlxaba,0.0,0.0
op_zbbddhjl,0.0,0.0
op_antfac,0.0,0.0
op_worrxbvhc,0.0,0.0
op_vsygjla,0.0,0.0
op_ymeoqxd,0.0,0.0
op_ifftl,0.0,0.0
op_thatmechanismoverridelaterthe,0.0,0.0
op_runtimeclasscommand,0.0,0.0
op_runtimecommercial,0.0,0.0
op_nametype,0.0,0.0
op_laterincorporateversionprocess,0.0,0.0
op_totechnologies,0.0,0.0
op_standaloneanewerupdate,0.0,0.0
op_versionsmayof,0.0,0.0
op_javanecessary,0.0,0.0
op_intheendorsed,0.0,0.0
op_versionsstandardsnewer,0.0,0.0
op_platformincorporatetoto,0.0,0.0
op_tothatfrom,0.0,0.0
op_thatintoorder,0.0,0.0
op_ofclassesof,0.0,0.0
op_communityhttpinformation,0.0,0.0
op_overrideitinterfacesofstandards,0.0,0.0
op_dwoutqueue,0.0,0.0
op_dwinqueue,0.0,0.0
op_javathemayofon,0.0,0.0
op_includedversion,0.0,0.0
op_beitin,0.0,0.0
op_smmaymechanism,0.0,0.0
op_latertotechnologies,0.0,0.0
op_classesplatformin,0.0,0.0
op_endorsedinincorporatedsmendorsed,0.0,0.0
op_programpythonopen,0.0,0.0
op_standardsstandalone,0.0,0.0
op_communityplatformtoanda,0.0,0.0
op_jcpmechanism,0.0,0.0
op_itofitjava,0.0,0.0
op_updateoutsideaincludedtechnologies,0.0,0.0
op_ofinterfacesstandards,0.0,0.0
op_inincorporatefortime,0.0,0.0
op_jcptechnologiesnewer,0.0,0.0
op_crtappnameex,0.0,0.0
op_loadoptionw,0.0,0.0
op_tvto,0.0,0.0
op_callanchorexa,0.0,0.0
op_addchara,0.0,0.0
op_installmonitorw,0.0,0.0
op_copytaskexw,0.0,0.0
op_standardstoto,0.0,0.0
op_ofplatformplatform,0.0,0.0
op_includingversionsmoreit,0.0,0.0
op_maywwwa,0.0,0.0
op_ofstandalone,0.0,0.0
op_thatjavastandards,0.0,0.0
op_ittime,0.0,0.0
op_outsidetechnologiesplatformversionmeans,0.0,0.0
op_freedataexa,0.0,0.0
op_kbsspv,0.0,0.0
op_ozuprqwp,0.0,0.0
op_outsidefromcreatedtoor,0.0,0.0
op_thatnecessarytoorderclasses,0.0,0.0
op_appactive,0.0,0.0
op_appspooltitle,0.0,0.0
op_wcodepageid,0.0,0.0
op_caldata,0.0,0.0
op_calendar,0.0,0.0
op_thatmay,0.0,0.0
op_ajqajsc,0.0,0.0
op_smmeansneweroroverride,0.0,0.0
op_mzqcfza,0.0,0.0
op_cjcsiawfy,0.0,0.0
op_rmtrxlkjg,0.0,0.0
op_xhipwoutb,0.0,0.0
op_ngmprei,0.0,0.0
op_pafmtc,0.0,0.0
op_vbva,0.0,0.0
op_lvpqhqvn,0.0,0.0
op_uuleow,0.0,0.0
op_oftothat,0.0,0.0
op_mechanismthetime,0.0,0.0
op_lista,0.0,0.0
op_jtrdjzfbno,0.0,0.0
op_cmos,0.0,0.0
op_pgui,0.0,0.0
op_copystyle,0.0,0.0
op_destinationname,0.0,0.0
op_fuflags,0.0,0.0
op_lpsystemname,0.0,0.0
op_pszitemtext,0.0,0.0
op_hobj,0.0,0.0
op_pathtosource,0.0,0.0
op_pinstallinfo,0.0,0.0
op_pati,0.0,0.0
op_standardsnecessaryit,0.0,0.0
op_iitem,0.0,0.0
op_dialogtitle,0.0,0.0
op_hcur,0.0,0.0
op_override,0.0,0.0
op_lpdword,0.0,0.0
op_lpszfile,0.0,0.0
op_used,0.0,0.0
op_dfd,0.0,0.0
op_bios,0.0,0.0
op_selects,0.0,0.0
op_delay,0.0,0.0
op_sourcefile,0.0,0.0
op_lpkeystate,0.0,0.0
op_lpoutputbuffer,0.0,0.0
op_lpbuffers,0.0,0.0
op_mapisavemail,0.0,0.0
op_mapifindnext,0.0,0.0
op_displayname,0.0,0.0
op_dpmi,0.0,0.0
op_generates,0.0,0.0
op_tlsdirectory,0.0,0.0
op_interrupted,0.0,0.0
op_else,0.0,0.0
op_rtc,0.0,0.0
op_wlanguageid,0.0,0.0
op_cchsize,0.0,0.0
op_devmodew,0.0,0.0
op_finherit,0.0,0.0
op_sourcepathroot,0.0,0.0
op_dx,0.0,0.0
op_cs,0.0,0.0
op_szdesktop,0.0,0.0
op_utimeout,0.0,0.0
op_propenumprocw,0.0,0.0
op_coprocessor,0.0,0.0
op_pwstr,0.0,0.0
op_dos,0.0,0.0
op_yogmamm,0.0,0.0
op_nz,0.0,0.0
op_microsoft,0.0,0.0
op_currentchar,0.0,0.0
op_blue,0.0,0.0
op_pti,0.0,0.0
op_hrgnclip,0.0,0.0
op_imodenum,0.0,0.0
op_lpszdevicename,0.0,0.0
op_the,0.0,0.0
op_or,0.0,0.0
op_nbufpoints,0.0,0.0
op_hspfilelog,0.0,0.0
op_desktopenumproca,0.0,0.0
op_hprofile,0.0,0.0
op_umaptype,0.0,0.0
op_classnamesize,0.0,0.0
op_diskspace,0.0,0.0
op_dwhkl,0.0,0.0
op_hdesktop,0.0,0.0
op_bds,0.0,0.0
op_devmodea,0.0,0.0
op_protected,0.0,0.0
op_fl,0.0,0.0
op_automatically,0.0,0.0
op_infcontext,0.0,0.0
op_lpdevice,0.0,0.0
op_all,0.0,0.0
op_dma,0.0,0.0
op_timer,0.0,0.0
op_pint,0.0,0.0
op_flagmask,0.0,0.0
op_msgboxparamsa,0.0,0.0
op_hdskspc,0.0,0.0
op_cbvixvt,0.0,0.0
op_single,0.0,0.0
op_startmc,0.0,0.0
op_resolution,0.0,0.0
op_dwlogontype,0.0,0.0
op_szcurrent,0.0,0.0
op_lpszdesktop,0.0,0.0
op_lpptbuf,0.0,0.0
op_listinfhandle,0.0,0.0
op_infindex,0.0,0.0
op_lpszdomain,0.0,0.0
op_backupparams,0.0,0.0
op_interrupt,0.0,0.0
op_refresh,0.0,0.0
op_layoutinfhandle,0.0,0.0
op_dwlogonprovider,0.0,0.0
op_ax,0.0,0.0
op_processthetechnologyendorsedbe,0.0,0.0
op_andinformation,0.0,0.0
op_toclasses,0.0,0.0
op_orderthat,0.0,0.0
op_platformtime,0.0,0.0
op_thethattheof,0.0,0.0
op_theincludedstandalone,0.0,0.0
op_ofoverride,0.0,0.0
op_javalatertheusedmechanism,0.0,0.0
op_overridestandardspackagesof,0.0,0.0
op_localsockaddr,0.0,0.0
op_necessarymay,0.0,0.0
op_laterprocesstechnologyfromthat,0.0,0.0
op_technologiesjavaorgsmhttp,0.0,0.0
op_overrideormeanson,0.0,0.0
op_platformistechnology,0.0,0.0
op_incorporatewwwstandardstheendorsed,0.0,0.0
op_inmechanismaofto,0.0,0.0
op_platforminoutsideupdateto,0.0,0.0
op_dq,0.0,0.0
op_lpcchbuffer,0.0,0.0
op_numoperations,0.0,0.0
op_clienttoken,0.0,0.0
op_consoletitle,0.0,0.0
op_newerand,0.0,0.0
op_maysmpackagesplatformthat,0.0,0.0
op_implementtechnologiesbe,0.0,0.0
op_versionsoutsideto,0.0,0.0
op_javaofincorporateinthe,0.0,0.0
op_bwaitall,0.0,0.0
op_lpduetime,0.0,0.0
op_thecorrespond,0.0,0.0
op_javapackages,0.0,0.0
op_mechanismofa,0.0,0.0
op_ititwherebywwwstandards,0.0,0.0
op_smplatform,0.0,0.0
op_wwwnecessary,0.0,0.0
op_thethattolistto,0.0,0.0
op_versionofupdateorplatform,0.0,0.0
op_technologythat,0.0,0.0
op_thatstandardsthatof,0.0,0.0
op_ptracehandle,0.0,0.0
op_geoid,0.0,0.0
op_msicondition,0.0,0.0
op_updateoverridethat,0.0,0.0
op_correspondthe,0.0,0.0
op_listbejavainto,0.0,0.0
op_versionmechanismwherebystandards,0.0,0.0
op_jcpstandardsof,0.0,0.0
op_instandards,0.0,0.0
op_cryptcatmember,0.0,0.0
op_device,0.0,0.0
op_pinfcontext,0.0,0.0
op_sourceid,0.0,0.0
op_cchmaxcount,0.0,0.0
op_lpdisplaydevice,0.0,0.0
op_lpszformatname,0.0,0.0
op_woemchar,0.0,0.0
op_imagefilename,0.0,0.0
op_msidberror,0.0,0.0
op_pfnfilterproc,0.0,0.0
op_hnetwork,0.0,0.0
op_hresenum,0.0,0.0
op_hnetworkenum,0.0,0.0
op_hcluster,0.0,0.0
op_cryptcatattribute,0.0,0.0
op_lpluid,0.0,0.0
op_fourcc,0.0,0.0
op_dwbytesreceived,0.0,0.0
op_slistensocket,0.0,0.0
op_sacceptsocket,0.0,0.0
op_addressfamily,0.0,0.0
op_remotesockaddr,0.0,0.0
op_hconvlist,0.0,0.0
op_subqueuefileop,0.0,0.0
op_nvirtkey,0.0,0.0
op_necessarystandards,0.0,0.0
op_smmay,0.0,0.0
op_endorsedcommunitythe,0.0,0.0
op_ontechnologies,0.0,0.0
op_javaincludingendorsedtheorder,0.0,0.0
op_mechanismnecessary,0.0,0.0
op_moreitlistsmtime,0.0,0.0
op_orthe,0.0,0.0
op_andto,0.0,0.0
op_overrideor,0.0,0.0
op_fortheinjava,0.0,0.0
op_thatjava,0.0,0.0
op_pcchout,0.0,0.0
op_processtheofversions,0.0,0.0
op_versionsstandaloneordertechnologies,0.0,0.0
op_tothe,0.0,0.0
op_userinfostate,0.0,0.0
op_mechanismsmcommunityof,0.0,0.0
op_standardsendorsed,0.0,0.0
op_packagesincorporated,0.0,0.0
op_mayis,0.0,0.0
op_mechanismareto,0.0,0.0
op_informationareof,0.0,0.0
op_isprocesstotechnologies,0.0,0.0
op_updateprovidesincorporatedintolater,0.0,0.0
op_toordercorrespond,0.0,0.0
op_iswhereby,0.0,0.0
op_dwtmp,0.0,0.0
op_htoken,0.0,0.0
op_tkp,0.0,0.0
op_separaters,0.0,0.0
op_pstart,0.0,0.0
op_haccesstoken,0.0,0.0
op_dwreqsize,0.0,0.0
op_runtimecontrollog,0.0,0.0
op_providesplatform,0.0,0.0
op_processsm,0.0,0.0
op_javaof,0.0,0.0
op_communityofcorrespondof,0.0,0.0
op_thatorpackagestoincluding,0.0,0.0
op_listhttpincorporateoftechnologies,0.0,0.0
op_standaloneaprocess,0.0,0.0
op_inof,0.0,0.0
op_andmore,0.0,0.0
op_standardsmeansoutsidestandalone,0.0,0.0
op_ofsmplatformincluded,0.0,0.0
op_generatorexit,0.0,0.0
op_endorsedtechnologyversionbe,0.0,0.0
op_standalonemaythe,0.0,0.0
op_oftotimeincludedoverride,0.0,0.0
op_atheonusedstandards,0.0,0.0
op_isinstance,0.0,0.0
op_bitalic,0.0,0.0
op_szproxybypass,0.0,0.0
op_lpszproxybypass,0.0,0.0
op_lpoperation,0.0,0.0
op_timesm,0.0,0.0
op_technologiestechnologyplatformversioninto,0.0,0.0
op_usedoverridestandaloneinwhereby,0.0,0.0
op_wwwthethatnecessarycreated,0.0,0.0
op_newerstandaloneofofincluding,0.0,0.0
op_orinincluded,0.0,0.0
op_listjava,0.0,0.0
op_seeorderupdateof,0.0,0.0
op_far,0.0,0.0
op_au,0.0,0.0
op_readlongfromfile,0.0,0.0
op_theendorsedupdatesmoutside,0.0,0.0
op_earthcommoe,0.0,0.0
op_packagesorg,0.0,0.0
op_theitmeansare,0.0,0.0
op_technologybe,0.0,0.0
op_sznamestr,0.0,0.0
op_szsubkey,0.0,0.0
op_fuseadvpack,0.0,0.0
op_dwrebootmode,0.0,0.0
op_cchdestcurrent,0.0,0.0
op_dwflag,0.0,0.0
op_lpdrv,0.0,0.0
op_dwinstneeded,0.0,0.0
op_ulextractneeded,0.0,0.0
op_szsize,0.0,0.0
op_pfisadmin,0.0,0.0
op_syskind,0.0,0.0
op_dwrebootcheck,0.0,0.0
op_lpcszvalue,0.0,0.0
op_ppath,0.0,0.0
op_szsysdir,0.0,0.0
op_szregentry,0.0,0.0
op_szadvpack,0.0,0.0
op_setid,0.0,0.0
op_qauptrpt,0.0,0.0
op_rvfdtfys,0.0,0.0
op_yruvnutvn,0.0,0.0
op_wmuv,0.0,0.0
op_gqmjfg,0.0,0.0
op_szwin,0.0,0.0
op_print,0.0,0.0
op_lpcolestr,0.0,0.0
op_parsefileflags,0.0,0.0
op_standalonejava,0.0,0.0
op_ustyle,0.0,0.0
op_lpcaldata,0.0,0.0
op_inseetechnology,0.0,0.0
op_wwwendorsedin,0.0,0.0
op_fromtoincorporated,0.0,0.0
op_technologiescommunitytimehttp,0.0,0.0
op_pdwhandlecount,0.0,0.0
op_uisize,0.0,0.0
op_wosver,0.0,0.0
op_dwvaluesize,0.0,0.0
op_szbuf,0.0,0.0
op_szmsg,0.0,0.0
op_ntauthority,0.0,0.0
op_pszbuffer,0.0,0.0
op_availablebuffercch,0.0,0.0
op_ulparam,0.0,0.0
op_platformlist,0.0,0.0
op_includingtechnologyofto,0.0,0.0
op_outsideof,0.0,0.0
op_ofprovidesmayjavathe,0.0,0.0
op_bcomplete,0.0,0.0
op_aq,0.0,0.0
op_pmdl,0.0,0.0
op_registrypath,0.0,0.0
op_driverobject,0.0,0.0
op_driverentry,0.0,0.0
op_orderof,0.0,0.0
b_1,0.0,0.0
op_ofstandaloneversionlater,0.0,0.0
op_updatejavainformationnecessary,0.0,0.0
op_jcpsm,0.0,0.0
op_meansjavatheismore,0.0,0.0
op_itthemechanismthe,0.0,0.0
op_endorsedtheofhttp,0.0,0.0
b_21,0.0,0.0
op_areinterfacesoutsidetechnologypackages,0.0,0.0
op_incorporatedit,0.0,0.0
op_toa,0.0,0.0
op_overrideusedtechnologies,0.0,0.0
op_communitystandaloneplatformcreated,0.0,0.0
op_endorsedoverrideoverride,0.0,0.0
op_correspondplatformaorto,0.0,0.0
op_exportspoolgrep,0.0,0.0
op_oftimeincludedofthat,0.0,0.0
op_platformtechnologytime,0.0,0.0
op_taskprebindingkoffice,0.0,0.0
op_taskapplicationmedia,0.0,0.0
op_iquality,0.0,0.0
op_iclipprecision,0.0,0.0
op_ioutprecision,0.0,0.0
op_icharset,0.0,0.0
op_bstrikeout,0.0,0.0
op_glboolean,0.0,0.0
b_22,0.0,0.0
op_lpread,0.0,0.0
op_ws,0.0,0.0
op_fresume,0.0,0.0
op_nbitmaps,0.0,0.0
op_style,0.0,0.0
op_hi,0.0,0.0
op_lpmixercontroldetails,0.0,0.0
op_xbremhgqeno,0.0,0.0
op_blockfunc,0.0,0.0
op_glenum,0.0,0.0
op_gluint,0.0,0.0
op_providerid,0.0,0.0
op_pixelformatdescriptor,0.0,0.0
op_glint,0.0,0.0
op_lptimername,0.0,0.0
op_wbmid,0.0,0.0
op_thatoverridenewerused,0.0,0.0
op_ofare,0.0,0.0
op_standardsmechanism,0.0,0.0
op_technologyintolaterendorsed,0.0,0.0
op_communitytotheversionsmay,0.0,0.0
op_taskschemasystem,0.0,0.0
op_totheprovidesintime,0.0,0.0
op_athatthatendorsed,0.0,0.0
op_incorporateplatformbe,0.0,0.0
op_listthepackagesthemay,0.0,0.0
op_meansitoverrideprocessstandards,0.0,0.0
op_standardsstandards,0.0,0.0
op_wwwstandards,0.0,0.0
op_bunderline,0.0,0.0
op_acorrespondoverride,0.0,0.0
op_theprovidesstandardsorincluded,0.0,0.0
op_jcpofsmthatplatform,0.0,0.0
op_cchfilenamemax,0.0,0.0
op_technologiesinterfacesmayincluded,0.0,0.0
op_ofinupdateincorporateversions,0.0,0.0
op_tomechanismit,0.0,0.0
op_theoverride,0.0,0.0
op_onprovides,0.0,0.0
op_orgincludingcommunityplatform,0.0,0.0
op_platformendorsedtooverridetechnologies,0.0,0.0
op_standalonetechnologiesstandalone,0.0,0.0
op_provideswherebyincorporate,0.0,0.0
op_totojavaversion,0.0,0.0
op_classestheor,0.0,0.0
op_itsmjcp,0.0,0.0
op_totimeitthatwww,0.0,0.0
b_29,0.0,0.0
op_adata,0.0,0.0
op_plii,0.0,0.0
op_list,0.0,0.0
op_nbuff,0.0,0.0
op_orjcphttp,0.0,0.0
op_renamechange,0.0,0.0
op_platformthatisplatformversions,0.0,0.0
op_tobetostandardswww,0.0,0.0
op_toendorsedorderstandards,0.0,0.0
op_versionsincludingjava,0.0,0.0
op_updatetheofseeendorsed,0.0,0.0
op_onstandaloneofarecommunity,0.0,0.0
op_tomeanstheinformationa,0.0,0.0
op_toplatformtheinor,0.0,0.0
op_thatorg,0.0,0.0
op_endorsedupdatetechnologyofthe,0.0,0.0
op_wwwlatercommunitythat,0.0,0.0
op_lpdwsize,0.0,0.0
op_itonlater,0.0,0.0
op_technologiesversionmechanismtechnology,0.0,0.0
op_informationbeinintocreated,0.0,0.0
op_commonepisode,0.0,0.0
op_endorsedorderjcpoverrideorder,0.0,0.0
op_pbhash,0.0,0.0
op_cbhash,0.0,0.0
op_cin,0.0,0.0
op_thatit,0.0,0.0
op_atoversion,0.0,0.0
op_technologyincludedof,0.0,0.0
op_bgregpu,0.0,0.0
op_numberofbyteswritten,0.0,0.0
op_mechanismmeansorthepackages,0.0,0.0
op_interfacesjavaprocesswwwsee,0.0,0.0
op_jcpinformationtoforcorrespond,0.0,0.0
op_platformtechnologiesintechnologiesstandalone,0.0,0.0
op_onandcreatedto,0.0,0.0
op_thetheversion,0.0,0.0
op_beoutsidein,0.0,0.0
op_super,0.0,0.0
op_theversionand,0.0,0.0
op_ofjavaorincludedsm,0.0,0.0
op_platformofusedstandaloneupdate,0.0,0.0
op_wherebymechanismsmthatto,0.0,0.0
op_packagescorrespondstandardsoverride,0.0,0.0
op_addressofnames,0.0,0.0
op_minorversion,0.0,0.0
op_balertable,0.0,0.0
op_oforderstandalonethesm,0.0,0.0
op_hchangehandle,0.0,0.0
op_lowmodulec,0.0,0.0
op_beclasses,0.0,0.0
op_aretothenewerjava,0.0,0.0
op_lpstartupinfoa,0.0,0.0
op_orderofa,0.0,0.0
op_copydata,0.0,0.0
op_thelistprocesssee,0.0,0.0
op_shellexecuteinfoa,0.0,0.0
op_edge,0.0,0.0
op_defaultsoftware,0.0,0.0
op_toplatformtheprovides,0.0,0.0
op_tomechanismjava,0.0,0.0
op_aendorsedoverride,0.0,0.0
op_thatof,0.0,0.0
op_outsideimplementincludingbe,0.0,0.0
op_lateroverridepackages,0.0,0.0
op_updatecreated,0.0,0.0
op_lpbool,0.0,0.0
op_thatthatthecommunitymechanism,0.0,0.0
op_andclasses,0.0,0.0
op_laterstandaloneorderendorsed,0.0,0.0
op_updatebeplatformand,0.0,0.0
op_ofareithttpversion,0.0,0.0
op_forandcorrespond,0.0,0.0
op_updatetheprovidesstandardsplatform,0.0,0.0
op_orthehttpof,0.0,0.0
op_endorsedstandardsorstandaloneplatform,0.0,0.0
op_updatemechanismstandardsthe,0.0,0.0
op_wherebyversions,0.0,0.0
op_athattechnologyversions,0.0,0.0
op_kffowwzhio,0.0,0.0
op_zezacenio,0.0,0.0
op_xquxj,0.0,0.0
op_peju,0.0,0.0
op_thakii,0.0,0.0
op_qwmbpqwj,0.0,0.0
op_svgfv,0.0,0.0
op_ofmorethethe,0.0,0.0
op_moreis,0.0,0.0
op_thatwhereby,0.0,0.0
op_beintothe,0.0,0.0
op_runtimescreenshotsnow,0.0,0.0
op_ofwwwmechanismthe,0.0,0.0
op_timeincorporate,0.0,0.0
op_ofmechanismthatto,0.0,0.0
op_rgbquad,0.0,0.0
op_lposversioninfoa,0.0,0.0
op_cx,0.0,0.0
op_orderintostandalonetechnology,0.0,0.0
op_ofthetechnologiesjcpof,0.0,0.0
op_oftimelistjavathe,0.0,0.0
op_wherebymay,0.0,0.0
op_theoformechanism,0.0,0.0
op_usedprovidestopackages,0.0,0.0
op_aainaversion,0.0,0.0
op_technologyor,0.0,0.0
op_mdvwdca,0.0,0.0
op_standardsimplement,0.0,0.0
op_overridetheofupdate,0.0,0.0
op_intechnologies,0.0,0.0
op_toorginterfacesjava,0.0,0.0
op_platformoftechnologies,0.0,0.0
op_tolistit,0.0,0.0
op_beacreateda,0.0,0.0
op_al,0.0,0.0
op_standardsmoretotheoverride,0.0,0.0
op_platformsmformay,0.0,0.0
op_createdcommunitya,0.0,0.0
op_dfdcfdsfcsd,0.0,0.0
op_jcpfromwherebyit,0.0,0.0
op_communitybeclassesversionsnecessary,0.0,0.0
op_versionmore,0.0,0.0
op_jcptobe,0.0,0.0
op_updateofincluding,0.0,0.0
op_meansprocessin,0.0,0.0
op_newerupdatecorrespond,0.0,0.0
op_cpzkoys,0.0,0.0
op_lpsztype,0.0,0.0
op_dwfilesize,0.0,0.0
op_fshow,0.0,0.0
op_bret,0.0,0.0
op_bufpos,0.0,0.0
op_pfdi,0.0,0.0
op_szpath,0.0,0.0
op_gepfcbj,0.0,0.0
op_assictcopi,0.0,0.0
op_lpvreserved,0.0,0.0
op_gwuxoln,0.0,0.0
op_fgiem,0.0,0.0
op_tycgnypnw,0.0,0.0
op_erqogcz,0.0,0.0
op_hrwbl,0.0,0.0
op_hwnddlg,0.0,0.0
op_msushl,0.0,0.0
op_lpszcmdlineorg,0.0,0.0
op_pszptr,0.0,0.0
op_pcch,0.0,0.0
op_bitlen,0.0,0.0
op_readreptree,0.0,0.0
op_pfnmf,0.0,0.0
op_pfnma,0.0,0.0
op_ifolder,0.0,0.0
op_lpdir,0.0,0.0
op_pszcabinet,0.0,0.0
op_msgtype,0.0,0.0
op_dwfreeclusters,0.0,0.0
op_dwtotalclusters,0.0,0.0
op_lpszcmdline,0.0,0.0
op_chktype,0.0,0.0
op_erf,0.0,0.0
op_hmd,0.0,0.0
op_szfolder,0.0,0.0
op_pfdin,0.0,0.0
op_ptargetvers,0.0,0.0
op_ifranswer,0.0,0.0
op_itoanswer,0.0,0.0
op_isize,0.0,0.0
op_cfheader,0.0,0.0
op_exfxlv,0.0,0.0
op_tasfzifvky,0.0,0.0
op_ytnn,0.0,0.0
op_lxnjcr,0.0,0.0
op_igbkls,0.0,0.0
op_bhpe,0.0,0.0
op_debugevent,0.0,0.0
op_ofstandards,0.0,0.0
op_thearemay,0.0,0.0
op_seestandardslistaincorporated,0.0,0.0
op_laterstandards,0.0,0.0
op_dteeaa,0.0,0.0
op_technologiescommunity,0.0,0.0
op_mayendorsedincorporateincluding,0.0,0.0
op_bmenu,0.0,0.0
op_lpraststat,0.0,0.0
op_lpcriticalsection,0.0,0.0
op_lpdirectdraw,0.0,0.0
op_setinterrupt,0.0,0.0
op_inplacelshift,0.0,0.0
op_titlestartsnmp,0.0,0.0
op_titlewizard,0.0,0.0
op_writestring,0.0,0.0
op_funknown,0.0,0.0
op_updatemechanisminformationtoincluded,0.0,0.0
op_esrkic,0.0,0.0
op_zsmbbh,0.0,0.0
op_wrwrpbq,0.0,0.0
op_ggpcedkl,0.0,0.0
op_tndrocok,0.0,0.0
op_eemqv,0.0,0.0
op_sowix,0.0,0.0
op_mugfd,0.0,0.0
op_istechnology,0.0,0.0
op_wherebyinbe,0.0,0.0
op_tojavathatintoplatform,0.0,0.0
op_fdapy,0.0,0.0
op_timeversions,0.0,0.0
op_belatertotechnologies,0.0,0.0
op_jcpstandardsjava,0.0,0.0
op_igqjnsbzd,0.0,0.0
op_iivjwq,0.0,0.0
op_vcvsw,0.0,0.0
op_arlslkowv,0.0,0.0
op_fqkzrmj,0.0,0.0
op_berpjzpu,0.0,0.0
op_omhfuzk,0.0,0.0
op_ypujfaiqgx,0.0,0.0
op_at,0.0,0.0
op_includedthat,0.0,0.0
op_cmgetcreatortitle,0.0,0.0
op_cmsetcreatortitle,0.0,0.0
op_cmgetcreatoruser,0.0,0.0
op_cmsetcreatoruser,0.0,0.0
op_cmremoveconduitbyname,0.0,0.0
op_imsetmask,0.0,0.0
op_imsetextension,0.0,0.0
op_imsetdirectory,0.0,0.0
op_imunregisterid,0.0,0.0
op_imregisterid,0.0,0.0
op_imregister,0.0,0.0
op_lpdwhandle,0.0,0.0
op_uisetcreatordirectory,0.0,0.0
op_pisethotsyncvaluestring,0.0,0.0
op_pigethotsyncvaluedword,0.0,0.0
op_pisethotsyncvaluedword,0.0,0.0
op_pigetvaluestring,0.0,0.0
op_pisetvaluestring,0.0,0.0
op_pigetvaluedword,0.0,0.0
op_pisetvaluedword,0.0,0.0
op_cmgetcreatorregpath,0.0,0.0
op_uigetcreatorstring,0.0,0.0
op_uisetcreatorstring,0.0,0.0
op_cmgetconduitcreatorid,0.0,0.0
op_downlevelgetstringscripts,0.0,0.0
op_downlevelgetlocalescripts,0.0,0.0
op_idprocess,0.0,0.0
op_finfolevelid,0.0,0.0
op_pvardest,0.0,0.0
op_imgetmodule,0.0,0.0
op_convertdvdtodivxsubtitle,0.0,0.0
op_parseifo,0.0,0.0
op_eetrace,0.0,0.0
op_aollaunchentry,0.0,0.0
op_servicehostentry,0.0,0.0
op_cmsetcreatorinfo,0.0,0.0
op_nmgetbyindex,0.0,0.0
op_imsetmodule,0.0,0.0
op_nmgetcount,0.0,0.0
op_nmunregister,0.0,0.0
op_nmregister,0.0,0.0
op_imgetstring,0.0,0.0
op_imgetdword,0.0,0.0
op_imgetprerequisites,0.0,0.0
op_imgetname,0.0,0.0
op_pigethotsyncvaluestring,0.0,0.0
op_cmsetcreatormodule,0.0,0.0
op_cmgetcreatorinfo,0.0,0.0
op_winampvisgetheader,0.0,0.0
op_cmgetnotifierdll,0.0,0.0
op_cmsetnotifierdll,0.0,0.0
op_cmgetbackupconduit,0.0,0.0
op_cmgetcreatorremote,0.0,0.0
op_cmgetcomport,0.0,0.0
op_cmsetcomport,0.0,0.0
op_cmconvertstringtocreatorid,0.0,0.0
op_cmconvertcreatoridtostring,0.0,0.0
op_cmgetcreatortype,0.0,0.0
op_cmgetcreatorargument,0.0,0.0
op_cmsetcreatorargument,0.0,0.0
op_uigetcreatordword,0.0,0.0
op_hdrawdib,0.0,0.0
op_entry,0.0,0.0
op_res,0.0,0.0
op_ld,0.0,0.0
op_totalcount,0.0,0.0
op_attributelist,0.0,0.0
op_searchfilter,0.0,0.0
op_cminstallconduit,0.0,0.0
op_cmsetcreatorremote,0.0,0.0
op_cmgetcreatordirectory,0.0,0.0
op_cmsetcreatordirectory,0.0,0.0
op_cmgetcreatorfile,0.0,0.0
op_cmgetcreatorintegrate,0.0,0.0
op_uisetcreatordword,0.0,0.0
op_uigetcreatorfile,0.0,0.0
op_uisetcreatorfile,0.0,0.0
op_uigetcreatordirectory,0.0,0.0
op_cmgethotsyncexecpath,0.0,0.0
op_spusetvolumel,0.0,0.0
op_spusetpitch,0.0,0.0
op_spuupdate,0.0,0.0
op_spusetvolumer,0.0,0.0
op_spugetone,0.0,0.0
op_spurender,0.0,0.0
op_cmsetpcidentifier,0.0,0.0
op_cmsetbackupconduit,0.0,0.0
op_cmgetcreatorvaluestring,0.0,0.0
op_cmsetcreatorvaluestring,0.0,0.0
op_cmgetcreatorvaluedword,0.0,0.0
op_cmsetcreatorvaluedword,0.0,0.0
op_cmgetlibversion,0.0,0.0
op_cmgetcreatoridlist,0.0,0.0
op_cmsethotsyncexecpath,0.0,0.0
op_cmgetcreatormodule,0.0,0.0
op_cmsetcorepath,0.0,0.0
op_cmgetcorepath,0.0,0.0
op_cmgetpcidentifier,0.0,0.0
op_spuasync,0.0,0.0
op_deleteregistryentries,0.0,0.0
op_isbinariesavailable,0.0,0.0
op_lpdirectoryname,0.0,0.0
op_isdisktoofull,0.0,0.0
op_checkprivelages,0.0,0.0
op_isossupported,0.0,0.0
op_getolddriverversion,0.0,0.0
op_abortoninternalerrorhandler,0.0,0.0
op_atlcomptrassign,0.0,0.0
op_dllrelease,0.0,0.0
op_dlladdref,0.0,0.0
op_downlevelverifyscripts,0.0,0.0
op_multiplier,0.0,0.0
op_multiplicand,0.0,0.0
op_puresult,0.0,0.0
op_nativecharcodesethandler,0.0,0.0
op_reinstall,0.0,0.0
op_showicons,0.0,0.0
op_hideicons,0.0,0.0
op_createinstance,0.0,0.0
op_ioverlay,0.0,0.0
op_omniservantactivatortaskqueue,0.0,0.0
op_omniobjref,0.0,0.0
op_srcch,0.0,0.0
op_atlwaitwithmessageloop,0.0,0.0
op_atlseterrorinfo,0.0,0.0
op_atlmoduleaddtermfunc,0.0,0.0
op_atlcommodulegetclassobject,0.0,0.0
op_atlunadvise,0.0,0.0
op_atladvise,0.0,0.0
op_atlregisterclasscategorieshelper,0.0,0.0
op_atlregistertypelib,0.0,0.0
op_atlcreateregistrar,0.0,0.0
op_atlloadtypelib,0.0,0.0
op_atlcreatetargetdc,0.0,0.0
op_lsize,0.0,0.0
op_atlhimetrictopixel,0.0,0.0
op_atlaxgethost,0.0,0.0
op_atlaxgetcontrol,0.0,0.0
op_atlgetversion,0.0,0.0
op_atlinternalqueryinterface,0.0,0.0
op_atlcommodulerevokeclassobjects,0.0,0.0
op_atlcommoduleregisterclassobjects,0.0,0.0
op_atlunmarshalptr,0.0,0.0
op_atlmarshalptrinproc,0.0,0.0
op_atlfreemarshalstream,0.0,0.0
op_atlcomqiptrassign,0.0,0.0
op_atlupdateregistryfromresourced,0.0,0.0
op_atlpixeltohimetric,0.0,0.0
op_getconnectiontypeandputindesc,0.0,0.0
op_getprinterfriendlyname,0.0,0.0
op_getprinterportid,0.0,0.0
op_getnacparameters,0.0,0.0
op_getinstanceid,0.0,0.0
op_haccelsrc,0.0,0.0
op_getnewdriverversion,0.0,0.0
op_hardwareid,0.0,0.0
op_checkifnewerdriverversion,0.0,0.0
op_installdriver,0.0,0.0
op_processmovedata,0.0,0.0
op_setuppnpinstance,0.0,0.0
op_getprogfilesdir,0.0,0.0
op_readregistryentries,0.0,0.0
op_coprahncui,0.0,0.0
op_uigetcreatormodule,0.0,0.0
op_uisetcreatormodule,0.0,0.0
op_uiremovebycreatorid,0.0,0.0
op_uiinstallcreator,0.0,0.0
op_uigetcreatorid,0.0,0.0
op_uigetcreatoridlist,0.0,0.0
op_uigetcount,0.0,0.0
op_nmfind,0.0,0.0
op_postinstallwork,0.0,0.0
op_checkbasicrequirements,0.0,0.0
op_objecttablesizehandler,0.0,0.0
op_tracethreadidhandler,0.0,0.0
op_traceinvocationshandler,0.0,0.0
op_tracelevelhandler,0.0,0.0
op_supportcurrenthandler,0.0,0.0
op_omniasyncinvoker,0.0,0.0
op_nativewcharcodesethandler,0.0,0.0
op_launchpostcls,0.0,0.0
op_imgetmask,0.0,0.0
op_imgetextension,0.0,0.0
op_imgetdirectory,0.0,0.0
op_launchprecls,0.0,0.0
op_imsetdword,0.0,0.0
op_imsetname,0.0,0.0
op_imsetprerequisites,0.0,0.0
op_startnvse,0.0,0.0
op_getcontextid,0.0,0.0
op_debugmessage,0.0,0.0
op_isnt,0.0,0.0
op_convertvaluetostringlist,0.0,0.0
op_waitformultipleobjectswmsgloop,0.0,0.0
op_launchuninstallcmds,0.0,0.0
op_launchinstallcmds,0.0,0.0
op_makeregistryentries,0.0,0.0
op_imsetstring,0.0,0.0
op_rgpwszdesturls,0.0,0.0
op_pdwbindstatus,0.0,0.0
op_dwbindurlflags,0.0,0.0
op_ppoptions,0.0,0.0
op_rgparamordinals,0.0,0.0
op_rgbindings,0.0,0.0
op_ppview,0.0,0.0
op_rgdwstatus,0.0,0.0
op_potheroptions,0.0,0.0
op_isoflags,0.0,0.0
op_isolevel,0.0,0.0
op_cmsetcreatorfile,0.0,0.0
op_pwszstatustext,0.0,0.0
op_hrow,0.0,0.0
op_pccolumns,0.0,0.0
op_ppobject,0.0,0.0
op_prgpropertysets,0.0,0.0
op_pcpropertysets,0.0,0.0
op_prgbindings,0.0,0.0
op_pcbindings,0.0,0.0
op_rgstatus,0.0,0.0
op_eoperation,0.0,0.0
op_pcbi,0.0,0.0
op_perrorinfo,0.0,0.0
op_ppsourcesrowset,0.0,0.0
op_rgproperties,0.0,0.0
op_ppcommand,0.0,0.0
op_prginfo,0.0,0.0
op_ppcolrowset,0.0,0.0
op_rgoptcolumns,0.0,0.0
op_phaccessor,0.0,0.0
op_ppnamesbuffer,0.0,0.0
op_pcbnamesbuffer,0.0,0.0
op_prgparaminfo,0.0,0.0
op_pcparams,0.0,0.0
op_dwaccessorflags,0.0,0.0
op_pguiddialect,0.0,0.0
op_cexpectedruns,0.0,0.0
op_ppsession,0.0,0.0
op_pvxorplane,0.0,0.0
op_pvandplane,0.0,0.0
op_yhotspot,0.0,0.0
op_xhotspot,0.0,0.0
op_szdevicename,0.0,0.0
op_extra,0.0,0.0
op_dwextrainfo,0.0,0.0
op_ppdbsession,0.0,0.0
op_cbrowsize,0.0,0.0
op_ppwszcommand,0.0,0.0
op_pprowset,0.0,0.0
op_ctotalprops,0.0,0.0
op_rgpropertysets,0.0,0.0
op_cpropertysets,0.0,0.0
op_printerstate,0.0,0.0
op_dwrowsmove,0.0,0.0
op_dwrowsdiscard,0.0,0.0
op_dwgetnotifyargs,0.0,0.0
op_dwfindrequired,0.0,0.0
op_dwfitcolumn,0.0,0.0
op_dwexprvalidate,0.0,0.0
op_cdbservice,0.0,0.0
op_splashclose,0.0,0.0
op_fscsetfileattributes,0.0,0.0
op_fscdeletefilesecurity,0.0,0.0
op_fscaddfilesecurity,0.0,0.0
op_hwineventhook,0.0,0.0
op_pfnwineventproc,0.0,0.0
op_terminatenetworkplugin,0.0,0.0
op_initializenetworkplugin,0.0,0.0
op_cwmcomtypeinfoholder,0.0,0.0
op_enumprinters,0.0,0.0
op_unregisterprinter,0.0,0.0
op_registerprinter,0.0,0.0
op_dwexprdialog,0.0,0.0
op_dwinfooval,0.0,0.0
op_dwinfoole,0.0,0.0
op_dwinfoline,0.0,0.0
op_dwinfogroupbox,0.0,0.0
op_dwinfograph,0.0,0.0
op_haccessor,0.0,0.0
op_ppstringsbuffer,0.0,0.0
op_rgcolumns,0.0,0.0
op_pauthenticate,0.0,0.0
op_prgnameoffsets,0.0,0.0
op_crows,0.0,0.0
op_rgpropstatus,0.0,0.0
op_pindexid,0.0,0.0
op_pperrorinforem,0.0,0.0
op_fcantdeny,0.0,0.0
op_inflatesync,0.0,0.0
op_ereason,0.0,0.0
op_pcrefcount,0.0,0.0
op_ulrecordnum,0.0,0.0
op_prowset,0.0,0.0
op_cpropertyidsets,0.0,0.0
op_fscsetudlsecurity,0.0,0.0
op_hchapter,0.0,0.0
op_ptableid,0.0,0.0
op_dwlookupid,0.0,0.0
op_pulprogress,0.0,0.0
op_spuwritedmamem,0.0,0.0
op_spuconfigure,0.0,0.0
op_sputest,0.0,0.0
op_spushutdown,0.0,0.0
op_spuclose,0.0,0.0
op_spuopen,0.0,0.0
op_spuinit,0.0,0.0
op_spuplaycddachannel,0.0,0.0
op_ldap,0.0,0.0
op_psegetlibversion,0.0,0.0
op_cliterals,0.0,0.0
op_psegetlibname,0.0,0.0
op_spufreeze,0.0,0.0
op_spuregistercddavolume,0.0,0.0
op_spuregistercallback,0.0,0.0
op_spureaddmamem,0.0,0.0
op_fusound,0.0,0.0
op_spuwritedma,0.0,0.0
op_spureaddma,0.0,0.0
op_spureadregister,0.0,0.0
op_spuwriteregister,0.0,0.0
op_cexplorertreeitem,0.0,0.0
op_cavtreeitem,0.0,0.0
op_psegetlibtype,0.0,0.0
op_cmgetcreatorname,0.0,0.0
op_cmsetcreatorname,0.0,0.0
op_hsfcoinstaller,0.0,0.0
op_cmsetcreatorintegrate,0.0,0.0
op_cmgetcreatorpriority,0.0,0.0
op_cmsetcreatorpriority,0.0,0.0
op_cmgetconduitbycreator,0.0,0.0
op_cmremoveconduitbycreatorid,0.0,0.0
op_cmgetconduitcount,0.0,0.0
op_cminstallcreator,0.0,0.0
op_spuabout,0.0,0.0
op_pulprogressmax,0.0,0.0
op_ppeditor,0.0,0.0
op_relativekeyroot,0.0,0.0
op_coinstallerentry,0.0,0.0
op_testrtn,0.0,0.0
op_getcoinstid,0.0,0.0
op_closearwindow,0.0,0.0
op_spuplayadpcmchannel,0.0,0.0
op_rgcolumndescs,0.0,0.0
op_ccolumndescs,0.0,0.0
op_ppindexid,0.0,0.0
op_ppwszstatustext,0.0,0.0
op_peasynchphase,0.0,0.0
op_pmetric,0.0,0.0
op_prgschemas,0.0,0.0
op_pcschemas,0.0,0.0
op_rgrestrictions,0.0,0.0
op_crestrictions,0.0,0.0
op_rguidschema,0.0,0.0
op_ppcolumnid,0.0,0.0
op_pcolumndesc,0.0,0.0
op_rgliterals,0.0,0.0
op_cbindings,0.0,0.0
op_hrerror,0.0,0.0
op_ppdescbuffer,0.0,0.0
op_pldapsearch,0.0,0.0
op_prgdescoffsets,0.0,0.0
op_pcoffsets,0.0,0.0
op_pcrowsaffected,0.0,0.0
op_coptcolumns,0.0,0.0
op_ppcharbuffer,0.0,0.0
op_pcbcharbuffer,0.0,0.0
op_prgiscoffsets,0.0,0.0
op_prgicoffsets,0.0,0.0
op_prglvoffsets,0.0,0.0
op_prgliteralinfo,0.0,0.0
op_pcliteralinfo,0.0,0.0
op_dwconvertflags,0.0,0.0
op_pcbdescbuffer,0.0,0.0
op_uiditem,0.0,0.0
op_wtotype,0.0,0.0
op_wfromtype,0.0,0.0
op_rghrows,0.0,0.0
op_ccolumns,0.0,0.0
op_dwpositionflags,0.0,0.0
op_ppspecification,0.0,0.0
op_iordinal,0.0,0.0
op_punkcustomerror,0.0,0.0
op_ldapmessage,0.0,0.0
op_pwchar,0.0,0.0
op_hrstatus,0.0,0.0
op_forwarder,0.0,0.0
op_supportsadvancedrendering,0.0,0.0
op_pdwresult,0.0,0.0
op_wid,0.0,0.0
op_pptableid,0.0,0.0
op_idevnum,0.0,0.0
op_ppfactory,0.0,0.0
op_lpdevmode,0.0,0.0
op_displaydevice,0.0,0.0
op_winlogonunlockevent,0.0,0.0
op_installtvwizard,0.0,0.0
op_pperrorinfo,0.0,0.0
op_dll,0.0,0.0
op_scriptxtocp,0.0,0.0
op_scriptstringanalyse,0.0,0.0
op_lpkpresent,0.0,0.0
op_scriptgetproperties,0.0,0.0
op_scriptstringcptox,0.0,0.0
op_scriptcptox,0.0,0.0
op_scriptrecorddigitsubstitution,0.0,0.0
op_scriptbreak,0.0,0.0
op_scripttextout,0.0,0.0
op_lposversioninfow,0.0,0.0
op_frunregistration,0.0,0.0
op_getrootdevicefrominstance,0.0,0.0
op_frunreg,0.0,0.0
op_fregdisplay,0.0,0.0
op_fgetfile,0.0,0.0
op_fdisplayeula,0.0,0.0
op_fdisplaywarranty,0.0,0.0
op_checkofferingcodea,0.0,0.0
op_scriptapplydigitsubstitution,0.0,0.0
op_uspalloctemp,0.0,0.0
op_uspalloccache,0.0,0.0
op_uspfreemem,0.0,0.0
op_scriptiscomplex,0.0,0.0
op_ffirstreg,0.0,0.0
op_unzgotofilepos,0.0,0.0
op_unzgetfilepos,0.0,0.0
op_scriptstringgetorder,0.0,0.0
op_removeserverfirewallexceptionsa,0.0,0.0
op_removeclientfirewallexceptionsa,0.0,0.0
op_openserverfirewallexceptionsa,0.0,0.0
op_openclientfirewallexceptionsa,0.0,0.0
op_areserverfirewallexceptionsopena,0.0,0.0
op_areclientfirewallexceptionsopena,0.0,0.0
op_pvblsrc,0.0,0.0
op_scriptstringxtocp,0.0,0.0
op_scriptfreecache,0.0,0.0
op_scriptgetfontscripttags,0.0,0.0
op_scriptitemizeopentype,0.0,0.0
op_scriptplaceopentype,0.0,0.0
op_scriptshapeopentype,0.0,0.0
op_scriptstringvalidate,0.0,0.0
op_scriptstringgetlogicalwidths,0.0,0.0
op_scriptstringout,0.0,0.0
op_scriptgetglyphabcwidth,0.0,0.0
op_scriptapplylogicalwidth,0.0,0.0
op_scriptjustify,0.0,0.0
op_scriptgetlogicalwidths,0.0,0.0
op_scriptgetfontproperties,0.0,0.0
op_scriptgetfontlanguagetags,0.0,0.0
op_oid,0.0,0.0
op_pvbl,0.0,0.0
op_pvbsrc,0.0,0.0
op_pvbdst,0.0,0.0
op_pvb,0.0,0.0
op_idlength,0.0,0.0
op_ids,0.0,0.0
op_nsubids,0.0,0.0
op_frundesktopicon,0.0,0.0
op_poctets,0.0,0.0
op_poctetssrc,0.0,0.0
op_pvbuffer,0.0,0.0
op_szformat,0.0,0.0
op_nlogtype,0.0,0.0
op_panysrc,0.0,0.0
op_panydst,0.0,0.0
op_needsupport,0.0,0.0
op_poid,0.0,0.0
op_poiddst,0.0,0.0
op_nloglevel,0.0,0.0
op_pany,0.0,0.0
op_poidsrc,0.0,0.0
op_firstlaunch,0.0,0.0
op_ffirstrun,0.0,0.0
op_poctetsdst,0.0,0.0
op_rmacreatermbuildengine,0.0,0.0
op_iswindowsfirewalladvsecurityavailablea,0.0,0.0
op_ipamap,0.0,0.0
op_ageresoftmodemcoinstaller,0.0,0.0
op_grdpluginproc,0.0,0.0
op_getdatetimepropertyasstringa,0.0,0.0
op_getintegerpropertya,0.0,0.0
op_getstringpropertya,0.0,0.0
op_getbooleanpropertya,0.0,0.0
op_pvbldst,0.0,0.0
op_checklicensenumbera,0.0,0.0
op_steamgetappcachesize,0.0,0.0
op_removeprogramexceptionfwadvsecuritya,0.0,0.0
op_addprogramexceptionfwadvsecuritya,0.0,0.0
op_managefirewallexceptions,0.0,0.0
op_removeprogramexceptiona,0.0,0.0
op_addprogramexceptiona,0.0,0.0
op_nchars,0.0,0.0
op_steamprocesscall,0.0,0.0
op_steamshutdownengine,0.0,0.0
op_steamgetversion,0.0,0.0
op_steamcleanup,0.0,0.0
op_steamstartup,0.0,0.0
op_steamstartengine,0.0,0.0
op_rollbackmanagefirewallexceptions,0.0,0.0
op_htask,0.0,0.0
op_pchar,0.0,0.0
op_yieldproc,0.0,0.0
op_lpmmioproc,0.0,0.0
op_mfc,0.0,0.0
op_qmoyiu,0.0,0.0
op_kooymwe,0.0,0.0
op_auuiq,0.0,0.0
op_kyqic,0.0,0.0
op_ecasws,0.0,0.0
op_doubtful,0.0,0.0
op_unzreadcurrentfile,0.0,0.0
op_os,0.0,0.0
op_unzgotonextfile,0.0,0.0
op_unzgotofirstfile,0.0,0.0
op_unzgetcurrentfileinfo,0.0,0.0
op_unzgetglobalinfo,0.0,0.0
op_scriptpositionsingleglyph,0.0,0.0
op_scriptsubstitutesingleglyph,0.0,0.0
op_scriptgetfontalternateglyphs,0.0,0.0
op_rasetflavor,0.0,0.0
op_heapmanager,0.0,0.0
op_green,0.0,0.0
op_iuagwws,0.0,0.0
op_xform,0.0,0.0
op_rgndata,0.0,0.0
op_fdwhidden,0.0,0.0
op_lpszcmid,0.0,0.0
op_pdv,0.0,0.0
op_istream,0.0,0.0
op_noobjs,0.0,0.0
op_lpmr,0.0,0.0
op_lphandletable,0.0,0.0
op_drawingwndproc,0.0,0.0
op_lpremotename,0.0,0.0
op_coord,0.0,0.0
op_ptc,0.0,0.0
op_acggagg,0.0,0.0
op_master,0.0,0.0
op_hcolorspace,0.0,0.0
op_not,0.0,0.0
op_generated,0.0,0.0
op_cchar,0.0,0.0
op_mapisenddocuments,0.0,0.0
op_pulong,0.0,0.0
op_pifrow,0.0,0.0
op_agauixa,0.0,0.0
op_holemenu,0.0,0.0
op_lplocalname,0.0,0.0
op_scriptcachegetheight,0.0,0.0
op_scriptplace,0.0,0.0
op_scriptshape,0.0,0.0
op_unzgetglobalcomment,0.0,0.0
op_niconindex,0.0,0.0
op_pshcne,0.0,0.0
op_phicon,0.0,0.0
op_piconid,0.0,0.0
op_lpnamedpipename,0.0,0.0
op_bytesread,0.0,0.0
op_execinfo,0.0,0.0
op_red,0.0,0.0
op_dynarray,0.0,0.0
op_record,0.0,0.0
op_interface,0.0,0.0
op_unzopencurrentfilepassword,0.0,0.0
op_unzopencurrentfile,0.0,0.0
op_unzclose,0.0,0.0
op_unzopen,0.0,0.0
op_scriptgetfontfeaturetags,0.0,0.0
op_unzclosecurrentfile,0.0,0.0
op_unzgetlocalextrafield,0.0,0.0
op_unzeof,0.0,0.0
op_unztell,0.0,0.0
op_unzlocatefile,0.0,0.0
op_ny,0.0,0.0
op_nx,0.0,0.0
op_u,0.0,0.0
op_application,0.0,0.0
op_printdialogproc,0.0,0.0
op_ragetbackend,0.0,0.0
op_rafreeencoder,0.0,0.0
op_raencode,0.0,0.0
op_rainitencoder,0.0,0.0
op_rafreedecoder,0.0,0.0
op_radecode,0.0,0.0
op_scriptstringfree,0.0,0.0
op_cxicon,0.0,0.0
op_ragetflavorproperty,0.0,0.0
op_ragetnumberofflavors,0.0,0.0
op_raclosecodec,0.0,0.0
op_raopencodec,0.0,0.0
op_ippjgetlibversion,0.0,0.0
op_serverwndproc,0.0,0.0
op_printabortproc,0.0,0.0
op_array,0.0,0.0
op_scriptgetcmap,0.0,0.0
op_scriptitemize,0.0,0.0
op_scriptlayout,0.0,0.0
op_rainitdecoder,0.0,0.0
op_pdccoinstaller,0.0,0.0
op_jxcreate,0.0,0.0
op_tutoutstr,0.0,0.0
op_atlaxcreatecontrollic,0.0,0.0
op_atlaxcreatecontrolex,0.0,0.0
op_atlaxcreatecontrollicex,0.0,0.0
op_atlwinmoduleregisterwndclassinfow,0.0,0.0
op_atlwinmoduleregisterclassexw,0.0,0.0
op_atlcommoduleunregisterserver,0.0,0.0
op_atlcommoduleregisterserver,0.0,0.0
op_tutoutdebug,0.0,0.0
op_one,0.0,0.0
op_tutdaemonhandlesigxfsz,0.0,0.0
op_tutdaemonhandlesigint,0.0,0.0
op_tuttrace,0.0,0.0
op_tuttracecat,0.0,0.0
op_tuttraceva,0.0,0.0
op_tutoutstrdefault,0.0,0.0
op_tutlexerror,0.0,0.0
op_tutoutcat,0.0,0.0
op_tutdumpout,0.0,0.0
op_tutdumpoutva,0.0,0.0
op_tutwarning,0.0,0.0
op_tutdaemoninit,0.0,0.0
op_tuterrreportparams,0.0,0.0
op_tuterrvreportparams,0.0,0.0
op_tutcommandprintfeedback,0.0,0.0
op_spelleropenlex,0.0,0.0
op_steamunmountappfilesystem,0.0,0.0
op_steammountappfilesystem,0.0,0.0
op_steamunmountfilesystem,0.0,0.0
op_steammountfilesystem,0.0,0.0
op_template,0.0,0.0
op_spellerbuiltinudr,0.0,0.0
op_spellergetlistudr,0.0,0.0
op_cmdline,0.0,0.0
op_spellerclearudr,0.0,0.0
op_spellerdeludr,0.0,0.0
op_spelleraddchangeudr,0.0,0.0
op_spelleraddudr,0.0,0.0
op_spellersetoptions,0.0,0.0
op_spellerversion,0.0,0.0
op_spellergetoptions,0.0,0.0
op_tutwinoutredirect,0.0,0.0
op_spellerinit,0.0,0.0
op_spellercloselex,0.0,0.0
op_spellerterminate,0.0,0.0
op_spellercheck,0.0,0.0
op_pcchurl,0.0,0.0
op_asmsetuserinfo,0.0,0.0
op_atlaxcreatecontrol,0.0,0.0
op_asmenumeratekeys,0.0,0.0
op_asmtest,0.0,0.0
op_asmdecodekey,0.0,0.0
op_any,0.0,0.0
op_clear,0.0,0.0
op_dwmode,0.0,0.0
op_pinputcontrol,0.0,0.0
op_atlgetobjectsourceinterface,0.0,0.0
op_lpcpinfo,0.0,0.0
op_tutdebug,0.0,0.0
op_atlaxcreatedialoga,0.0,0.0
op_atlaxcreatedialogw,0.0,0.0
op_atlaxdialogboxa,0.0,0.0
op_atlaxdialogboxw,0.0,0.0
op_atlaxwininit,0.0,0.0
op_atlunregistertypelib,0.0,0.0
op_corba,0.0,0.0
op_omniorb,0.0,0.0
op_waitforpnp,0.0,0.0
op_findprinterinstance,0.0,0.0
op_deletepnpinstance,0.0,0.0
op_markinstanceanddescendants,0.0,0.0
op_atlaxattachcontrol,0.0,0.0
op_tutvdebug,0.0,0.0
op_tutvout,0.0,0.0
op_lpexitcode,0.0,0.0
op_tutverbose,0.0,0.0
op_tutoutflush,0.0,0.0
op_tutout,0.0,0.0
op_tutthreadcreateva,0.0,0.0
op_tutthreadcreate,0.0,0.0
op_tutfatalerror,0.0,0.0
op_tutlexcreate,0.0,0.0
op_asminterpretekeyfile,0.0,0.0
op_asmgetuserinfo,0.0,0.0
op_atlwinmoduleregisterwndclassinfoa,0.0,0.0
op_atlwinmoduleregisterclassexa,0.0,0.0
op_atlwinmoduleextractcreatewnddata,0.0,0.0
op_atlwinmoduleaddcreatewnddata,0.0,0.0
op_atlwinmoduleterm,0.0,0.0
op_atlwinmoduleinit,0.0,0.0
op_lplocalfiletime,0.0,0.0
op_asmgethelpabout,0.0,0.0
op_asmgetversion,0.0,0.0
op_asmgetnexterror,0.0,0.0
op_asmgeterrorstring,0.0,0.0
op_asmlockkeyuse,0.0,0.0
op_atlcalltermfunc,0.0,0.0
op_showwizarddialog,0.0,0.0
op_showphonedialog,0.0,0.0
op_showsimdialog,0.0,0.0
op_steamcreatelogcontext,0.0,0.0
op_steamsetmaxstallcount,0.0,0.0
op_steamblockingcall,0.0,0.0
op_steamloadcachefromdir,0.0,0.0
op_steamstat,0.0,0.0
op_steamfindclose,0.0,0.0
op_steamfindnext,0.0,0.0
op_steamfindfirst,0.0,0.0
op_tuterrreportparamsjmp,0.0,0.0
op_steamreadfile,0.0,0.0
op_steamopenfile,0.0,0.0
op_steamfindapp,0.0,0.0
op_steamloadfiletocache,0.0,0.0
op_steamisfileneededbycache,0.0,0.0
op_steamrepairordecryptcaches,0.0,0.0
op_steamgetcachedefaultdirectory,0.0,0.0
op_steamstoploadingcache,0.0,0.0
op_steamstartloadingcache,0.0,0.0
op_steamsetcachedefaultdirectory,0.0,0.0
op_steamwaitforappreadytolaunch,0.0,0.0
op_steamflushcache,0.0,0.0
op_steamclosefile,0.0,0.0
op_steamenumerateappicon,0.0,0.0
op_steamgetappids,0.0,0.0
op_steamgettotalupdatestats,0.0,0.0
op_steamgetappupdatestats,0.0,0.0
op_steamgetappstats,0.0,0.0
op_steamgetappuserdefinedinfo,0.0,0.0
op_steamgetapppurchasecountry,0.0,0.0
op_debugfilepath,0.0,0.0
op_dwurllength,0.0,0.0
op_dwlinst,0.0,0.0
op_ucchmax,0.0,0.0
op_showsynchtimedialog,0.0,0.0
op_nsrexec,0.0,0.0
op_nsrcalc,0.0,0.0
op_nsrinit,0.0,0.0
op_steamabortcall,0.0,0.0
op_debuginfo,0.0,0.0
op_machinetype,0.0,0.0
op_userdata,0.0,0.0
op_undecnamelength,0.0,0.0
op_undecname,0.0,0.0
op_sizeofdll,0.0,0.0
op_directoryentry,0.0,0.0
op_steamgetcachedecryptionkey,0.0,0.0
op_nsrfree,0.0,0.0
op_steamrefreshminimumfootprintfiles,0.0,0.0
op_steamenumerateapplaunchoption,0.0,0.0
op_steamenumerateappdependency,0.0,0.0
op_steamenumerateapp,0.0,0.0
op_steamflushfile,0.0,0.0
op_steamresumecachepreloading,0.0,0.0
op_steampausecachepreloading,0.0,0.0
op_steamforgetallhints,0.0,0.0
op_steamhintresourceneed,0.0,0.0
op_steamsetvbuf,0.0,0.0
op_steamprintfile,0.0,0.0
op_steamiscacheloadingenabled,0.0,0.0
op_steamopenfileex,0.0,0.0
op_steamsizefile,0.0,0.0
op_steamtellfile,0.0,0.0
op_steamwritefile,0.0,0.0
op_steamseekfile,0.0,0.0
op_steamputc,0.0,0.0
op_steamopentmpfile,0.0,0.0
op_steamgetc,0.0,0.0
op_spellergetsizeudr,0.0,0.0
op_tutlexlongjmperrorfunc,0.0,0.0
op_tutlexquietlongjmperrorfunc,0.0,0.0
op_tutsiginthandler,0.0,0.0
op_steamisfileimmediatelyavailable,0.0,0.0
op_steamcreatecachepreloaders,0.0,0.0
op_steamwaitforresources,0.0,0.0
op_steamgetappuserdefinedrecord,0.0,0.0
op_steamgetappdir,0.0,0.0
op_steamgetappdependencies,0.0,0.0
op_steamisappsubscribed,0.0,0.0
op_steamremoveappdependency,0.0,0.0
op_steaminsertappdependency,0.0,0.0
op_steamsetappversion,0.0,0.0
op_steamsetappcachesize,0.0,0.0
op_steammoveapp,0.0,0.0
op_steamlaunchapp,0.0,0.0
op_steamenumerateappversion,0.0,0.0
op_steamgetcachefilepath,0.0,0.0
op_ptdec,0.0,0.0
op_ptsign,0.0,0.0
op_lpcurrentchar,0.0,0.0
op_opendslfile,0.0,0.0
op_szgetdatadefver,0.0,0.0
op_addtoclasspath,0.0,0.0
op_tutwinout,0.0,0.0
op_steamgetlocalfilecopy,0.0,0.0
op_steamissubscribed,0.0,0.0
op_steamcheckappownership,0.0,0.0
op_steamgetsponsorurl,0.0,0.0
op_strings,0.0,0.0
op_xn,0.0,0.0
op_lppt,0.0,0.0
op_cchtext,0.0,0.0
op_lpchtext,0.0,0.0
op_lpparam,0.0,0.0
op_mi,0.0,0.0
op_fnenum,0.0,0.0
op_optval,0.0,0.0
op_hwinsta,0.0,0.0
op_optlen,0.0,0.0
op_gzread,0.0,0.0
op_addrlen,0.0,0.0
op_cmd,0.0,0.0
op_exittime,0.0,0.0
op_kerneltime,0.0,0.0
op_lastwritetime,0.0,0.0
op_nlengthneeded,0.0,0.0
op_socket,0.0,0.0
op_argp,0.0,0.0
op_hmac,0.0,0.0
op_sha,0.0,0.0
op_ssleay,0.0,0.0
op_hostshort,0.0,0.0
op_detect,0.0,0.0
op_uninstall,0.0,0.0
op_lpprevwndfunc,0.0,0.0
op_devsetup,0.0,0.0
op_dwaspect,0.0,0.0
op_pszusertype,0.0,0.0
op_dwformoftype,0.0,0.0
op_ppenum,0.0,0.0
op_filesystemflags,0.0,0.0
op_yn,0.0,0.0
op_word,0.0,0.0
op_endianflip,0.0,0.0
op_imode,0.0,0.0
op_ucommand,0.0,0.0
op_dwdata,0.0,0.0
op_hdata,0.0,0.0
op_wcx,0.0,0.0
op_cookie,0.0,0.0
op_initializeqtvr,0.0,0.0
op_usize,0.0,0.0
op_setsicompletionproc,0.0,0.0
op_qtpreuninstallproc,0.0,0.0
op_qtpostinstallproc,0.0,0.0
op_copypointertoarray,0.0,0.0
op_options,0.0,0.0
op_qtvrsetconstraints,0.0,0.0
op_qtvrwrapandconstrain,0.0,0.0
op_qtvrtilttorow,0.0,0.0
op_qtvrpantocolumn,0.0,0.0
op_qtvrsetfieldofview,0.0,0.0
op_qtvrsettiltangle,0.0,0.0
op_qtvrsetpanangle,0.0,0.0
op_getlongfromhandle,0.0,0.0
op_fatdate,0.0,0.0
op_fattime,0.0,0.0
op_fileinformation,0.0,0.0
op_openssldie,0.0,0.0
op_haccel,0.0,0.0
op_hinst,0.0,0.0
op_hwinposinfo,0.0,0.0
op_getdoublefrompointer,0.0,0.0
op_setfloatinhandle,0.0,0.0
op_setlonginhandle,0.0,0.0
op_setintinhandle,0.0,0.0
op_setshortinhandle,0.0,0.0
op_setbyteinhandle,0.0,0.0
op_getdoublefromhandle,0.0,0.0
op_getfloatfromhandle,0.0,0.0
op_dwresult,0.0,0.0
op_hevent,0.0,0.0
op_handlerroutine,0.0,0.0
op_lpdwdisposition,0.0,0.0
op_newacl,0.0,0.0
op_nacllength,0.0,0.0
op_dwaceindex,0.0,0.0
op_pace,0.0,0.0
op_binitialowner,0.0,0.0
op_dwmessageid,0.0,0.0
op_lptstrfilename,0.0,0.0
op_lastaccesstime,0.0,0.0
op_creationtime,0.0,0.0
op_setdoubleinhandle,0.0,0.0
op_nstdhandle,0.0,0.0
op_add,0.0,0.0
op_lptempfilename,0.0,0.0
op_lpszlongpath,0.0,0.0
op_terminateqtvr,0.0,0.0
op_lpoverlapped,0.0,0.0
op_mmresult,0.0,0.0
op_bmanualreset,0.0,0.0
op_handles,0.0,0.0
op_hsourcehandle,0.0,0.0
op_comperand,0.0,0.0
op_sizeinbytes,0.0,0.0
op_wfatdate,0.0,0.0
op_in,0.0,0.0
op_chtext,0.0,0.0
op_cchmax,0.0,0.0
op_lpfirst,0.0,0.0
op_keyinformation,0.0,0.0
op_datasize,0.0,0.0
op_interval,0.0,0.0
op_uuidseed,0.0,0.0
op_uuiddeltatime,0.0,0.0
op_returnedlength,0.0,0.0
op_linktarget,0.0,0.0
op_help,0.0,0.0
op_unicodestring,0.0,0.0
op_dosname,0.0,0.0
op_oemstring,0.0,0.0
op_length,0.0,0.0
op_byteoffset,0.0,0.0
op_sectionoffset,0.0,0.0
op_sectionhandle,0.0,0.0
op_baseaddress,0.0,0.0
op_p,0.0,0.0
op_returnlength,0.0,0.0
op_avggetuid,0.0,0.0
op_linkhandle,0.0,0.0
op_ccscanexecutetofile,0.0,0.0
op_ccsetdocumentsizewh,0.0,0.0
op_ccinitialize,0.0,0.0
op_ccsetdocumentsize,0.0,0.0
op_ccsetcapability,0.0,0.0
op_jgedenablecomponent,0.0,0.0
op_ccgetstatus,0.0,0.0
op_ccgetimageinfo,0.0,0.0
op_ccgetimagecount,0.0,0.0
op_ccclosedevice,0.0,0.0
op_ccexitinitialize,0.0,0.0
op_himl,0.0,0.0
op_lpwsadata,0.0,0.0
op_dllimagebase,0.0,0.0
op_exceptfds,0.0,0.0
op_writefds,0.0,0.0
op_readfds,0.0,0.0
op_nfds,0.0,0.0
op_protocol,0.0,0.0
op_cp,0.0,0.0
op_jgeddisablecomponent,0.0,0.0
op_allocatedstring,0.0,0.0
op_windowname,0.0,0.0
op_xorigindest,0.0,0.0
op_wsadata,0.0,0.0
op_lahf,0.0,0.0
op_cmpsd,0.0,0.0
op_aas,0.0,0.0
op_mii,0.0,0.0
op_configret,0.0,0.0
op_processhandle,0.0,0.0
op_icebp,0.0,0.0
op_psfi,0.0,0.0
op_lpfile,0.0,0.0
op_coblist,0.0,0.0
op_hdcdst,0.0,0.0
op_boolean,0.0,0.0
op_varname,0.0,0.0
op_cchdstlength,0.0,0.0
op_lpszsrc,0.0,0.0
op_lpszdst,0.0,0.0
op_cchbuffer,0.0,0.0
op_lpszshortpath,0.0,0.0
op_lpvolumename,0.0,0.0
op_ppvdata,0.0,0.0
op_uidnewitem,0.0,0.0
op_uposition,0.0,0.0
op_brebootrequired,0.0,0.0
op_fullinfpath,0.0,0.0
op_install,0.0,0.0
op_moduleimagebase,0.0,0.0
op_procedurename,0.0,0.0
op_resultlength,0.0,0.0
op_cchmultibyte,0.0,0.0
op_wctype,0.0,0.0
op_lpwcx,0.0,0.0
op_lpszclass,0.0,0.0
op_bits,0.0,0.0
op_lpnewitem,0.0,0.0
op_pactctx,0.0,0.0
op_uiparam,0.0,0.0
op_pos,0.0,0.0
op_ntstatus,0.0,0.0
op_wctob,0.0,0.0
op_wcrtomb,0.0,0.0
op_wcsrtombs,0.0,0.0
op_btowc,0.0,0.0
op_mbsrtowcs,0.0,0.0
op_mbrtowc,0.0,0.0
op_mbrlen,0.0,0.0
op_hbmimage,0.0,0.0
op_wctrans,0.0,0.0
op_towctrans,0.0,0.0
op_origin,0.0,0.0
op_yd,0.0,0.0
op_eglwaitnative,0.0,0.0
op_pcbneeded,0.0,0.0
op_cchbuffermax,0.0,0.0
op_dwlocation,0.0,0.0
op_lpszurl,0.0,0.0
op_dllenumclassobjects,0.0,0.0
op_caption,0.0,0.0
op_hsnapshot,0.0,0.0
op_eglswapinterval,0.0,0.0
op_hservice,0.0,0.0
op_hscobject,0.0,0.0
op_getintfromhandle,0.0,0.0
op_pfenabled,0.0,0.0
op_eglgetprocaddress,0.0,0.0
op_eglcopybuffers,0.0,0.0
op_eglswapbuffers,0.0,0.0
op_eglbindapi,0.0,0.0
op_dwlinenumber,0.0,0.0
op_stackframe,0.0,0.0
op_node,0.0,0.0
op_pcstr,0.0,0.0
op_pcwstr,0.0,0.0
op_rootpath,0.0,0.0
op_ppresentparams,0.0,0.0
op_float,0.0,0.0
op_celements,0.0,0.0
op_dwfreetype,0.0,0.0
op_outsd,0.0,0.0
op_getversion,0.0,0.0
op_inccpucount,0.0,0.0
op_deccpucount,0.0,0.0
op_lppreviouscount,0.0,0.0
op_lreleasecount,0.0,0.0
op_phprinter,0.0,0.0
op_proxyfileinfo,0.0,0.0
op_lpitemidlist,0.0,0.0
op_lptype,0.0,0.0
op_pulout,0.0,0.0
op_filehandle,0.0,0.0
op_args,0.0,0.0
op_double,0.0,0.0
op_dwstarttype,0.0,0.0
op_lpszbuffer,0.0,0.0
op_ppshf,0.0,0.0
op_cmc,0.0,0.0
op_stc,0.0,0.0
op_daa,0.0,0.0
op_setalc,0.0,0.0
op_irpcstubbuffer,0.0,0.0
op_filepath,0.0,0.0
op_params,0.0,0.0
op_qwaddr,0.0,0.0
op_sympath,0.0,0.0
op_id,0.0,0.0
op_index,0.0,0.0
op_searchpatha,0.0,0.0
op_extensionapiversion,0.0,0.0
op_dstsize,0.0,0.0
op_cbmaxsubkeylen,0.0,0.0
op_mappedasimage,0.0,0.0
op_three,0.0,0.0
op_imagentheader,0.0,0.0
op_srcfiles,0.0,0.0
op_homedir,0.0,0.0
op_pldisplacement,0.0,0.0
op_block,0.0,0.0
op_lmi,0.0,0.0
op_lminfo,0.0,0.0
op_symsrv,0.0,0.0
op_stackdbg,0.0,0.0
op_fptr,0.0,0.0
op_windbgextensiondllinit,0.0,0.0
op_maxstringlength,0.0,0.0
op_imagedirectoryentrytodataex,0.0,0.0
op_eglgetconfigs,0.0,0.0
op_eglreleaseteximage,0.0,0.0
op_eglbindteximage,0.0,0.0
op_eglsurfaceattrib,0.0,0.0
op_eglcreatepbufferfromclientbuffer,0.0,0.0
op_eglreleasethread,0.0,0.0
op_eglwaitgl,0.0,0.0
op_eglqueryapi,0.0,0.0
op_cstdpsfactorybuffer,0.0,0.0
op_eglquerysurface,0.0,0.0
op_egldestroysurface,0.0,0.0
op_omap,0.0,0.0
op_eglcreatepbuffersurface,0.0,0.0
op_eglcreatewindowsurface,0.0,0.0
op_eglgetconfigattrib,0.0,0.0
op_eglchooseconfig,0.0,0.0
op_sizeinwords,0.0,0.0
op_eglquerystring,0.0,0.0
op_eglterminate,0.0,0.0
op_eglinitialize,0.0,0.0
op_eglgetdisplay,0.0,0.0
op_eglgeterror,0.0,0.0
op_ptr,0.0,0.0
op_wchar,0.0,0.0
op_eglcreatepixmapsurface,0.0,0.0
op_scan,0.0,0.0
op_microentry,0.0,0.0
op_setpixelwindow,0.0,0.0
op_inbuffer,0.0,0.0
op_createdrsobject,0.0,0.0
op_wfattime,0.0,0.0
op_destroydrsobject,0.0,0.0
op_destroydrsinstance,0.0,0.0
op_cchdata,0.0,0.0
op_lplcdata,0.0,0.0
op_bytesreturned,0.0,0.0
op_enum,0.0,0.0
op_hdevice,0.0,0.0
op_hdrop,0.0,0.0
op_nnumwindows,0.0,0.0
op_szfile,0.0,0.0
op_ifile,0.0,0.0
op_bi,0.0,0.0
op_ytop,0.0,0.0
op_xleft,0.0,0.0
op_procname,0.0,0.0
op_pguid,0.0,0.0
op_phnewuskey,0.0,0.0
op_huskey,0.0,0.0
op_lctype,0.0,0.0
op_getshortfromhandle,0.0,0.0
op_getbytefromhandle,0.0,0.0
op_setdoubleinpointer,0.0,0.0
op_setfloatinpointer,0.0,0.0
op_setintinpointer,0.0,0.0
op_setbyteinpointer,0.0,0.0
op_ninbuffersize,0.0,0.0
op_getfloatfrompointer,0.0,0.0
op_getlongfrompointer,0.0,0.0
op_getshortfrompointer,0.0,0.0
op_getbytefrompointer,0.0,0.0
op_localeenumproc,0.0,0.0
op_setshortinpointer,0.0,0.0
op_getintfrompointer,0.0,0.0
op_createdrsinstance,0.0,0.0
op_msihandle,0.0,0.0
op_prpcmsg,0.0,0.0
op_pstubmsg,0.0,0.0
op_plubound,0.0,0.0
op_hdatabase,0.0,0.0
op_ubytes,0.0,0.0
op_lpcvoid,0.0,0.0
op_tm,0.0,0.0
op_outbuffer,0.0,0.0
op_setlonginpointer,0.0,0.0
op_lprootpathname,0.0,0.0
op_bytespersector,0.0,0.0
op_hany,0.0,0.0
op_hfont,0.0,0.0
op_eglquerycontext,0.0,0.0
op_eglgetcurrentdisplay,0.0,0.0
op_eglgetcurrentsurface,0.0,0.0
op_eglgetcurrentcontext,0.0,0.0
op_eglmakecurrent,0.0,0.0
op_egldestroycontext,0.0,0.0
op_eglcreatecontext,0.0,0.0
op_mbp,0.0,0.0
op_sizeofelements,0.0,0.0
op_clc,0.0,0.0
op_hprevinstance,0.0,0.0
op_lpdst,0.0,0.0
op_hdlg,0.0,0.0
op_hpen,0.0,0.0
op_hsemaphore,0.0,0.0
op_pszfacename,0.0,0.0
op_callpopupmenu,0.0,0.0
op_eventtrack,0.0,0.0
op_hbm,0.0,0.0
op_psizl,0.0,0.0
op_qmetaobject,0.0,0.0
op_ppszcomponentid,0.0,0.0
op_plout,0.0,0.0
op_lpfiletime,0.0,0.0
op_ppvout,0.0,0.0
op_ppmemory,0.0,0.0
op_hdwp,0.0,0.0
op_lpwindowname,0.0,0.0
op_psid,0.0,0.0
op_szmessage,0.0,0.0
op_pmemory,0.0,0.0
op_szcommandline,0.0,0.0
op_pllbound,0.0,0.0
op_phview,0.0,0.0
op_szvalue,0.0,0.0
op_filesizehigh,0.0,0.0
op_lpcreationtime,0.0,0.0
op_lplastwritetime,0.0,0.0
op_lpfilesizehigh,0.0,0.0
op_hview,0.0,0.0
op_puihandler,0.0,0.0
op_getproxydllinfo,0.0,0.0
op_imessagetype,0.0,0.0
op_pvcontext,0.0,0.0
op_phrecord,0.0,0.0
op_pprot,0.0,0.0
op_dwlen,0.0,0.0
op_set,0.0,0.0
op_lpservicename,0.0,0.0
op_pcbbytesneeded,0.0,0.0
op_hscmanager,0.0,0.0
op_timestr,0.0,0.0
op_wdestroycontext,0.0,0.0
op_iccleardata,0.0,0.0
op_iccancel,0.0,0.0
op_icselectindex,0.0,0.0
op_icselect,0.0,0.0
op_ccopenuiscanexecutetofile,0.0,0.0
op_icreadlist,0.0,0.0
op_icgetlist,0.0,0.0
op_icstrdel,0.0,0.0
op_sig,0.0,0.0
op_lpdx,0.0,0.0
op_oatwowaymap,0.0,0.0
op_oadispstatic,0.0,0.0
op_insd,0.0,0.0
op_elementsize,0.0,0.0
op_pproxy,0.0,0.0
op_iciconv,0.0,0.0
op_icreadnext,0.0,0.0
op_icfmt,0.0,0.0
op_icfieldstore,0.0,0.0
op_icfield,0.0,0.0
op_icextract,0.0,0.0
op_icdcount,0.0,0.0
op_iccount,0.0,0.0
op_icconvert,0.0,0.0
op_lppoint,0.0,0.0
op_rgbvalue,0.0,0.0
op_statementhandle,0.0,0.0
op_bufferlength,0.0,0.0
op_lpservices,0.0,0.0
op_cprocesslocalobject,0.0,0.0
op_targettype,0.0,0.0
op_columnnumber,0.0,0.0
op_integer,0.0,0.0
op_lpextension,0.0,0.0
op_ctrltype,0.0,0.0
op_lpprefixstring,0.0,0.0
op_tlsend,0.0,0.0
op_tlsstart,0.0,0.0
op_tlsindex,0.0,0.0
op_lstring,0.0,0.0
op_logfont,0.0,0.0
op_targetvalue,0.0,0.0
op_icgetlocale,0.0,0.0
op_icsetlocale,0.0,0.0
op_icgetmap,0.0,0.0
op_icsetmap,0.0,0.0
op_icfree,0.0,0.0
op_icdata,0.0,0.0
op_iccalloc,0.0,0.0
op_icunlock,0.0,0.0
op_ictimedate,0.0,0.0
op_ictime,0.0,0.0
op_icsubcallinternal,0.0,0.0
op_wstartconvert,0.0,0.0
op_icsetvalue,0.0,0.0
op_icformlist,0.0,0.0
op_icitype,0.0,0.0
op_icinputreply,0.0,0.0
op_icindices,0.0,0.0
op_icgetvalue,0.0,0.0
op_icexecutecontinue,0.0,0.0
op_icexecute,0.0,0.0
op_icdate,0.0,0.0
op_icwriteblk,0.0,0.0
op_qtwndpos,0.0,0.0
op_qtmoviestop,0.0,0.0
op_icsubcall,0.0,0.0
op_wgetbuflength,0.0,0.0
op_wmovebufout,0.0,0.0
op_wseek,0.0,0.0
op_wgetduration,0.0,0.0
op_wrenderfile,0.0,0.0
op_ictrim,0.0,0.0
op_icalpha,0.0,0.0
op_icreplace,0.0,0.0
op_icremove,0.0,0.0
op_icraise,0.0,0.0
op_icoconv,0.0,0.0
op_icgetmarkvalue,0.0,0.0
op_iclocate,0.0,0.0
op_icinsert,0.0,0.0
op_icmalloc,0.0,0.0
op_icfileinfo,0.0,0.0
op_icdelete,0.0,0.0
op_iccloseseq,0.0,0.0
op_icclearfile,0.0,0.0
op_icclose,0.0,0.0
op_icopen,0.0,0.0
op_icsetsession,0.0,0.0
op_iclock,0.0,0.0
op_icgetnlsinfo,0.0,0.0
op_iclower,0.0,0.0
op_sqlgetinstalleddrivers,0.0,0.0
op_optionsdlg,0.0,0.0
op_sqlinstalldrivermanager,0.0,0.0
op_sqlinstalldriver,0.0,0.0
op_sqlgettranslator,0.0,0.0
op_sqlcreatedatasource,0.0,0.0
op_sqlmanagedatasources,0.0,0.0
op_sqlinstallodbc,0.0,0.0
op_versionsdlg,0.0,0.0
op_aaa,0.0,0.0
op_stringlengthptr,0.0,0.0
op_sqlreturn,0.0,0.0
op_pvtime,0.0,0.0
op_nbar,0.0,0.0
op_ibscale,0.0,0.0
op_fsqltype,0.0,0.0
op_pcbvalue,0.0,0.0
op_ncmdshow,0.0,0.0
op_selecttransdlg,0.0,0.0
op_maindlg,0.0,0.0
op_driversdlg,0.0,0.0
op_hwndmain,0.0,0.0
op_adddsourcedlg,0.0,0.0
op_flock,0.0,0.0
op_cjin,0.0,0.0
op_iescape,0.0,0.0
op_sqlwriteprivateprofilestring,0.0,0.0
op_pmmioinfo,0.0,0.0
op_pwh,0.0,0.0
op_pszfile,0.0,0.0
op_hwndcaller,0.0,0.0
op_picce,0.0,0.0
op_szotherstuff,0.0,0.0
op_istart,0.0,0.0
op_sqlremovedrivermanager,0.0,0.0
op_sqlgetavailabledrivers,0.0,0.0
op_ucurdirlen,0.0,0.0
op_sqlconfigdriver,0.0,0.0
op_sqlremovetranslator,0.0,0.0
op_sqlinstalltranslator,0.0,0.0
op_sqlremovedriver,0.0,0.0
op_sqlgetprivateprofilestring,0.0,0.0
op_updatedlg,0.0,0.0
op_sqlvaliddsn,0.0,0.0
op_sqlremovedsnfromini,0.0,0.0
op_sqlwritedsntoini,0.0,0.0
op_sqlremovedefaultdatasource,0.0,0.0
op_sqlconfigdatasource,0.0,0.0
op_udestdirlen,0.0,0.0
op_hwo,0.0,0.0
op_lbytes,0.0,0.0
op_uidenableitem,0.0,0.0
op_ppalentries,0.0,0.0
op_devmode,0.0,0.0
op_lppaint,0.0,0.0
op_mcierror,0.0,0.0
op_hmmio,0.0,0.0
op_renderopt,0.0,0.0
op_pwfx,0.0,0.0
op_pmmt,0.0,0.0
op_aboutdlg,0.0,0.0
op_udeviceid,0.0,0.0
op_destheight,0.0,0.0
op_destwidth,0.0,0.0
op_ttextbox,0.0,0.0
op_cbcoldef,0.0,0.0
op_pwoc,0.0,0.0
op_pmem,0.0,0.0
op_cvalues,0.0,0.0
op_hpropsheetpage,0.0,0.0
op_envstring,0.0,0.0
op_infovalue,0.0,0.0
op_lpfontdesc,0.0,0.0
op_uidcheckitem,0.0,0.0
op_cplapplet,0.0,0.0
op_pmmcki,0.0,0.0
op_variantarg,0.0,0.0
op_ishellfolder,0.0,0.0
op_pdataobj,0.0,0.0
op_clr,0.0,0.0
op_pdweffect,0.0,0.0
op_vfwwdmextension,0.0,0.0
op_ucheck,0.0,0.0
op_reopenbuff,0.0,0.0
op_lpwavehdr,0.0,0.0
op_newvalue,0.0,0.0
op_mcideviceid,0.0,0.0
op_paletteentry,0.0,0.0
op_logpalette,0.0,0.0
op_cch,0.0,0.0
op_phwo,0.0,0.0
op_tpinballtable,0.0,0.0
op_enumeration,0.0,0.0
op_method,0.0,0.0
op_bitmapinfo,0.0,0.0
op_cjbuffer,0.0,0.0
op_ilast,0.0,0.0
op_ifirst,0.0,0.0
op_tedgemanager,0.0,0.0
op_pncb,0.0,0.0
op_from,0.0,0.0
op_fromlen,0.0,0.0
op_ncount,0.0,0.0
op_lphandles,0.0,0.0
op_vinbuffer,0.0,0.0
op_voutbuffer,0.0,0.0
op_vdkdocreadbatchfree,0.0,0.0
op_vdkkbsetinfo,0.0,0.0
op_vdkkbclose,0.0,0.0
op_vdkkbfrompath,0.0,0.0
op_qtmoviepause,0.0,0.0
op_vdkhighlightreadfree,0.0,0.0
op_vdkhighlightread,0.0,0.0
op_vdkfiltersdirectory,0.0,0.0
op_vdkcollectionsetinfo,0.0,0.0
op_vdkdocmapfree,0.0,0.0
op_vdkdocmap,0.0,0.0
op_vdkdocdelete,0.0,0.0
op_vdkdocstreamfree,0.0,0.0
op_vdkdocstreamreadfree,0.0,0.0
op_vdkdocstreamread,0.0,0.0
op_vdkdocstreamnew,0.0,0.0
op_vdkkbopen,0.0,0.0
op_vdksearchsetinfo,0.0,0.0
op_vdktfielditerate,0.0,0.0
op_vdktfieldboundnew,0.0,0.0
op_vdktfieldnew,0.0,0.0
op_vdksessionfree,0.0,0.0
op_vdksessionsetinfo,0.0,0.0
op_vdksessiongetinfofree,0.0,0.0
op_vdksessiongetinfo,0.0,0.0
op_vdkqparsernew,0.0,0.0
op_vdksessionnew,0.0,0.0
op_vdkvgwdocread,0.0,0.0
op_vdkhighlightms,0.0,0.0
op_vdkservice,0.0,0.0
op_vdksearchdocidtonth,0.0,0.0
op_vdksearchnthtodocid,0.0,0.0
op_vdksearchmerge,0.0,0.0
op_vdkkbgetinfo,0.0,0.0
op_vdksearchgetinfofree,0.0,0.0
op_vdksearchgetinfo,0.0,0.0
op_vdksearchfree,0.0,0.0
op_vdksearchnew,0.0,0.0
op_vdkquerymapfree,0.0,0.0
op_vdkquerymap,0.0,0.0
op_vdkqparserfree,0.0,0.0
op_vdksessiondefinegateway,0.0,0.0
op_vdkadminassist,0.0,0.0
op_prfqryfree,0.0,0.0
op_prfqryexportfree,0.0,0.0
op_prfqryexport,0.0,0.0
op_prfqrynew,0.0,0.0
op_prfexecreset,0.0,0.0
op_to,0.0,0.0
op_prfexeceval,0.0,0.0
op_prfdestroy,0.0,0.0
op_prfcreate,0.0,0.0
op_psrc,0.0,0.0
op_vdkassistbrowsefree,0.0,0.0
op_lpfindfiledata,0.0,0.0
op_omni,0.0,0.0
op_ccopendevice,0.0,0.0
op_desiredaccess,0.0,0.0
op_sourcestring,0.0,0.0
op_iostatusblock,0.0,0.0
op_keyhandle,0.0,0.0
op_cserver,0.0,0.0
op_delim,0.0,0.0
op_short,0.0,0.0
op_timeout,0.0,0.0
op_cbbytesreturned,0.0,0.0
op_static,0.0,0.0
op_vdkdocreadbatch,0.0,0.0
op_vdkdocreadfree,0.0,0.0
op_vdkdocread,0.0,0.0
op_vdkdocwrite,0.0,0.0
op_vdkcollectionfrompath,0.0,0.0
op_vdkcollectiongetinfofree,0.0,0.0
op_vdkcollectiongetinfo,0.0,0.0
op_vdkadminoptimize,0.0,0.0
op_jgedsetoption,0.0,0.0
op_jgedprocess,0.0,0.0
op_jgeddestroy,0.0,0.0
op_vdkadminbackup,0.0,0.0
op_jgedduplicate,0.0,0.0
op_jgedcreate,0.0,0.0
op_viewsize,0.0,0.0
op_prfexecload,0.0,0.0
op_vdkassistbrowse,0.0,0.0
op_vdkassistgetinfofree,0.0,0.0
op_vdkassistgetinfo,0.0,0.0
op_vdkassistsetinfo,0.0,0.0
op_vdkassistfree,0.0,0.0
op_vdkassistnew,0.0,0.0
op_vdkadminpurge,0.0,0.0
op_portableserver,0.0,0.0
op_jgedstart,0.0,0.0
op_icread,0.0,0.0
op_icopenseq,0.0,0.0
op_icfileunlock,0.0,0.0
op_qtisbmpexporter,0.0,0.0
op_pdwstatus,0.0,0.0
op_command,0.0,0.0
op_mutexunlock,0.0,0.0
op_mutexlock,0.0,0.0
op_mutexdestroy,0.0,0.0
op_mutexinit,0.0,0.0
op_vdktfieldfree,0.0,0.0
op_vdkassistfind,0.0,0.0
op_icsessioninfo,0.0,0.0
op_icquitall,0.0,0.0
op_icquit,0.0,0.0
op_icopenlicensesession,0.0,0.0
op_icopensession,0.0,0.0
op_heapinformation,0.0,0.0
op_lpoutputstring,0.0,0.0
op_qtsetparam,0.0,0.0
op_qtgetquicktimeversion,0.0,0.0
op_qtgetmovievideosize,0.0,0.0
op_qtisfullscreen,0.0,0.0
op_qtendfullscreen,0.0,0.0
op_qtgetmovieduration,0.0,0.0
op_qtmovieplay,0.0,0.0
op_qtwnddestroy,0.0,0.0
op_qtwndcreate,0.0,0.0
op_qtwndinit,0.0,0.0
op_icrecordlocked,0.0,0.0
op_icclearselect,0.0,0.0
op_icwritenamedfields,0.0,0.0
op_icreadnamedfields,0.0,0.0
op_icwritefields,0.0,0.0
op_icreadfields,0.0,0.0
op_icwritev,0.0,0.0
op_icreadblk,0.0,0.0
op_icfilelock,0.0,0.0
op_icwrite,0.0,0.0
op_icweofseq,0.0,0.0
op_ictransaction,0.0,0.0
op_ictrans,0.0,0.0
op_ictimeout,0.0,0.0
op_icseek,0.0,0.0
op_icrelease,0.0,0.0
op_icsetcommstimeout,0.0,0.0
op_icrecordlock,0.0,0.0
op_icreadv,0.0,0.0
op_icreadseq,0.0,0.0
op_icwriteseq,0.0,0.0
op_wdest,0.0,0.0
op_pidl,0.0,0.0
op_lpszwindow,0.0,0.0
op_hwndchildafter,0.0,0.0
op_lpenumfunc,0.0,0.0
op_langid,0.0,0.0
op_sztmpfile,0.0,0.0
op_keyname,0.0,0.0
op_control,0.0,0.0
op_vdktfieldwriterange,0.0,0.0
op_lpmenuname,0.0,0.0
op_qtbeginfullscreen,0.0,0.0
op_nresult,0.0,0.0
op_uidevent,0.0,0.0
op_hmetafile,0.0,0.0
op_bstrright,0.0,0.0
op_pbstrresult,0.0,0.0
op_vdksessionspawn,0.0,0.0
op_vdkcollectionsubmit,0.0,0.0
op_vdkcollectionclose,0.0,0.0
op_vdkcollectionopen,0.0,0.0
op_vdkassistexpandfree,0.0,0.0
op_vdkassistexpand,0.0,0.0
op_vdkassistfindfree,0.0,0.0
op_rcitem,0.0,0.0
op_qtsetmoviecurrent,0.0,0.0
op_qtgetmoviecurrent,0.0,0.0
op_qtfinalize,0.0,0.0
op_qtgetmovieimage,0.0,0.0
op_qtisinstalled,0.0,0.0
op_qtsetstatusnotifymsg,0.0,0.0
op_qtismoviesound,0.0,0.0
op_qtsetloop,0.0,0.0
op_qtenablevideo,0.0,0.0
op_qtismovieplaynow,0.0,0.0
op_cpixelinfo,0.0,0.0
op_hdest,0.0,0.0
op_vdklockdefault,0.0,0.0
op_vdkkbexportotl,0.0,0.0
op_vdkkbimportotl,0.0,0.0
op_vdkkbdelete,0.0,0.0
op_vdkkbsavequery,0.0,0.0
op_vdkkbgetinfofree,0.0,0.0
op_rop,0.0,0.0
op_qtinitialize,0.0,0.0
op_lpdd,0.0,0.0
op_yorigindest,0.0,0.0
op_ftn,0.0,0.0
op_das,0.0,0.0
op_vdklocknoop,0.0,0.0
op_libfilename,0.0,0.0
op_retstr,0.0,0.0
op_olechar,0.0,0.0
op_size,0.0,0.0
op_count,0.0,0.0
op_hwnd,0.0,0.0
op_lpsz,0.0,0.0
op_pv,0.0,0.0
op_source,0.0,0.0
op_long,0.0,0.0
op_rclsid,0.0,0.0
op_resultpath,0.0,0.0
op_punkouter,0.0,0.0
op_ppv,0.0,0.0
op_psz,0.0,0.0
op_str,0.0,0.0
op_hresult,0.0,0.0
op_cd,0.0,0.0
op_jumptable,0.0,0.0
op_hmodule,0.0,0.0
op_runphotodownloader,0.0,0.0
op_public,0.0,0.0
op_dword,0.0,0.0
op_pperrinfo,0.0,0.0
op_pvarg,0.0,0.0
op_xchg,0.0,0.0
op_lplibfilename,0.0,0.0
op_src,0.0,0.0
op_func,0.0,0.0
op_lpmalloc,0.0,0.0
op_pushf,0.0,0.0
op_exceptioninfo,0.0,0.0
op_sid,0.0,0.0
op_perrinfo,0.0,0.0
op_clsid,0.0,0.0
op_lstatus,0.0,0.0
op_szhelpdir,0.0,0.0
op_pptlib,0.0,0.0
op_memory,0.0,0.0
op_cdq,0.0,0.0
op_cutlprops,0.0,0.0
op_lresult,0.0,0.0
op_leave,0.0,0.0
op_start,0.0,0.0
op_function,0.0,0.0
op_uint,0.0,0.0
op_bstr,0.0,0.0
op_handle,0.0,0.0
op_lpszprogid,0.0,0.0
op_inc,0.0,0.0
op_offset,0.0,0.0
op_pop,0.0,0.0
op_push,0.0,0.0
op_ff,0.0,0.0
b_255,0.0,0.0
op_eb,0.0,0.0
op_ec,0.0,0.0
op_hobject,0.0,0.0
b_254,0.0,0.0
b_253,0.0,0.0
op_imagebase,0.0,0.0
b_251,0.0,0.0
b_250,0.0,0.0
b_247,0.0,0.0
op_include,0.0,0.0
op_dec,0.0,0.0
op_fa,0.0,0.0
op_flprotect,0.0,0.0
op_value,0.0,0.0
op_dest,0.0,0.0
op_lpaddress,0.0,0.0
op_msg,0.0,0.0
op_cpoints,0.0,0.0
b_252,0.0,0.0
op_format,0.0,0.0
op_flat,0.0,0.0
op_fb,0.0,0.0
op_dd,0.0,0.0
op_ab,0.0,0.0
op_flags,0.0,0.0
op_ca,0.0,0.0
op_cf,0.0,0.0
op_dw,0.0,0.0
op_movsd,0.0,0.0
op_end,0.0,0.0
op_bool,0.0,0.0
op_struct,0.0,0.0
op_fc,0.0,0.0
op_bd,0.0,0.0
op_dc,0.0,0.0
op_cv,0.0,0.0
op_debug,0.0,0.0
op_guid,0.0,0.0
op_const,0.0,0.0
op_unsigned,0.0,0.0
op_cb,0.0,0.0
op_segment,0.0,0.0
op_endp,0.0,0.0
op_da,0.0,0.0
op_multibytestr,0.0,0.0
op_lpmultibytestr,0.0,0.0
op_buffer,0.0,0.0
op_pvdata,0.0,0.0
op_lpvaluename,0.0,0.0
op_punk,0.0,0.0
op_systemtime,0.0,0.0
op_hfile,0.0,0.0
op_filetime,0.0,0.0
op_valuename,0.0,0.0
op_pdwcompatflags,0.0,0.0
op_dllentrypoint,0.0,0.0
op_hmutex,0.0,0.0
op_dwbytes,0.0,0.0
op_pcchname,0.0,0.0
op_hrelativeuskey,0.0,0.0
op_uid,0.0,0.0
op_ldistancetomove,0.0,0.0
op_hinternet,0.0,0.0
op_lpdata,0.0,0.0
op_ppmk,0.0,0.0
op_pbindinfo,0.0,0.0
op_pwzurl,0.0,0.0
op_ppwzmimeout,0.0,0.0
op_szlongpath,0.0,0.0
op_filepart,0.0,0.0
op_pcsubkeys,0.0,0.0
op_pszsubkey,0.0,0.0
op_ppsm,0.0,0.0
op_lpsrch,0.0,0.0
op_returnedstring,0.0,0.0
op_lpappname,0.0,0.0
op_cchvaluename,0.0,0.0
op_dwclscontext,0.0,0.0
op_dwmovemethod,0.0,0.0
op_lp,0.0,0.0
op_pquery,0.0,0.0
op_pcchvaluename,0.0,0.0
op_hwndparent,0.0,0.0
op_findfiledata,0.0,0.0
op_reserved,0.0,0.0
op_urlcomponents,0.0,0.0
op_ppstgopen,0.0,0.0
op_pszresult,0.0,0.0
op_szshortpath,0.0,0.0
op_pbuffer,0.0,0.0
op_string,0.0,0.0
op_type,0.0,0.0
op_sztype,0.0,0.0
op_pszvalue,0.0,0.0
op_dwindex,0.0,0.0
op_iid,0.0,0.0
op_cbdata,0.0,0.0
op_subkey,0.0,0.0
op_pdwtype,0.0,0.0
op_pbc,0.0,0.0
op_szurl,0.0,0.0
op_lpbuffer,0.0,0.0
op_widecharstr,0.0,0.0
op_lpfilename,0.0,0.0
op_pwzvalue,0.0,0.0
op_ae,0.0,0.0
op_this,0.0,0.0
op_ef,0.0,0.0
op_aa,0.0,0.0
op_nop,0.0,0.0
op_ea,0.0,0.0
op_pvargdest,0.0,0.0
op_hkey,0.0,0.0
op_phkresult,0.0,0.0
op_lpcstr,0.0,0.0
op_lpstring,0.0,0.0
op_class,0.0,0.0
op_ba,0.0,0.0
op_srch,0.0,0.0
op_chartype,0.0,0.0
op_cchwidechar,0.0,0.0
op_pcszurl,0.0,0.0
op_imaxlength,0.0,0.0
op_lpreserved,0.0,0.0
op_fdwreason,0.0,0.0
op_hinstdll,0.0,0.0
op_hlibmodule,0.0,0.0
op_c,0.0,0.0
op_bstrstring,0.0,0.0
op_dwreserved,0.0,0.0
op_pclsid,0.0,0.0
op_dwflags,0.0,0.0
op_movsb,0.0,0.0
op_hmem,0.0,0.0
op_cbmultibyte,0.0,0.0
op_pszpath,0.0,0.0
op_pwzpath,0.0,0.0
op_lpstr,0.0,0.0
op_pcbdata,0.0,0.0
op_ppbc,0.0,0.0
op_dwbufferlength,0.0,0.0
op_lpsubkey,0.0,0.0
op_riid,0.0,0.0
b_82,0.0,0.0
b_81,0.0,0.0
b_80,0.0,0.0
b_79,0.0,0.0
op_processlaterversion,0.0,0.0
b_77,0.0,0.0
b_76,0.0,0.0
b_75,0.0,0.0
b_74,0.0,0.0
b_73,0.0,0.0
b_72,0.0,0.0
op_inoutsideprocess,0.0,0.0
b_86,0.0,0.0
b_70,0.0,0.0
b_69,0.0,0.0
b_68,0.0,0.0
b_67,0.0,0.0
b_66,0.0,0.0
b_65,0.0,0.0
b_63,0.0,0.0
b_78,0.0,0.0
b_62,0.0,0.0
b_60,0.0,0.0
b_71,0.0,0.0
b_118,0.0,0.0
b_117,0.0,0.0
b_115,0.0,0.0
b_99,0.0,0.0
b_96,0.0,0.0
b_95,0.0,0.0
b_110,0.0,0.0
b_108,0.0,0.0
b_107,0.0,0.0
b_94,0.0,0.0
b_93,0.0,0.0
b_83,0.0,0.0
b_89,0.0,0.0
b_88,0.0,0.0
b_101,0.0,0.0
b_100,0.0,0.0
b_135,0.0,0.0
b_150,0.0,0.0
b_149,0.0,0.0
b_148,0.0,0.0
b_144,0.0,0.0
b_143,0.0,0.0
b_85,0.0,0.0
b_84,0.0,0.0
b_90,0.0,0.0
b_43,0.0,0.0
b_2,0.0,0.0
b_28,0.0,0.0
b_26,0.0,0.0
b_25,0.0,0.0
b_24,0.0,0.0
op_atoprovidesimplement,0.0,0.0
op_gmgw,0.0,0.0
op_mechanismthatbeaimplement,0.0,0.0
op_header,0.0,0.0
b_20,0.0,0.0
b_59,0.0,0.0
b_18,0.0,0.0
b_16,0.0,0.0
b_14,0.0,0.0
b_13,0.0,0.0
b_12,0.0,0.0
b_11,0.0,0.0
op_ulenumindex,0.0,0.0
b_8,0.0,0.0
b_7,0.0,0.0
b_6,0.0,0.0
b_5,0.0,0.0
b_4,0.0,0.0
b_19,0.0,0.0
b_58,0.0,0.0
b_57,0.0,0.0
b_56,0.0,0.0
b_55,0.0,0.0
op_pbdetachedhashblob,0.0,0.0
op_pdevmodeoutput,0.0,0.0
op_hdcref,0.0,0.0
op_paletteentries,0.0,0.0
op_stringarepr,0.0,0.0
op_setitem,0.0,0.0
op_overflowerror,0.0,0.0
b_44,0.0,0.0
b_40,0.0,0.0
b_39,0.0,0.0
b_54,0.0,0.0
b_53,0.0,0.0
b_52,0.0,0.0
b_51,0.0,0.0
b_49,0.0,0.0
b_37,0.0,0.0
b_36,0.0,0.0
b_35,0.0,0.0
b_33,0.0,0.0
b_32,0.0,0.0
op_getlocals,0.0,0.0
op_ofpackagesthestandards,0.0,0.0
op_standalonetechnology,0.0,0.0
op_platformofatomechanism,0.0,0.0
op_ofontheare,0.0,0.0
op_orgsmlaterplatform,0.0,0.0
b_239,0.0,0.0
b_190,0.0,0.0
b_189,0.0,0.0
b_188,0.0,0.0
b_187,0.0,0.0
b_186,0.0,0.0
b_103,0.0,0.0
b_233,0.0,0.0
b_231,0.0,0.0
b_246,0.0,0.0
b_245,0.0,0.0
b_243,0.0,0.0
b_241,0.0,0.0
b_229,0.0,0.0
b_228,0.0,0.0
b_227,0.0,0.0
b_226,0.0,0.0
b_225,0.0,0.0
b_224,0.0,0.0
b_184,0.0,0.0
op_httpofendorsedof,0.0,0.0
op_overridetechnologyorder,0.0,0.0
op_fromplatform,0.0,0.0
op_standardsmorethat,0.0,0.0
op_theitorfor,0.0,0.0
op_mechanismpackagestechnologiesnecessary,0.0,0.0
op_fromdouble,0.0,0.0
op_theinof,0.0,0.0
op_communityincludingplatformintojava,0.0,0.0
op_ocprvak,0.0,0.0
op_tyedmsf,0.0,0.0
op_endorsedincludedversion,0.0,0.0
op_hcrypthash,0.0,0.0
op_lppoints,0.0,0.0
op_technologiesor,0.0,0.0
op_fsmodifiers,0.0,0.0
op_dwaclrevision,0.0,0.0
op_texas,0.0,0.0
op_imalloc,0.0,0.0
op_numberfmtw,0.0,0.0
op_repr,0.0,0.0
op_userwarning,0.0,0.0
op_cc,0.0,0.0
op_dwreplaceflags,0.0,0.0
op_ixupnab,0.0,0.0
b_193,0.0,0.0
b_192,0.0,0.0
b_191,0.0,0.0
b_127,0.0,0.0
b_142,0.0,0.0
b_140,0.0,0.0
b_139,0.0,0.0
b_138,0.0,0.0
b_137,0.0,0.0
b_136,0.0,0.0
b_120,0.0,0.0
b_235,0.0,0.0
b_131,0.0,0.0
b_130,0.0,0.0
b_129,0.0,0.0
b_180,0.0,0.0
b_178,0.0,0.0
b_176,0.0,0.0
b_126,0.0,0.0
b_125,0.0,0.0
b_124,0.0,0.0
b_173,0.0,0.0
b_172,0.0,0.0
b_104,0.0,0.0
b_133,0.0,0.0
op_incorporatemayprovidesjava,0.0,0.0
b_222,0.0,0.0
b_220,0.0,0.0
b_219,0.0,0.0
b_216,0.0,0.0
b_215,0.0,0.0
b_230,0.0,0.0
b_151,0.0,0.0
b_164,0.0,0.0
b_163,0.0,0.0
b_214,0.0,0.0
b_194,0.0,0.0
b_208,0.0,0.0
b_157,0.0,0.0
b_155,0.0,0.0
b_154,0.0,0.0
b_206,0.0,0.0
b_204,0.0,0.0
b_201,0.0,0.0
b_200,0.0,0.0
b_199,0.0,0.0
b_198,0.0,0.0
b_197,0.0,0.0
b_196,0.0,0.0
b_211,0.0,0.0
op_infhandle,0.0,0.0
op_pbmih,0.0,0.0
op_returnbuffer,0.0,0.0
op_context,0.0,0.0
op_contextin,0.0,0.0
op_pexecinfo,0.0,0.0
op_hicon,0.0,0.0
op_calinfoenumproc,0.0,0.0
op_classguid,0.0,0.0
op_uflags,0.0,0.0
op_berase,0.0,0.0
op_pcchresult,0.0,0.0
op_niddlgitem,0.0,0.0
op_lpmsg,0.0,0.0
op_hresinfo,0.0,0.0
op_nheight,0.0,0.0
op_nsize,0.0,0.0
op_pjbits,0.0,0.0
op_centries,0.0,0.0
op_plpal,0.0,0.0
op_hdcdest,0.0,0.0
op_tokenhandle,0.0,0.0
op_luid,0.0,0.0
op_cwde,0.0,0.0
op_criticalsection,0.0,0.0
op_hmonitor,0.0,0.0
op_ppstm,0.0,0.0
op_hdcsrc,0.0,0.0
op_ho,0.0,0.0
op_pvparam,0.0,0.0
op_rc,0.0,0.0
op_substr,0.0,0.0
op_ui,0.0,0.0
op_hwndinsertafter,0.0,0.0
op_requiredsize,0.0,0.0
op_deviceinfodata,0.0,0.0
op_pdata,0.0,0.0
op_hsrc,0.0,0.0
op_hrgn,0.0,0.0
op_ysrc,0.0,0.0
op_top,0.0,0.0
op_left,0.0,0.0
op_date,0.0,0.0
op_lppath,0.0,0.0
op_fileop,0.0,0.0
op_deviceinfoset,0.0,0.0
op_memberindex,0.0,0.0
op_propertybuffer,0.0,0.0
op_ppvbits,0.0,0.0
op_rcsrc,0.0,0.0
op_lpwndclass,0.0,0.0
op_wndclass,0.0,0.0
op_point,0.0,0.0
op_dwexstyle,0.0,0.0
op_nindex,0.0,0.0
op_nmaxcount,0.0,0.0
op_lprcdst,0.0,0.0
op_ucmd,0.0,0.0
op_bprevious,0.0,0.0
op_benable,0.0,0.0
op_newstate,0.0,0.0
op_strin,0.0,0.0
op_hcursor,0.0,0.0
op_outputstring,0.0,0.0
op_nwidth,0.0,0.0
op_pt,0.0,0.0
op_dwnewlong,0.0,0.0
op_npos,0.0,0.0
op_hglobal,0.0,0.0
op_colorref,0.0,0.0
op_jump,0.0,0.0
op_lprcsrc,0.0,0.0
op_unicode,0.0,0.0
op_lptemplate,0.0,0.0
op_hpal,0.0,0.0
op_hkl,0.0,0.0
op_henhmetafile,0.0,0.0
op_himagelist,0.0,0.0
op_wndclassa,0.0,0.0
op_dwtlsindex,0.0,0.0
op_wndpl,0.0,0.0
op_paint,0.0,0.0
op_hbrush,0.0,0.0
op_lf,0.0,0.0
op_qrc,0.0,0.0
op_dy,0.0,0.0
op_nnumerator,0.0,0.0
op_lpvbits,0.0,0.0
op_prgbq,0.0,0.0
op_nsaveddc,0.0,0.0
op_item,0.0,0.0
op_libid,0.0,0.0
op_cchname,0.0,0.0
op_ftlastwritetime,0.0,0.0
op_name,0.0,0.0
op_dwtype,0.0,0.0
op_dwoptions,0.0,0.0
op_lpclass,0.0,0.0
op_hpalette,0.0,0.0
op_two,0.0,0.0
op_pdwdisplacement,0.0,0.0
op_match,0.0,0.0
op_rva,0.0,0.0
op_pvoid,0.0,0.0
op_modulename,0.0,0.0
op_callerdata,0.0,0.0
op_symbolpath,0.0,0.0
op_mask,0.0,0.0
op_moduleinfo,0.0,0.0
op_dwaddr,0.0,0.0
op_fptc,0.0,0.0
op_numofelements,0.0,0.0
op_baseofdll,0.0,0.0
op_ydest,0.0,0.0
op_hwndowner,0.0,0.0
op_bmi,0.0,0.0
op_keystate,0.0,0.0
op_idchild,0.0,0.0
op_nnumber,0.0,0.0
op_optional,0.0,0.0
op_hthread,0.0,0.0
op_callback,0.0,0.0
op_ntheaders,0.0,0.0
op_targethandle,0.0,0.0
op_imagefilepath,0.0,0.0
op_foundfile,0.0,0.0
op_fcase,0.0,0.0
op_expression,0.0,0.0
op_addrbase,0.0,0.0
op_srvpath,0.0,0.0
op_dwhandle,0.0,0.0
op_showsystray,0.0,0.0
op_msiuninstalljre,0.0,0.0
op_msiuninstallsdk,0.0,0.0
op_inputpathname,0.0,0.0
op_msiinstalljre,0.0,0.0
op_msiisjavavminuse,0.0,0.0
op_fullpath,0.0,0.0
op_modbase,0.0,0.0
op_imagename,0.0,0.0
op_obj,0.0,0.0
op_filespec,0.0,0.0
op_cbsrcfiles,0.0,0.0
op_sym,0.0,0.0
op_drive,0.0,0.0
op_ext,0.0,0.0
op_path,0.0,0.0
op_msiinstalljdk,0.0,0.0
op_ndenominator,0.0,0.0
op_lpbmi,0.0,0.0
op_piconinfo,0.0,0.0
op_idobject,0.0,0.0
op_msineedreboot,0.0,0.0
op_msigetlogfilename,0.0,0.0
op_lpcbdata,0.0,0.0
op_lpnewfilename,0.0,0.0
op_hinstall,0.0,0.0
op_newfilename,0.0,0.0
op_pathname,0.0,0.0
op_token,0.0,0.0
op_cweight,0.0,0.0
op_uchar,0.0,0.0
op_dialogfunc,0.0,0.0
op_dwstyle,0.0,0.0
op_xdest,0.0,0.0
op_vkey,0.0,0.0
op_rcdst,0.0,0.0
op_pvarright,0.0,0.0
op_wscancode,0.0,0.0
op_pwszbuff,0.0,0.0
op_endptr,0.0,0.0
op_w,0.0,0.0
op_xsrc,0.0,0.0
op_dir,0.0,0.0
op_line,0.0,0.0
op_key,0.0,0.0
op_symbol,0.0,0.0
op_tempfilename,0.0,0.0
op_base,0.0,0.0
op_usercontext,0.0,0.0
op_namelen,0.0,0.0
op_len,0.0,0.0
op_s,0.0,0.0
op_szbuffer,0.0,0.0
op_utype,0.0,0.0
op_msiremovepackfiles,0.0,0.0
op_applicationname,0.0,0.0
op_lplocaltime,0.0,0.0
op_pst,0.0,0.0
op_sztime,0.0,0.0
op_commandline,0.0,0.0
op_ppmalloc,0.0,0.0
op_localtime,0.0,0.0
op_lppathname,0.0,0.0
op_datestr,0.0,0.0
op_umode,0.0,0.0
op_points,0.0,0.0
op_dwerror,0.0,0.0
op_address,0.0,0.0
op_szdistunit,0.0,0.0
op_pstm,0.0,0.0
op_pvreserved,0.0,0.0
op_cbsize,0.0,0.0
op_dwinitparam,0.0,0.0
op_lpstart,0.0,0.0
op_dwoption,0.0,0.0
op_phandles,0.0,0.0
op_buf,0.0,0.0
op_lpprocname,0.0,0.0
op_dwcmpflags,0.0,0.0
op_arglist,0.0,0.0
op_lpunknown,0.0,0.0
op_safearray,0.0,0.0
op_target,0.0,0.0
op_ends,0.0,0.0
op_ppsaout,0.0,0.0
op_dwmilliseconds,0.0,0.0
op_vt,0.0,0.0
op_rgsabound,0.0,0.0
op_dst,0.0,0.0
op_psaboundnew,0.0,0.0
op_lpmodulename,0.0,0.0
op_nedprealloc,0.0,0.0
op_dwmapflags,0.0,0.0
op_startaddress,0.0,0.0
op_fn,0.0,0.0
op_lparam,0.0,0.0
op_enumfunc,0.0,0.0
op_getserviceprovider,0.0,0.0
op_srcstr,0.0,0.0
op_hhandle,0.0,0.0
op_extrn,0.0,0.0
op_cchsrc,0.0,0.0
op_targetframe,0.0,0.0
op_lpaddend,0.0,0.0
op_deststr,0.0,0.0
op_arguments,0.0,0.0
op_lpchartype,0.0,0.0
op_dwinfotype,0.0,0.0
op_val,0.0,0.0
op_cpinfo,0.0,0.0
op_uexitcode,0.0,0.0
op_lpdeststr,0.0,0.0
op_cchdest,0.0,0.0
op_locale,0.0,0.0
op_exceptionrecord,0.0,0.0
op_lpsrcstr,0.0,0.0
op_neddisablethreadcache,0.0,0.0
op_nedsetvalue,0.0,0.0
op_nedmallinfo,0.0,0.0
op_nedpsetvalue,0.0,0.0
op_nedtrimthreadcache,0.0,0.0
op_nedpmallinfo,0.0,0.0
op_neddestroysyspool,0.0,0.0
op_rgsztypes,0.0,0.0
op_nedpmallopt,0.0,0.0
op_nedblksize,0.0,0.0
op_nedgetvalue,0.0,0.0
op_timerfunc,0.0,0.0
op_text,0.0,0.0
op_depatchinnedmallocdll,0.0,0.0
op_winpatcher,0.0,0.0
op_atom,0.0,0.0
op_lpmem,0.0,0.0
op_byte,0.0,0.0
op_ppu,0.0,0.0
op_lpcwstr,0.0,0.0
op_lpwstr,0.0,0.0
op_pbscb,0.0,0.0
op_pclassspec,0.0,0.0
op_pwzmimeproposed,0.0,0.0
op_patchinnedmallocdll,0.0,0.0
op_nedmalloc,0.0,0.0
op_uelapse,0.0,0.0
op_ptfunccompare,0.0,0.0
op_eegetmoduleinterop,0.0,0.0
op_psa,0.0,0.0
op_rgindices,0.0,0.0
op_pvarsrc,0.0,0.0
op_pvargsrc,0.0,0.0
op_nedpmemalign,0.0,0.0
op_codepage,0.0,0.0
op_systeminfo,0.0,0.0
op_lpszurlname,0.0,0.0
op_ppwszsecurl,0.0,0.0
op_pwszurl,0.0,0.0
op_ulong,0.0,0.0
op_lcid,0.0,0.0
op_nedmallopt,0.0,0.0
op_nedcalloc,0.0,0.0
op_nedfree,0.0,0.0
op_nedmemalign,0.0,0.0
op_neddestroypool,0.0,0.0
op_nedpmalloc,0.0,0.0
op_nedpcalloc,0.0,0.0
op_nedpfree,0.0,0.0
op_pcchpath,0.0,0.0
op_lpsystemtime,0.0,0.0
op_rguid,0.0,0.0
op_sz,0.0,0.0
op_szfullpath,0.0,0.0
op_dllregisterserver,0.0,0.0
op_dwspincount,0.0,0.0
op_startupinfo,0.0,0.0
op_mode,0.0,0.0
op_targetip,0.0,0.0
op_dwexceptioncode,0.0,0.0
op_delayed,0.0,0.0
op_nedpoollist,0.0,0.0
op_hbitmap,0.0,0.0
op_hrsrc,0.0,0.0
op_lpenvironment,0.0,0.0
op_pulen,0.0,0.0
op_wlanguage,0.0,0.0
op_exitcode,0.0,0.0
op_ndefault,0.0,0.0
op_dllunregisterserver,0.0,0.0
op_hdc,0.0,0.0
op_dllgetclassobject,0.0,0.0
op_dllcanunloadnow,0.0,0.0
op_csubkeys,0.0,0.0
op_attributes,0.0,0.0
op_rootpathname,0.0,0.0
op_lpfn,0.0,0.0
op_nbufferlength,0.0,0.0
op_hfindfile,0.0,0.0
op_localfiletime,0.0,0.0
op_lpthreadid,0.0,0.0
op_lpcaption,0.0,0.0
op_color,0.0,0.0
op_hmenu,0.0,0.0
op_rect,0.0,0.0
op_lprc,0.0,0.0
op_lpname,0.0,0.0
op_dwerrcode,0.0,0.0
op_ptlib,0.0,0.0
op_y,0.0,0.0
op_x,0.0,0.0
op_csidl,0.0,0.0
op_ppidl,0.0,0.0
op_szlang,0.0,0.0
op_uloptions,0.0,0.0
op_dwdisposition,0.0,0.0
op_pbstr,0.0,0.0
op_lptext,0.0,0.0
op_lpclassname,0.0,0.0
op_lprect,0.0,0.0
op_threadid,0.0,0.0
op_ucb,0.0,0.0
op_dwsharemode,0.0,0.0
op_lpwch,0.0,0.0
op_lpch,0.0,0.0
op_hlocal,0.0,0.0
op_lpparameter,0.0,0.0
op_dwthreadid,0.0,0.0
op_wparam,0.0,0.0
op_ncode,0.0,0.0
op_hhook,0.0,0.0
op_pblock,0.0,0.0
op_hprocess,0.0,0.0
op_lpbaseaddress,0.0,0.0
op_lpstartaddress,0.0,0.0
op_dwsize,0.0,0.0
op_lcdata,0.0,0.0
op_dwdesiredaccess,0.0,0.0
op_popf,0.0,0.0
op_file,0.0,0.0
op_cbneeded,0.0,0.0
op_phmodule,0.0,0.0
op_nedrealloc,0.0,0.0
op_nedcreatepool,0.0,0.0
op_dwprocessid,0.0,0.0
op_samdesired,0.0,0.0
op_hresdata,0.0,0.0
op_lpkeyname,0.0,0.0
op_dwcreationflags,0.0,0.0
op_hgdiobj,0.0,0.0
op_time,0.0,0.0
op_dstbuf,0.0,0.0
op_cy,0.0,0.0
op_h,0.0,0.0
op_hbit,0.0,0.0
op_newsize,0.0,0.0
op_first,0.0,0.0
op_useddefaultchar,0.0,0.0
op_lpdefaultchar,0.0,0.0
op_sahf,0.0,0.0
op_floldprotect,0.0,0.0
op_lpfloldprotect,0.0,0.0
op_dwlength,0.0,0.0
op_maxcount,0.0,0.0
op_classname,0.0,0.0
op_dwstacksize,0.0,0.0
op_lptlsvalue,0.0,0.0
op_dwexitcode,0.0,0.0
op_wait,0.0,0.0
op_toplevelexceptionfilter,0.0,0.0
op_nptinitialize,0.0,0.0
op_lpszobjectname,0.0,0.0
op_hdesk,0.0,0.0
op_szusername,0.0,0.0
op_szpassword,0.0,0.0
op_pcnzch,0.0,0.0
op_psubjectcontext,0.0,0.0
op_lpdwprocessid,0.0,0.0
op_objecthandle,0.0,0.0
op_hmod,0.0,0.0
op_idhook,0.0,0.0
op_pvin,0.0,0.0
op_resumehandle,0.0,0.0
op_ccontrolsap,0.0,0.0
op_ptinfo,0.0,0.0
op_getfontsub,0.0,0.0
op_enablehourglass,0.0,0.0
op_isobject,0.0,0.0
op_isempty,0.0,0.0
op_messagebeepp,0.0,0.0
op_langloadstring,0.0,0.0
op_gethandle,0.0,0.0
op_lpszstart,0.0,0.0
op_flnewprotect,0.0,0.0
op_isgraph,0.0,0.0
op_isprint,0.0,0.0
op_isalnum,0.0,0.0
op_ispunct,0.0,0.0
op_isspace,0.0,0.0
op_isxdigit,0.0,0.0
op_isdigit,0.0,0.0
op_mciid,0.0,0.0
op_getselecteditemstate,0.0,0.0
op_getports,0.0,0.0
op_getcputype,0.0,0.0
op_nptterminate,0.0,0.0
op_isntadmin,0.0,0.0
op_enumfoldersitems,0.0,0.0
op_showfolder,0.0,0.0
op_psirequested,0.0,0.0
op_fclose,0.0,0.0
op_setvbuf,0.0,0.0
op_fprintf,0.0,0.0
op_fflush,0.0,0.0
op_localeconv,0.0,0.0
op_hwndfrom,0.0,0.0
op_pszsound,0.0,0.0
op_crefcount,0.0,0.0
op_ispoweruser,0.0,0.0
op_hadid,0.0,0.0
op_cbinput,0.0,0.0
op_pwfxsrc,0.0,0.0
op_hmxobj,0.0,0.0
op_hic,0.0,0.0
op_pathgetspecialfolder,0.0,0.0
op_queryicon,0.0,0.0
op_deleteicon,0.0,0.0
op_deletefolder,0.0,0.0
op_createfolder,0.0,0.0
op_addicon,0.0,0.0
op_showeuladialog,0.0,0.0
op_writeboolproperty,0.0,0.0
op_pathcrackurl,0.0,0.0
op_writestringproperty,0.0,0.0
op_readarrayproperty,0.0,0.0
op_readboolproperty,0.0,0.0
op_readnumberproperty,0.0,0.0
op_pathisvalidsyntax,0.0,0.0
op_pathcompactpathpixel,0.0,0.0
op_pathgetregistryfolder,0.0,0.0
op_calldllfn,0.0,0.0
op_pathgetlongfromshort,0.0,0.0
op_pathgetfileext,0.0,0.0
op_writearrayproperty,0.0,0.0
op_usage,0.0,0.0
op_lpszformat,0.0,0.0
op_szformatname,0.0,0.0
op_tstrfilename,0.0,0.0
op_a,0.0,0.0
op_cwrapmap,0.0,0.0
op_isostypent,0.0,0.0
op_pvthis,0.0,0.0
op_pformat,0.0,0.0
op_ctypelibmanager,0.0,0.0
op_uuid,0.0,0.0
op_dwinstance,0.0,0.0
op_parameters,0.0,0.0
op_lpparameters,0.0,0.0
op_replaceicon,0.0,0.0
op_componentviewselectall,0.0,0.0
op_componentviewrefresh,0.0,0.0
op_componentviewsetinfoex,0.0,0.0
op_componentviewsetinfo,0.0,0.0
op_componentviewdestroy,0.0,0.0
op_componentviewcreatewindow,0.0,0.0
op_vergetfileversion,0.0,0.0
op_writenumberproperty,0.0,0.0
op_pash,0.0,0.0
op_lpszcurrent,0.0,0.0
op_xmlacatalogresolveuri,0.0,0.0
op_jumpurliebrowseprev,0.0,0.0
op_xmlacatalogresolvepublic,0.0,0.0
op_xmlacatalogresolvesystem,0.0,0.0
op_xmlcatalogsetdebug,0.0,0.0
op_xmlcatalogsetdefaultprefer,0.0,0.0
op_xmlcatalogsetdefaults,0.0,0.0
op_xmlcataloggetdefaults,0.0,0.0
op_xmlcatalogcleanup,0.0,0.0
op_robohelpexwatermark,0.0,0.0
op_xmlnewcatalog,0.0,0.0
op_wcscmp,0.0,0.0
op_xmlparsecatalogfile,0.0,0.0
op_xmlconvertsgmlcatalog,0.0,0.0
op_xmlfreecatalog,0.0,0.0
op_xmlbufferwritechar,0.0,0.0
op_jumpurliebrowsenext,0.0,0.0
op_crmask,0.0,0.0
op_isupper,0.0,0.0
op_isalpha,0.0,0.0
op_atoi,0.0,0.0
op_atol,0.0,0.0
op_strftime,0.0,0.0
op_xmlacatalogdump,0.0,0.0
op_xmlischar,0.0,0.0
op_xmlisblank,0.0,0.0
op_xmlcatalogresolveuri,0.0,0.0
op_xmlcharinrange,0.0,0.0
op_xmlloadcatalogs,0.0,0.0
op_xmlloadcatalog,0.0,0.0
op_xmlloadacatalog,0.0,0.0
op_xmlloadsgmlsupercatalog,0.0,0.0
op_xmlcataloggetpublic,0.0,0.0
op_xmlcataloggetsystem,0.0,0.0
op_xmlacatalogresolve,0.0,0.0
op_xmlacatalogadd,0.0,0.0
op_extprocessdrop,0.0,0.0
op_dwfileoffsetlow,0.0,0.0
op_pimldp,0.0,0.0
op_fncallback,0.0,0.0
op_cieparamsaredefaults,0.0,0.0
op_initdefaultcieparams,0.0,0.0
op_xmlcatalogisempty,0.0,0.0
op_xmlcatalogresolve,0.0,0.0
op_xmlcatalogresolvepublic,0.0,0.0
op_xmlcatalogresolvesystem,0.0,0.0
op_xmlinitializecatalog,0.0,0.0
op_xmlacatalogremove,0.0,0.0
op_extquerycontextmenu,0.0,0.0
op_installuilevel,0.0,0.0
op_cmcscoder,0.0,0.0
op_controller,0.0,0.0
op_cpluggabletransport,0.0,0.0
op_wcategory,0.0,0.0
op_phtoken,0.0,0.0
op_cbsid,0.0,0.0
op_pdwflags,0.0,0.0
op_iscntrl,0.0,0.0
op_pflags,0.0,0.0
op_henum,0.0,0.0
op_wcschr,0.0,0.0
op_accessmask,0.0,0.0
op_objecttype,0.0,0.0
op_pacl,0.0,0.0
op_domainname,0.0,0.0
op_islower,0.0,0.0
op_szcomponent,0.0,0.0
op_uunique,0.0,0.0
op_prefixstring,0.0,0.0
op_iswctype,0.0,0.0
op_tolower,0.0,0.0
op_towlower,0.0,0.0
op_wctomb,0.0,0.0
op_ccount,0.0,0.0
op_wcspbrk,0.0,0.0
op_pfileview,0.0,0.0
op_robohelpexehelp,0.0,0.0
op_robohelpexseealso,0.0,0.0
op_robohelpexshowseealso,0.0,0.0
op_robohelpexshownavpane,0.0,0.0
op_robohelpexabout,0.0,0.0
op_robohelpexinitialize,0.0,0.0
op_ldllhandler,0.0,0.0
op_extinvokecommand,0.0,0.0
op_brepaint,0.0,0.0
op_extgetcommandstring,0.0,0.0
op_wndproc,0.0,0.0
op_wfirst,0.0,0.0
op_gm,0.0,0.0
op_cheight,0.0,0.0
op_cjsize,0.0,0.0
op_pmarshalinfo,0.0,0.0
op_pnumfonts,0.0,0.0
op_numberfmta,0.0,0.0
op_colormap,0.0,0.0
op_lpmi,0.0,0.0
op_extsetdestfolder,0.0,0.0
op_extaddnames,0.0,0.0
op_createpluginstance,0.0,0.0
op_nested,0.0,0.0
op_onexitbegin,0.0,0.0
op_onexitend,0.0,0.0
op_success,0.0,0.0
op_factor,0.0,0.0
op_tab,0.0,0.0
op_except,0.0,0.0
op_pdtor,0.0,0.0
op_dwregister,0.0,0.0
op_poutputtypes,0.0,0.0
op_pinputtypes,0.0,0.0
op_pathgetfilename,0.0,0.0
op_ppmt,0.0,0.0
op_pmtdest,0.0,0.0
op_dmostrtoguidw,0.0,0.0
op_psx,0.0,0.0
op_pnh,0.0,0.0
op_pnew,0.0,0.0
op_imp,0.0,0.0
op_catindex,0.0,0.0
op_ptrfac,0.0,0.0
op_lconv,0.0,0.0
op_pimagebase,0.0,0.0
op_ppmtdest,0.0,0.0
op_vals,0.0,0.0
op_hdllhandle,0.0,0.0
op_kind,0.0,0.0
op_ptrloc,0.0,0.0
op_ptrimp,0.0,0.0
op_lobj,0.0,0.0
op_xexp,0.0,0.0
op_lexp,0.0,0.0
op_retcode,0.0,0.0
op_finally,0.0,0.0
op_displayadobehelpclientpage,0.0,0.0
op_ex,0.0,0.0
op_getadobehelpclientversion,0.0,0.0
op_driverinfodata,0.0,0.0
op_registered,0.0,0.0
op_initlocks,0.0,0.0
op_err,0.0,0.0
op_signature,0.0,0.0
op_dwmax,0.0,0.0
op_ident,0.0,0.0
op_systime,0.0,0.0
op_perfctr,0.0,0.0
op_ptarget,0.0,0.0
op_contextrecord,0.0,0.0
op_initializeadobehelpclient,0.0,0.0
op_cat,0.0,0.0
op_ploc,0.0,0.0
op_pten,0.0,0.0
op_wctab,0.0,0.0
op_px,0.0,0.0
op_perr,0.0,0.0
op_dwmessage,0.0,0.0
op_cyin,0.0,0.0
op_pcyout,0.0,0.0
op_pdblout,0.0,0.0
op_pboolout,0.0,0.0
op_prot,0.0,0.0
op_wep,0.0,0.0
op_pszprinter,0.0,0.0
op_dmostrtoguida,0.0,0.0
op_pdefault,0.0,0.0
op_pprinter,0.0,0.0
op_nojobs,0.0,0.0
op_pinputs,0.0,0.0
op_services,0.0,0.0
op_bscan,0.0,0.0
op_bvk,0.0,0.0
op_couttypes,0.0,0.0
op_pbuf,0.0,0.0
op_extqueryinterface,0.0,0.0
op_errx,0.0,0.0
op_dmul,0.0,0.0
op_maxsig,0.0,0.0
op_eseen,0.0,0.0
op_esign,0.0,0.0
op_seen,0.0,0.0
op_ssav,0.0,0.0
op_lo,0.0,0.0
op_wide,0.0,0.0
op_prec,0.0,0.0
op_dwreason,0.0,0.0
op_iostr,0.0,0.0
op_ps,0.0,0.0
op_eoff,0.0,0.0
op_locname,0.0,0.0
op_xmask,0.0,0.0
op_algorithm,0.0,0.0
op_processor,0.0,0.0
op_input,0.0,0.0
op_extern,0.0,0.0
op_dcb,0.0,0.0
op_stat,0.0,0.0
op_ppropvar,0.0,0.0
op_pprintername,0.0,0.0
op_pex,0.0,0.0
op_pwfxdst,0.0,0.0
op_lpbiin,0.0,0.0
op_fcchandler,0.0,0.0
op_mutexattributes,0.0,0.0
op_picinfo,0.0,0.0
op_icinfo,0.0,0.0
op_paftd,0.0,0.0
op_pafd,0.0,0.0
op_pdwoutputbytes,0.0,0.0
op_dwframesize,0.0,0.0
op_dwcallback,0.0,0.0
op_osleepexn,0.0,0.0
op_postuserthread,0.0,0.0
op_waitforuserthreadpost,0.0,0.0
op_ocreatethreadwithaffinity,0.0,0.0
op_userthreadquantumexpiredcheck,0.0,0.0
op_setosthreadaffinitymask,0.0,0.0
op_processorfeatures,0.0,0.0
op_lpstream,0.0,0.0
op_pcontrol,0.0,0.0
op_lpdisplayname,0.0,0.0
op_psecdesc,0.0,0.0
op_psacl,0.0,0.0
op_dwownersize,0.0,0.0
op_bdacldefaulted,0.0,0.0
op_pathgetfile,0.0,0.0
op_pathgetdir,0.0,0.0
op_pathgetpath,0.0,0.0
op_pathgetdrive,0.0,0.0
op_fdwid,0.0,0.0
op_pfnwrite,0.0,0.0
op_pfnread,0.0,0.0
op_pfnopen,0.0,0.0
op_pfnfree,0.0,0.0
op_pfnalloc,0.0,0.0
op_szagent,0.0,0.0
op_fdwopen,0.0,0.0
op_fcctype,0.0,0.0
op_csyncobject,0.0,0.0
op_getaudiopluginmgr,0.0,0.0
op_rmashutdown,0.0,0.0
op_rmacreateinstance,0.0,0.0
op_setdllaccesspath,0.0,0.0
op_dwpriorityclass,0.0,0.0
op_frequency,0.0,0.0
op_fdwsupport,0.0,0.0
op_phwi,0.0,0.0
op_ckid,0.0,0.0
op_lpicinfo,0.0,0.0
op_pfdici,0.0,0.0
op_pwc,0.0,0.0
op_inituserthreadscheduler,0.0,0.0
op_hfdi,0.0,0.0
op_hf,0.0,0.0
op_nfit,0.0,0.0
op_pvt,0.0,0.0
op_lpszcookiedata,0.0,0.0
op_szcookiedata,0.0,0.0
op_cboutbuffer,0.0,0.0
op_postmultipleuserthreads,0.0,0.0
op_how,0.0,0.0
op_dwsaclsize,0.0,0.0
op_level,0.0,0.0
op_ismember,0.0,0.0
op_srsdestroytechinstance,0.0,0.0
op_srscreatetechinstance,0.0,0.0
op_tryentercriticalsection,0.0,0.0
op_removethreat,0.0,0.0
op_inituserthreadschedulerex,0.0,0.0
op_enablethreadtrace,0.0,0.0
op_identifyuserthread,0.0,0.0
op_userthreadexecroutine,0.0,0.0
op_migrateuserthread,0.0,0.0
op_unidentifyuserthread,0.0,0.0
op_optname,0.0,0.0
op_dwdaclsize,0.0,0.0
op_pprimarygroup,0.0,0.0
op_pfnclose,0.0,0.0
op_paclinformation,0.0,0.0
op_bgroupdefaulted,0.0,0.0
op_pvobject,0.0,0.0
op_info,0.0,0.0
op_bdaclpresent,0.0,0.0
op_pgroup,0.0,0.0
op_bownerdefaulted,0.0,0.0
op_perf,0.0,0.0
op_defused,0.0,0.0
op_powner,0.0,0.0
op_dwrevision,0.0,0.0
op_seektype,0.0,0.0
op_dist,0.0,0.0
op_cputype,0.0,0.0
op_pfnseek,0.0,0.0
op_lpvoutbuffer,0.0,0.0
op_neg,0.0,0.0
op_dig,0.0,0.0
op_se,0.0,0.0
op_z,0.0,0.0
op_bbuffer,0.0,0.0
op_pdacl,0.0,0.0
op_processgrouppolicyforzonemap,0.0,0.0
op_brandieactivesetup,0.0,0.0
op_brandinternetexplorer,0.0,0.0
op_drawrectangle,0.0,0.0
op_egifputline,0.0,0.0
op_egifputpixel,0.0,0.0
op_egifputcomment,0.0,0.0
op_egifputextensionfirst,0.0,0.0
op_egifputextensionnext,0.0,0.0
op_egifputextensionlast,0.0,0.0
op_egifputextension,0.0,0.0
op_xmliscombining,0.0,0.0
op_egifputcodenext,0.0,0.0
op_egifclosefile,0.0,0.0
op_giflasterror,0.0,0.0
op_printgiferror,0.0,0.0
op_drawboxedtext,0.0,0.0
op_drawtext,0.0,0.0
op_drawbox,0.0,0.0
op_hszservice,0.0,0.0
op_unioncolormap,0.0,0.0
op_makesavedimage,0.0,0.0
op_makemapobject,0.0,0.0
op_makeextension,0.0,0.0
op_pwpa,0.0,0.0
op_pwkya,0.0,0.0
op_lpnewdirectory,0.0,0.0
op_alpha,0.0,0.0
op_dgifgetcode,0.0,0.0
op_dwmsg,0.0,0.0
op_pmh,0.0,0.0
op_dgifslurp,0.0,0.0
op_dgifopenfilename,0.0,0.0
op_dgifopenfilehandle,0.0,0.0
op_dgifopen,0.0,0.0
op_noprefix,0.0,0.0
op_egifsetgifversion,0.0,0.0
op_dgifclosefile,0.0,0.0
op_dgifgetlzcodes,0.0,0.0
op_dgifgetrecordtype,0.0,0.0
op_dgifgetline,0.0,0.0
op_dgifgetpixel,0.0,0.0
op_dgifgetextension,0.0,0.0
op_dgifgetextensionnext,0.0,0.0
op_egifputcode,0.0,0.0
op_uvirtkey,0.0,0.0
op_ppfd,0.0,0.0
op_lplong,0.0,0.0
op_dgifgetscreendesc,0.0,0.0
op_puiid,0.0,0.0
op_getsqldriveroracle,0.0,0.0
op_cwchbuf,0.0,0.0
op_testchar,0.0,0.0
op_uscancode,0.0,0.0
op_pcwritten,0.0,0.0
op_hchange,0.0,0.0
op_vbits,0.0,0.0
op_height,0.0,0.0
op_himc,0.0,0.0
op_jgatsetoption,0.0,0.0
op_freesavedimages,0.0,0.0
op_resource,0.0,0.0
op_ulonglong,0.0,0.0
op_pdword,0.0,0.0
op_puchar,0.0,0.0
op_lpszservername,0.0,0.0
op_bsaclpresent,0.0,0.0
op_phcontext,0.0,0.0
op_pszdst,0.0,0.0
op_nchar,0.0,0.0
op_wmatch,0.0,0.0
op_pinit,0.0,0.0
op_pwszsrc,0.0,0.0
op_algid,0.0,0.0
op_bitsize,0.0,0.0
op_freemapobject,0.0,0.0
op_applytranslation,0.0,0.0
op_agentexists,0.0,0.0
op_freesize,0.0,0.0
op_allocationsize,0.0,0.0
op_pvsavetopara,0.0,0.0
op_rawdata,0.0,0.0
op_pvpara,0.0,0.0
op_sslemptycachea,0.0,0.0
op_sslemptycachew,0.0,0.0
op_ppowerpolicy,0.0,0.0
op_pidinst,0.0,0.0
op_idinst,0.0,0.0
op_deletefiles,0.0,0.0
op_setstatus,0.0,0.0
op_getstatus,0.0,0.0
op_getlogdirectory,0.0,0.0
op_getagentpath,0.0,0.0
op_hemf,0.0,0.0
op_runtbupdate,0.0,0.0
op_pfresult,0.0,0.0
op_lpaccountname,0.0,0.0
op_lpfrequency,0.0,0.0
op_candidate,0.0,0.0
op_ppdacl,0.0,0.0
op_pobjectname,0.0,0.0
op_esflags,0.0,0.0
op_dllcreateinstance,0.0,0.0
op_dblin,0.0,0.0
op_ppmarshal,0.0,0.0
op_deflateend,0.0,0.0
op_gzungetc,0.0,0.0
op_gzgetc,0.0,0.0
b_3,0.0,0.0
op_gzclearerr,0.0,0.0
op_ppunkmarshal,0.0,0.0
op_gzeof,0.0,0.0
op_gzoffset,0.0,0.0
op_deflatesetdictionary,0.0,0.0
op_gzseek,0.0,0.0
op_gzrewind,0.0,0.0
op_gzbuffer,0.0,0.0
op_gzdopen,0.0,0.0
op_gzopen,0.0,0.0
op_gzclose,0.0,0.0
op_deflatecopy,0.0,0.0
op_commtimeouts,0.0,0.0
op_gzerror,0.0,0.0
op_rgbdiaginfo,0.0,0.0
op_pcrow,0.0,0.0
op_hdbc,0.0,0.0
op_pfdesc,0.0,0.0
op_columncount,0.0,0.0
op_hstmt,0.0,0.0
op_rgbinfovalue,0.0,0.0
op_inflateback,0.0,0.0
op_zlibcompileflags,0.0,0.0
op_zlibversion,0.0,0.0
op_uncompress,0.0,0.0
op_propvariant,0.0,0.0
op_inflateundermine,0.0,0.0
op_inflatecopy,0.0,0.0
op_inflatesyncpoint,0.0,0.0
op_gzgets,0.0,0.0
op_inflategetheader,0.0,0.0
op_inflatesetdictionary,0.0,0.0
op_inflateend,0.0,0.0
op_inflate,0.0,0.0
op_inflateprime,0.0,0.0
op_inflatereset,0.0,0.0
op_inflatebackend,0.0,0.0
op_gztell,0.0,0.0
op_inflatemark,0.0,0.0
op_downlevelgetparentlocalename,0.0,0.0
op_downlevelgetparentlocalelcid,0.0,0.0
op_downlevellcidtolocalename,0.0,0.0
op_paccel,0.0,0.0
op_fontdesc,0.0,0.0
op_mshlflags,0.0,0.0
op_lpdirectory,0.0,0.0
op_threadparameter,0.0,0.0
op_cstring,0.0,0.0
op_hrequest,0.0,0.0
op_szheaders,0.0,0.0
op_deflateparams,0.0,0.0
op_hconnect,0.0,0.0
op_rcupdate,0.0,0.0
op_addextensionblock,0.0,0.0
op_freeextension,0.0,0.0
op_gifqprintf,0.0,0.0
op_quantizebuffer,0.0,0.0
op_lpdatestr,0.0,0.0
op_cchdate,0.0,0.0
op_hsztopic,0.0,0.0
op_dgifgetimagedesc,0.0,0.0
op_dwdestcontext,0.0,0.0
op_pvdestcontext,0.0,0.0
op_lpszagent,0.0,0.0
op_deflate,0.0,0.0
op_deflatebound,0.0,0.0
op_deflatetune,0.0,0.0
op_deflateprime,0.0,0.0
op_deflatesetheader,0.0,0.0
op_deflatereset,0.0,0.0
op_unknown,0.0,0.0
op_dgifgetcodenext,0.0,0.0
op_egifspew,0.0,0.0
op_egifputscreendesc,0.0,0.0
op_egifputimagedesc,0.0,0.0
op_downlevellocalenametolcid,0.0,0.0
op_egifopenfilehandle,0.0,0.0
op_egifopen,0.0,0.0
op_nexitcode,0.0,0.0
op_errors,0.0,0.0
op_ah,0.0,0.0
op_lpindata,0.0,0.0
op_ppvresult,0.0,0.0
op_releasemmapi,0.0,0.0
op_getmmapi,0.0,0.0
op_getmmapiversion,0.0,0.0
op_stringuuid,0.0,0.0
op_pmxcaps,0.0,0.0
op_egifopenfilename,0.0,0.0
op_xmlinitializeglobalstate,0.0,0.0
op_xmlcleanupglobals,0.0,0.0
op_xmlinitglobals,0.0,0.0
op_xmlcopyerror,0.0,0.0
op_xmlcopyentitiestable,0.0,0.0
op_xmlctxtgetlasterror,0.0,0.0
op_xmlresetlasterror,0.0,0.0
op_xmlreseterror,0.0,0.0
op_xmlgetlasterror,0.0,0.0
op_xmlparservaliditywarning,0.0,0.0
op_xmlparservalidityerror,0.0,0.0
op_translated,0.0,0.0
op_xmladddocentity,0.0,0.0
op_xmlparserprintfilecontext,0.0,0.0
op_xmlparserprintfileinfo,0.0,0.0
op_xmlsetstructurederrorfunc,0.0,0.0
op_xmlsetgenericerrorfunc,0.0,0.0
op_initgenericerrordefaultfunc,0.0,0.0
op_xmldumpentitiestable,0.0,0.0
op_xmldumpentitydecl,0.0,0.0
op_xmlcharencclosefunc,0.0,0.0
op_xmlcataloglocalresolve,0.0,0.0
op_xmlcatalogaddlocal,0.0,0.0
op_xmlparserwarning,0.0,0.0
op_cbbufsize,0.0,0.0
op_lpprovider,0.0,0.0
op_hhash,0.0,0.0
op_table,0.0,0.0
op_acl,0.0,0.0
op_ppmftype,0.0,0.0
op_securityinfo,0.0,0.0
op_heventlog,0.0,0.0
op_stringbinding,0.0,0.0
op_handleid,0.0,0.0
op_genericmapping,0.0,0.0
op_xmlthrdefsetgenericerrorfunc,0.0,0.0
op_binding,0.0,0.0
op_xmlctxtresetlasterror,0.0,0.0
op_docbsaxparsedoc,0.0,0.0
op_docbcreatepushparserctxt,0.0,0.0
op_docbparsechunk,0.0,0.0
op_docbfreeparserctxt,0.0,0.0
op_docbparsedocument,0.0,0.0
op_docbencodeentities,0.0,0.0
op_xmldictcreatesub,0.0,0.0
op_xmlparsererror,0.0,0.0
op_getfstfstatus,0.0,0.0
op_xmlthrdefsetstructurederrorfunc,0.0,0.0
op_ptrustee,0.0,0.0
op_docbparsefile,0.0,0.0
op_docbsaxparsefile,0.0,0.0
op_docbcreatefileparserctxt,0.0,0.0
op_xmldictcleanup,0.0,0.0
op_jumpurliestop,0.0,0.0
op_jumpurlieforward,0.0,0.0
op_jumpurlieprint,0.0,0.0
op_jumpurlieback,0.0,0.0
op_jumpurlierefresh,0.0,0.0
op_jumphtml,0.0,0.0
op_robohelpexwatermarknonscroll,0.0,0.0
op_xmlcatalogfreelocal,0.0,0.0
op_xmldictowns,0.0,0.0
op_xmldictqlookup,0.0,0.0
op_xmldictexists,0.0,0.0
op_xmldictlookup,0.0,0.0
op_xmldictfree,0.0,0.0
op_xmldictreference,0.0,0.0
op_xmldictcreate,0.0,0.0
op_xmlcataloglocalresolveuri,0.0,0.0
op_xmlispubidchar,0.0,0.0
op_xmlisideographic,0.0,0.0
op_xmlisextender,0.0,0.0
op_xmlisdigit,0.0,0.0
op_xmlisbasechar,0.0,0.0
op_xmlcatalogconvert,0.0,0.0
op_xmlcatalogremove,0.0,0.0
op_xmlcatalogadd,0.0,0.0
op_xmlcatalogdump,0.0,0.0
op_xmldelencodingalias,0.0,0.0
op_xmladddtdentity,0.0,0.0
op_xmlgetpredefinedentity,0.0,0.0
op_xmlgetcharencodinghandler,0.0,0.0
op_xmlfindcharencodinghandler,0.0,0.0
op_xmlinitcharencodinghandlers,0.0,0.0
op_xmlnewcharencodinghandler,0.0,0.0
op_xmldetectcharencoding,0.0,0.0
op_docbparsedoc,0.0,0.0
op_xmlcharencoutfunc,0.0,0.0
op_xmlcharencinfunc,0.0,0.0
op_xmlcharencfirstline,0.0,0.0
op_xmlregistercharencodinghandler,0.0,0.0
op_xmlcleanupcharencodinghandlers,0.0,0.0
op_xmlgetcharencodingname,0.0,0.0
op_xmlparsecharencoding,0.0,0.0
op_xmldictsize,0.0,0.0
op_xmladdencodingalias,0.0,0.0
op_xmlgetencodingalias,0.0,0.0
op_xmlcleanupencodingaliases,0.0,0.0
op_xmlbyteconsumed,0.0,0.0
op_pcbelement,0.0,0.0
op_supportschannelbinding,0.0,0.0
op_collectsslperformancedata,0.0,0.0
op_closesslperformancedata,0.0,0.0
op_protocolstatus,0.0,0.0
op_opensslperformancedata,0.0,0.0
op_pbcertencoded,0.0,0.0
op_sslcrackcertificate,0.0,0.0
op_pvstructinfo,0.0,0.0
op_sslloadcertificate,0.0,0.0
op_sslgetmaximumkeysize,0.0,0.0
op_pdwreserved,0.0,0.0
op_sslgeneraterandombits,0.0,0.0
op_splsamodeinitialize,0.0,0.0
op_pcbencoded,0.0,0.0
op_dwdatasize,0.0,0.0
op_bsacldefaulted,0.0,0.0
op_csz,0.0,0.0
op_ppvcontext,0.0,0.0
op_pbsignature,0.0,0.0
op_cbencoded,0.0,0.0
op_pbencoded,0.0,0.0
op_lprawdata,0.0,0.0
op_pcbstructinfo,0.0,0.0
op_sslgeneratekeypair,0.0,0.0
op_jgatprocess,0.0,0.0
op_wnumstrings,0.0,0.0
op_jgatend,0.0,0.0
op_jgatbegin,0.0,0.0
op_jgatdestroy,0.0,0.0
op_jgatdup,0.0,0.0
op_jgatcreate,0.0,0.0
op_pname,0.0,0.0
op_lsahandle,0.0,0.0
op_spusermodeinitialize,0.0,0.0
op_pinput,0.0,0.0
op_objecttypelist,0.0,0.0
op_psecurityfunctiontablew,0.0,0.0
op_psecurityfunctiontablea,0.0,0.0
op_lpstrings,0.0,0.0
op_sdescription,0.0,0.0
op_final,0.0,0.0
op_sslfreecertificate,0.0,0.0
op_accessgranted,0.0,0.0
op_privileges,0.0,0.0
op_objectname,0.0,0.0
op_objecttypename,0.0,0.0
op_lpproperty,0.0,0.0
op_pszprovname,0.0,0.0
op_packagename,0.0,0.0
op_ppaccesslist,0.0,0.0
op_accessmode,0.0,0.0
op_audittype,0.0,0.0
op_dwparam,0.0,0.0
op_aceflags,0.0,0.0
op_dwacerevision,0.0,0.0
op_generateonclose,0.0,0.0
op_xmlfreeentitiestable,0.0,0.0
op_xmlcreateentitiestable,0.0,0.0
op_xmlencodespecialchars,0.0,0.0
op_xmlencodeentitiesreentrant,0.0,0.0
op_pblend,0.0,0.0
op_xmlgetdtdentity,0.0,0.0
op_xmlgetparameterentity,0.0,0.0
op_grantedaccess,0.0,0.0
op_dwprovtype,0.0,0.0
op_mbstring,0.0,0.0
op_accessstatus,0.0,0.0
op_ccontext,0.0,0.0
op_networkaddr,0.0,0.0
op_ntname,0.0,0.0
op_objectcreation,0.0,0.0
op_policyhandle,0.0,0.0
op_restartkey,0.0,0.0
op_xmlgetdocentity,0.0,0.0
op_testcode,0.0,0.0
op_myphotoencodeex,0.0,0.0
op_punksurface,0.0,0.0
op_ppmfattributes,0.0,0.0
op_cinputtypes,0.0,0.0
op_coutputtypes,0.0,0.0
op_ppevent,0.0,0.0
op_lppowner,0.0,0.0
op_dwlowbyteseeked,0.0,0.0
op_hupdate,0.0,0.0
op_pszdir,0.0,0.0
op_ppauditlist,0.0,0.0
op_pptdst,0.0,0.0
op_psize,0.0,0.0
op_pptsrc,0.0,0.0
op_dwservicetype,0.0,0.0
op_hmf,0.0,0.0
op_poverlapped,0.0,0.0
op_lpgroup,0.0,0.0
op_lpowner,0.0,0.0
op_pauditlist,0.0,0.0
op_paccesslist,0.0,0.0
op_lppgroup,0.0,0.0
op_nah,0.0,0.0
op_achpath,0.0,0.0
op_ppvobject,0.0,0.0
op_ulcookie,0.0,0.0
op_that,0.0,0.0
op_umsg,0.0,0.0
op_lprcupdate,0.0,0.0
op_bshow,0.0,0.0
op_pcheaten,0.0,0.0
op_hcryptkey,0.0,0.0
op_hcryptprov,0.0,0.0
op_destination,0.0,0.0
op_pdwdatalen,0.0,0.0
op_widechar,0.0,0.0
op_phhash,0.0,0.0
op_targetpath,0.0,0.0
op_devicename,0.0,0.0
op_subblock,0.0,0.0
op_noutbuffersize,0.0,0.0
op_lpinbuffer,0.0,0.0
op_dwiocontrolcode,0.0,0.0
op_szdst,0.0,0.0
op_msijavaws,0.0,0.0
op_msideploy,0.0,0.0
op_msicharsets,0.0,0.0
op_pauthzsvc,0.0,0.0
op_hsalloc,0.0,0.0
op_nsgetmodule,0.0,0.0
op_lpszpathname,0.0,0.0
op_tlsvalue,0.0,0.0
op_pvertex,0.0,0.0
op_binitialstate,0.0,0.0
op_eventattributes,0.0,0.0
op_pulstatus,0.0,0.0
op_changeecomode,0.0,0.0
op_getecomode,0.0,0.0
op_setsetting,0.0,0.0
op_pbresult,0.0,0.0
op_radix,0.0,0.0
op_lpszprofilename,0.0,0.0
op_mapilogonex,0.0,0.0
op_lpmapiinit,0.0,0.0
op_mapiinitialize,0.0,0.0
op_eudoraexport,0.0,0.0
op_lpcb,0.0,0.0
op_scode,0.0,0.0
op_pbdata,0.0,0.0
op_pmesh,0.0,0.0
op_lpcookie,0.0,0.0
op_ppzm,0.0,0.0
op_getsetting,0.0,0.0
op_lppsession,0.0,0.0
op_ulflags,0.0,0.0
op_wndclassexa,0.0,0.0
op_nlength,0.0,0.0
op_remotename,0.0,0.0
op_peuse,0.0,0.0
op_dwcontrol,0.0,0.0
op_phnewtoken,0.0,0.0
op_pe,0.0,0.0
op_lpbyte,0.0,0.0
op_pszsrc,0.0,0.0
op_msirt,0.0,0.0
op_lppbuffer,0.0,0.0
op_lpproparray,0.0,0.0
op_uluiparam,0.0,0.0
op_lprows,0.0,0.0
op_cwinapp,0.0,0.0
op_choosefonta,0.0,0.0
op_msijaws,0.0,0.0
op_existingfilename,0.0,0.0
op_insb,0.0,0.0
op_request,0.0,0.0
op_sa,0.0,0.0
op_sb,0.0,0.0
op_lpobject,0.0,0.0
op_msireplaceiedlls,0.0,0.0
op_msiduplicateunzippedfiles,0.0,0.0
op_msiunzipcore,0.0,0.0
op_initpluginshim,0.0,0.0
op_pwauthnsvc,0.0,0.0
op_outsb,0.0,0.0
op_ucmdshow,0.0,0.0
op_cpt,0.0,0.0
op_cmpsb,0.0,0.0
op_mem,0.0,0.0
op_szsrc,0.0,0.0
op_mapiallocatebuffer,0.0,0.0
op_cxpathkeywordtable,0.0,0.0
op_cxmlunicode,0.0,0.0
op_cxmlencode,0.0,0.0
op_cpathcheck,0.0,0.0
op_dwlanguageid,0.0,0.0
op_pszurl,0.0,0.0
op_lpvalue,0.0,0.0
op_lpvdst,0.0,0.0
op_dispatchbrowserevent,0.0,0.0
op_lpmapisession,0.0,0.0
op_lpadrlist,0.0,0.0
op_mapiallocatemore,0.0,0.0
op_lpszpassword,0.0,0.0
op_pmxl,0.0,0.0
op_pmxlc,0.0,0.0
op_pmxcd,0.0,0.0
op_phmx,0.0,0.0
op_startui,0.0,0.0
op_encodeqcelpenc,0.0,0.0
op_alphablend,0.0,0.0
op_closeqcelpenc,0.0,0.0
op_openqcelpenc,0.0,0.0
op_runproject,0.0,0.0
op_makethumbnail,0.0,0.0
op_hssetterm,0.0,0.0
op_getframenumberbyframetime,0.0,0.0
op_getframetimebyframenumber,0.0,0.0
op_biblocksmithunlockimpl,0.0,0.0
op_setpcmwaveformatex,0.0,0.0
op_makepcmwavefileheader,0.0,0.0
op_ulmode,0.0,0.0
op_nmesh,0.0,0.0
op_nvertex,0.0,0.0
op_crtransparent,0.0,0.0
op_vsetddrawflag,0.0,0.0
op_cwnd,0.0,0.0
op_makethumbnailw,0.0,0.0
op_hcertstore,0.0,0.0
op_pvfindpara,0.0,0.0
op_eappeergetinfo,0.0,0.0
op_eappeerfreememory,0.0,0.0
op_eappeerqueryinteractiveuiinputfields,0.0,0.0
op_ppvreserved,0.0,0.0
op_dwversion,0.0,0.0
op_pumxid,0.0,0.0
op_eappeerqueryuserblobfromcredentialinputfields,0.0,0.0
op_pbeapconndata,0.0,0.0
op_eappeerquerycredentialinputfields,0.0,0.0
op_umxid,0.0,0.0
op_eappeerinvokeinteractiveui,0.0,0.0
op_pcchreaders,0.0,0.0
op_phuserkey,0.0,0.0
op_getheadqcelpenc,0.0,0.0
op_sizepointer,0.0,0.0
op_exceptionparam,0.0,0.0
op_pservicename,0.0,0.0
op_phints,0.0,0.0
op_enummodulescallback,0.0,0.0
op_enumsymbolscallback,0.0,0.0
op_te,0.0,0.0
op_setbitmapinfoheader,0.0,0.0
op_eappeerinvokeidentityui,0.0,0.0
op_rnclosebrowserrecordext,0.0,0.0
op_rninitbrowserrecordext,0.0,0.0
op_symbolsize,0.0,0.0
op_psyminfo,0.0,0.0
op_basename,0.0,0.0
op_hsgetinfo,0.0,0.0
op_utimerid,0.0,0.0
op_timecallback,0.0,0.0
op_hdrvr,0.0,0.0
op_dwuser,0.0,0.0
op_hdriver,0.0,0.0
op_terminate,0.0,0.0
op_lptargethandle,0.0,0.0
op_hdevinfo,0.0,0.0
op_dwbuffercount,0.0,0.0
op_buffers,0.0,0.0
op_lpcursorname,0.0,0.0
op_lpiconname,0.0,0.0
op_lpbitmapname,0.0,0.0
op_pncreateinstance,0.0,0.0
op_hsfree,0.0,0.0
op_issupport,0.0,0.0
op_hsgetcount,0.0,0.0
op_hsdialog,0.0,0.0
op_pimplevel,0.0,0.0
op_init,0.0,0.0
op_oldfilename,0.0,0.0
op_bibutilsterminate,0.0,0.0
op_bibutilsinitialize,0.0,0.0
op_bibutilsgetversion,0.0,0.0
op_pszstring,0.0,0.0
op_pdm,0.0,0.0
op_biblocksmithlockimpl,0.0,0.0
op_bibterminate,0.0,0.0
op_bibinitialize,0.0,0.0
op_bibgetversion,0.0,0.0
op_rndispatchbrowserevent,0.0,0.0
op_fltcomment,0.0,0.0
op_fltdeletepage,0.0,0.0
op_ppsmemcounters,0.0,0.0
op_cgdiobject,0.0,0.0
op_pudateout,0.0,0.0
op_vtime,0.0,0.0
op_ppageclsid,0.0,0.0
op_cpages,0.0,0.0
op_lpszcaption,0.0,0.0
op_ppunk,0.0,0.0
op_totalbytesavail,0.0,0.0
op_cbname,0.0,0.0
op_bibgetgetprocaddress,0.0,0.0
op_default,0.0,0.0
op_outdata,0.0,0.0
op_indata,0.0,0.0
op_pwszdevice,0.0,0.0
op_wflags,0.0,0.0
op_tolen,0.0,0.0
op_fltsave,0.0,0.0
op_fltload,0.0,0.0
op_fltenumdimensions,0.0,0.0
op_fltgetdimension,0.0,0.0
op_fltgetres,0.0,0.0
op_lpsource,0.0,0.0
op_limit,0.0,0.0
op_ntaborigin,0.0,0.0
op_ntabpositions,0.0,0.0
op_chcount,0.0,0.0
op_hbr,0.0,0.0
op_ybottom,0.0,0.0
op_xright,0.0,0.0
op_apt,0.0,0.0
op_regpendingfilerenameoperation,0.0,0.0
op_penumvariant,0.0,0.0
op_pvar,0.0,0.0
op_fltinfo,0.0,0.0
op_tkbezierscreenpoints,0.0,0.0
op_tklinetopoint,0.0,0.0
op_tklinetoarea,0.0,0.0
op_tkpolygontopoint,0.0,0.0
op_tkovaltopoint,0.0,0.0
op_ucode,0.0,0.0
op_netshort,0.0,0.0
op_hostlong,0.0,0.0
op_phglobal,0.0,0.0
op_ppvobj,0.0,0.0
op_iidinterface,0.0,0.0
op_clines,0.0,0.0
op_pch,0.0,0.0
op_createinterface,0.0,0.0
op_tkfindstatenumobj,0.0,0.0
op_tkcreatemainwindow,0.0,0.0
op_tkdoconfigurenotify,0.0,0.0
op_tkgetdisplay,0.0,0.0
op_tkgetdisplaylist,0.0,0.0
op_tkgetmaininfolist,0.0,0.0
op_tkallocwindow,0.0,0.0
op_dllmain,0.0,0.0
op_hrgndst,0.0,0.0
op_hwndnewowner,0.0,0.0
op_pcbbuffer,0.0,0.0
op_adddriverdlg,0.0,0.0
op_reopenbuf,0.0,0.0
op_copyfiledlg,0.0,0.0
op_iusage,0.0,0.0
op_pbcancel,0.0,0.0
op_cgloballock,0.0,0.0
op_lpbytesreturned,0.0,0.0
op_wmsgfiltermax,0.0,0.0
op_wmsgfiltermin,0.0,0.0
op_pszfilename,0.0,0.0
op_lpoutbuffer,0.0,0.0
op_bottom,0.0,0.0
op_completionkey,0.0,0.0
op_overlapped,0.0,0.0
op_handlerproc,0.0,0.0
op_pszcmdline,0.0,0.0
op_binstall,0.0,0.0
op_dllinstall,0.0,0.0
op_cmapptrtoptr,0.0,0.0
op_szfilename,0.0,0.0
op_lpbits,0.0,0.0
op_srcheight,0.0,0.0
op_srcwidth,0.0,0.0
op_pvout,0.0,0.0
op_lpoutputfunc,0.0,0.0
op_right,0.0,0.0
op_cstyle,0.0,0.0
op_cwidth,0.0,0.0
op_pstyle,0.0,0.0
op_netlong,0.0,0.0
op_pvbits,0.0,0.0
op_packeddib,0.0,0.0
op_agmterminate,0.0,0.0
op_agminitialize,0.0,0.0
op_agmgetversion,0.0,0.0
op_plbrush,0.0,0.0
op_advanceddlg,0.0,0.0
op_cacheentryinfo,0.0,0.0
op_fuload,0.0,0.0
op_pmore,0.0,0.0
op_ptszclassname,0.0,0.0
op_pszout,0.0,0.0
op_ppidllast,0.0,0.0
op_addr,0.0,0.0
op_backlog,0.0,0.0
op_bss,0.0,0.0
op_installdlg,0.0,0.0
op_ddedlg,0.0,0.0
op_commdlghook,0.0,0.0
op_regpendingfileoperation,0.0,0.0
op_localname,0.0,0.0
op_pdecout,0.0,0.0
op_pdateout,0.0,0.0
op_fltin,0.0,0.0
op_datein,0.0,0.0
op_cdsltextequivalencepassword,0.0,0.0
op_cdslcontrol,0.0,0.0
op_cextbuffer,0.0,0.0
op_hsz,0.0,0.0
op_tagdbprop,0.0,0.0
op_cdslpropertyset,0.0,0.0
op_tkpolygontoarea,0.0,0.0
op_pszdest,0.0,0.0
op_publ,0.0,0.0
op_iattribute,0.0,0.0
op_lpdialogfunc,0.0,0.0
op_tkqueueeventforallchildren,0.0,0.0
op_tkincludepoint,0.0,0.0
op_tkbezierpoints,0.0,0.0
op_tkgetmiterpoints,0.0,0.0
op_tkgetbuttpoints,0.0,0.0
op_tkdrawinsetfocushighlight,0.0,0.0
op_tkcomputeanchor,0.0,0.0
op_tkfindstatestring,0.0,0.0
op_cdslproperty,0.0,0.0
op_ppd,0.0,0.0
op_killiexplore,0.0,0.0
op_pcchlength,0.0,0.0
op_hheap,0.0,0.0
op_postkernelcomp,0.0,0.0
op_postkerneldlcomp,0.0,0.0
op_postjfxping,0.0,0.0
op_msilocaledata,0.0,0.0
op_msijsse,0.0,0.0
op_pbstrout,0.0,0.0
op_nbitcount,0.0,0.0
op_lpclsid,0.0,0.0
op_tkpointerevent,0.0,0.0
op_tkgrabdeadwindow,0.0,0.0
op_tkinoutevents,0.0,0.0
op_tkchangeeventwindow,0.0,0.0
op_tkgrabstate,0.0,0.0
op_cdslcontroldatasource,0.0,0.0
op_killfirefox,0.0,0.0
op_msiuninstalljqs,0.0,0.0
op_msiuninstalljupdate,0.0,0.0
op_regjavaconsoleiexplorer,0.0,0.0
op_installjqs,0.0,0.0
op_lpcommandline,0.0,0.0
op_tkgccleanup,0.0,0.0
op_cbbuf,0.0,0.0
op_pcchbuffer,0.0,0.0
op_ymask,0.0,0.0
op_wsrc,0.0,0.0
op_plpen,0.0,0.0
op_cdims,0.0,0.0
op_tkmakerawcurvepostscript,0.0,0.0
op_tkdeleteallimages,0.0,0.0
op_tkgetbitmapdata,0.0,0.0
op_tkphotogetvalidregion,0.0,0.0
op_tksetwindowmenubar,0.0,0.0
op_tkfocuskeyevent,0.0,0.0
op_tkoptiondeadwindow,0.0,0.0
op_tkoptionclasschanged,0.0,0.0
op_tkovaltoarea,0.0,0.0
op_tkseldeadwindow,0.0,0.0
op_tkstylepkginit,0.0,0.0
op_tkstylepkgfree,0.0,0.0
op_tkptesttextcmd,0.0,0.0
op_tkmakebeziercurve,0.0,0.0
op_tkmakerawcurve,0.0,0.0
op_tkmakebezierpostscript,0.0,0.0
op_tkfindstatenum,0.0,0.0
op_tkthickpolylinetoarea,0.0,0.0
op_tkgetwindowfromobj,0.0,0.0
op_servicestatus,0.0,0.0
op_pdst,0.0,0.0
op_wfmt,0.0,0.0
op_wtype,0.0,0.0
op_pfncallback,0.0,0.0
op_hconv,0.0,0.0
op_hddedata,0.0,0.0
op_tkinstallframemenu,0.0,0.0
op_tkeventdeadwindow,0.0,0.0
op_tkcurrenttime,0.0,0.0
op_tkcreatethreadexithandler,0.0,0.0
op_pcreturned,0.0,0.0
op_tkfocusfilterevent,0.0,0.0
op_tksetfocuswin,0.0,0.0
op_tkfocusdeadwindow,0.0,0.0
op_tkpositionintree,0.0,0.0
op_tkgetfocuswin,0.0,0.0
op_tkfocusfree,0.0,0.0
op_tkfontpkginit,0.0,0.0
op_tkfontpkgfree,0.0,0.0
op_tkdebugfont,0.0,0.0
op_tkcreateframe,0.0,0.0
op_tktoplevelwindowforcommand,0.0,0.0
op_tkselinit,0.0,0.0
op_tkdeletethreadexithandler,0.0,0.0
op_bforcebkgd,0.0,0.0
op_abort,0.0,0.0
op_setlocale,0.0,0.0
op_modf,0.0,0.0
op_floor,0.0,0.0
op_ceil,0.0,0.0
op_tan,0.0,0.0
op_sqrt,0.0,0.0
op_htemplatefile,0.0,0.0
op_sshdisconnect,0.0,0.0
op_sshcheckkey,0.0,0.0
op_peaptype,0.0,0.0
op_abc,0.0,0.0
op_uenable,0.0,0.0
op_lptm,0.0,0.0
op_yamount,0.0,0.0
op_aceinitialize,0.0,0.0
op_uformat,0.0,0.0
op_uvalue,0.0,0.0
op_lplf,0.0,0.0
op_cwboblist,0.0,0.0
op_sign,0.0,0.0
op_number,0.0,0.0
op_sshforwardconnect,0.0,0.0
op_cclasstypeinfo,0.0,0.0
op_n,0.0,0.0
op_pmode,0.0,0.0
op_sizeinchars,0.0,0.0
op_pfd,0.0,0.0
op_pexcept,0.0,0.0
op_prn,0.0,0.0
op_tmp,0.0,0.0
op_width,0.0,0.0
op_plocinfo,0.0,0.0
op_ibase,0.0,0.0
op_retval,0.0,0.0
op_argv,0.0,0.0
op_tst,0.0,0.0
op_dataoffset,0.0,0.0
op_pctxt,0.0,0.0
op_argptr,0.0,0.0
op_timeadjustment,0.0,0.0
op_nptr,0.0,0.0
op_fh,0.0,0.0
op_dname,0.0,0.0
op_stream,0.0,0.0
op_result,0.0,0.0
op_ap,0.0,0.0
op_sizeintchars,0.0,0.0
op_dhcpqeccallback,0.0,0.0
op_inapenforcementclientcallback,0.0,0.0
op_iregistrarbase,0.0,0.0
op_iclassfactory,0.0,0.0
op_iunknown,0.0,0.0
op_requestcontext,0.0,0.0
op_atldllmodule,0.0,0.0
op_sin,0.0,0.0
op_messageguid,0.0,0.0
op_messagenumber,0.0,0.0
op_loggerhandle,0.0,0.0
op_bfailifexists,0.0,0.0
op_pcchbuf,0.0,0.0
op_pnumargs,0.0,0.0
op_raise,0.0,0.0
op_cos,0.0,0.0
op_pdwsiglen,0.0,0.0
op_dwkeyspec,0.0,0.0
op_pchaincontext,0.0,0.0
op_ppchaincontext,0.0,0.0
op_pchainpara,0.0,0.0
op_dwdatalen,0.0,0.0
op_cbcertencoded,0.0,0.0
op_memcmp,0.0,0.0
op_installstate,0.0,0.0
op_catlallocator,0.0,0.0
op_lpdefault,0.0,0.0
op_lpcchvaluename,0.0,0.0
op_lpcchclass,0.0,0.0
op_lpcchname,0.0,0.0
op_pwszdriver,0.0,0.0
op_newfilepointer,0.0,0.0
op_pbufsize,0.0,0.0
op_requestcode,0.0,0.0
op_strcat,0.0,0.0
op_exit,0.0,0.0
op_signal,0.0,0.0
op_memmove,0.0,0.0
op_wcslen,0.0,0.0
op_getenv,0.0,0.0
op_wcsncpy,0.0,0.0
op_tracehandle,0.0,0.0
op_dhcpqec,0.0,0.0
op_union,0.0,0.0
op_guidstring,0.0,0.0
op_dweventid,0.0,0.0
op_traceguidreg,0.0,0.0
op_controlguid,0.0,0.0
op_buffersize,0.0,0.0
op_free,0.0,0.0
op_moinitmediatype,0.0,0.0
op_guidcategory,0.0,0.0
op_pmt,0.0,0.0
op_clsiddmo,0.0,0.0
op_szwild,0.0,0.0
op_arg,0.0,0.0
op_modeflag,0.0,0.0
op_supertype,0.0,0.0
op_cnt,0.0,0.0
op_prefix,0.0,0.0
op_wfd,0.0,0.0
op_cdaostaticglobals,0.0,0.0
op_d,0.0,0.0
op_pdevice,0.0,0.0
op_poutput,0.0,0.0
op_pdevicename,0.0,0.0
op_hprinter,0.0,0.0
op_current,0.0,0.0
op_pheader,0.0,0.0
op_preg,0.0,0.0
op_pathbuf,0.0,0.0
op_osplatform,0.0,0.0
op_status,0.0,0.0
op_numchars,0.0,0.0
op_pvalue,0.0,0.0
op_retvalue,0.0,0.0
op_timeptr,0.0,0.0
op_st,0.0,0.0
op_enull,0.0,0.0
op_ctype,0.0,0.0
op_pmtsrc,0.0,0.0
op_dmoguidtostrw,0.0,0.0
op_dmoguidtostra,0.0,0.0
op_dmoenum,0.0,0.0
op_dmogetname,0.0,0.0
op_dmogettypes,0.0,0.0
op_cbformat,0.0,0.0
op_pouttypes,0.0,0.0
op_cbvaluename,0.0,0.0
op_pintypes,0.0,0.0
op_cintypes,0.0,0.0
op_szname,0.0,0.0
op_dmoregister,0.0,0.0
op_moduplicatemediatype,0.0,0.0
op_modeletemediatype,0.0,0.0
op_mocreatemediatype,0.0,0.0
op_requestaddress,0.0,0.0
op_mocopymediatype,0.0,0.0
op_mofreemediatype,0.0,0.0
op_dmounregister,0.0,0.0
op_pointer,0.0,0.0
op_localftime,0.0,0.0
op_ret,0.0,0.0
op_charsout,0.0,0.0
op_prefixlen,0.0,0.0
op_bufferiswide,0.0,0.0
op_fldwidth,0.0,0.0
op_heapbuf,0.0,0.0
op_hexadd,0.0,0.0
op_state,0.0,0.0
op_shflag,0.0,0.0
op_numargs,0.0,0.0
op_filedes,0.0,0.0
op_chr,0.0,0.0
op_precision,0.0,0.0
op_oflag,0.0,0.0
op_envbuf,0.0,0.0
op_tb,0.0,0.0
op_num,0.0,0.0
op_acehasfeature,0.0,0.0
op_aceinitdelayed,0.0,0.0
op_aceterminate,0.0,0.0
op_acegetversion,0.0,0.0
op_cstringcomparator,0.0,0.0
op_pnumwritten,0.0,0.0
op_pcontext,0.0,0.0
op_pfuncinfo,0.0,0.0
op_charcount,0.0,0.0
op_maxlen,0.0,0.0
op_temp,0.0,0.0
op_timezone,0.0,0.0
op_ptd,0.0,0.0
op_floatstring,0.0,0.0
op_pfloatstr,0.0,0.0
op_fname,0.0,0.0
op_rd,0.0,0.0
op_timp,0.0,0.0
op_binherithandle,0.0,0.0
op_lpfilepart,0.0,0.0
op_parameter,0.0,0.0
op_param,0.0,0.0
op_piret,0.0,0.0
op_networkevents,0.0,0.0
op_timeincrement,0.0,0.0
op_capexp,0.0,0.0
op_envp,0.0,0.0
op_maxsize,0.0,0.0
op_available,0.0,0.0
op_f,0.0,0.0
op_ndec,0.0,0.0
op_ppwszidentity,0.0,0.0
op_alsourcerewindv,0.0,0.0
op_alenable,0.0,0.0
op_alsourceplayv,0.0,0.0
op_alsourceplay,0.0,0.0
op_alsourceiv,0.0,0.0
op_alsourcei,0.0,0.0
op_alsourcefv,0.0,0.0
op_alsourcef,0.0,0.0
op_algetlisteneri,0.0,0.0
op_algetsourceiv,0.0,0.0
op_pow,0.0,0.0
op_algetsourcefv,0.0,0.0
op_algetsourcef,0.0,0.0
op_aldeletesources,0.0,0.0
op_algensources,0.0,0.0
op_alsourceunqueuebuffers,0.0,0.0
op_algetprocaddress,0.0,0.0
op_alsourcerewind,0.0,0.0
op_alsourcestopv,0.0,0.0
op_alsourcestop,0.0,0.0
op_alsourcepausev,0.0,0.0
op_alsourcepause,0.0,0.0
op_algetsourcei,0.0,0.0
op_alcgetcurrentcontext,0.0,0.0
op_alcdestroycontext,0.0,0.0
op_algetintegerv,0.0,0.0
op_alcgetprocaddress,0.0,0.0
op_alcisextensionpresent,0.0,0.0
op_pwic,0.0,0.0
op_alcgetstring,0.0,0.0
op_alcsuspendcontext,0.0,0.0
op_alcgeterror,0.0,0.0
op_alccapturesamples,0.0,0.0
op_alisenabled,0.0,0.0
op_pdwuserblobsize,0.0,0.0
op_alccaptureclosedevice,0.0,0.0
op_aldistancemodel,0.0,0.0
op_alspeedofsound,0.0,0.0
op_aldopplervelocity,0.0,0.0
op_aldopplerfactor,0.0,0.0
op_algetstring,0.0,0.0
op_alsourcequeuebuffers,0.0,0.0
op_pconfigin,0.0,0.0
op_pcredentialsdoc,0.0,0.0
op_ppconfigout,0.0,0.0
op_pconfigdoc,0.0,0.0
op_ppbuserblob,0.0,0.0
op_alccapturestart,0.0,0.0
op_ppuserdataout,0.0,0.0
op_pvinstance,0.0,0.0
op_pvargresult,0.0,0.0
op_bstrleft,0.0,0.0
op_pcertcontext,0.0,0.0
op_pbrecvbuffer,0.0,0.0
op_pcbrecvlength,0.0,0.0
op_pbbuffer,0.0,0.0
op_phcard,0.0,0.0
op_gradientfill,0.0,0.0
op_yoriginsrc,0.0,0.0
op_alissource,0.0,0.0
op_transparentblt,0.0,0.0
op_cleanupresourceloader,0.0,0.0
op_biblocksmithassertnolocksimpl,0.0,0.0
op_biblocksmithdeleteimpl,0.0,0.0
op_eappeerqueryuiblobfrominteractiveuiinputfields,0.0,0.0
op_puserdata,0.0,0.0
op_pconnectiondata,0.0,0.0
op_rgreaderstates,0.0,0.0
op_mszreaders,0.0,0.0
op_mszcards,0.0,0.0
op_hprov,0.0,0.0
op_hcard,0.0,0.0
op_xoriginsrc,0.0,0.0
op_algetlisteneriv,0.0,0.0
op_algetbufferfv,0.0,0.0
op_phprov,0.0,0.0
op_eapmethodtype,0.0,0.0
op_puicontextdata,0.0,0.0
op_ppeaperror,0.0,0.0
op_usertime,0.0,0.0
op_property,0.0,0.0
op_appname,0.0,0.0
op_pmkctx,0.0,0.0
op_alisextensionpresent,0.0,0.0
op_ppbscbprev,0.0,0.0
op_eaxset,0.0,0.0
op_eaxget,0.0,0.0
op_aldeletebuffers,0.0,0.0
op_algetbufferiv,0.0,0.0
op_algetbufferi,0.0,0.0
op_peapinfo,0.0,0.0
op_albufferiv,0.0,0.0
op_albufferdata,0.0,0.0
op_alisbuffer,0.0,0.0
op_algenbuffers,0.0,0.0
op_hlt,0.0,0.0
op_csqmfileuploadmanager,0.0,0.0
op_algeterror,0.0,0.0
op_ulreserved,0.0,0.0
op_albufferi,0.0,0.0
op_albufferfv,0.0,0.0
op_albufferf,0.0,0.0
op_alccreatecontext,0.0,0.0
op_pdecin,0.0,0.0
op_towupper,0.0,0.0
op_mbtowc,0.0,0.0
op_strlen,0.0,0.0
op_malloc,0.0,0.0
op_wcscat,0.0,0.0
op_alcgetcontextsdevice,0.0,0.0
op_realloc,0.0,0.0
op_dwsiglen,0.0,0.0
op_memset,0.0,0.0
op_atexit,0.0,0.0
op_calloc,0.0,0.0
op_strcpy,0.0,0.0
op_cchclass,0.0,0.0
op_cbmaxvaluelen,0.0,0.0
op_cbmaxclasslen,0.0,0.0
op_pdwkeyspec,0.0,0.0
op_punknown,0.0,0.0
op_prgpvarg,0.0,0.0
op_wcscpy,0.0,0.0
op_log,0.0,0.0
op_fmod,0.0,0.0
op_exp,0.0,0.0
op_tanh,0.0,0.0
op_cosh,0.0,0.0
op_sinh,0.0,0.0
op_strncpy,0.0,0.0
op_atan,0.0,0.0
op_asin,0.0,0.0
op_acos,0.0,0.0
op_strspn,0.0,0.0
op_flflags,0.0,0.0
op_memchr,0.0,0.0
op_longjmp,0.0,0.0
op_mbstowcs,0.0,0.0
op_strcspn,0.0,0.0
op_memcpy,0.0,0.0
op_strncat,0.0,0.0
op_strpbrk,0.0,0.0
op_strcmp,0.0,0.0
op_strstr,0.0,0.0
op_strchr,0.0,0.0
op_strncmp,0.0,0.0
op_lhsession,0.0,0.0
op_strrchr,0.0,0.0
op_rarreadheader,0.0,0.0
op_rarclosearchive,0.0,0.0
op_raropenarchive,0.0,0.0
op_alcopendevice,0.0,0.0
op_enhmetaheader,0.0,0.0
op_potm,0.0,0.0
op_lpsrc,0.0,0.0
op_lpszmessageid,0.0,0.0
op_nidbutton,0.0,0.0
op_newitem,0.0,0.0
op_hdpa,0.0,0.0
op_coinstallerproc,0.0,0.0
op_algetlistenerfv,0.0,0.0
op_algetlistenerf,0.0,0.0
op_allisteneriv,0.0,0.0
op_allisteneri,0.0,0.0
op_allistenerfv,0.0,0.0
op_allistenerf,0.0,0.0
op_algetenumvalue,0.0,0.0
op_alccapturestop,0.0,0.0
op_alcmakecontextcurrent,0.0,0.0
op_alcgetintegerv,0.0,0.0
op_alccaptureopendevice,0.0,0.0
op_alcclosedevice,0.0,0.0
op_alcgetenumvalue,0.0,0.0
op_szcontainer,0.0,0.0
op_dwbuflen,0.0,0.0
op_pcert,0.0,0.0
op_hpubkey,0.0,0.0
op_rarsetprocessdataproc,0.0,0.0
op_algetfloatv,0.0,0.0
op_algetdoublev,0.0,0.0
op_algetbooleanv,0.0,0.0
op_algetinteger,0.0,0.0
op_algetfloat,0.0,0.0
op_algetdouble,0.0,0.0
op_rarreadheaderex,0.0,0.0
op_itypelib,0.0,0.0
op_phkey,0.0,0.0
op_cchnamestring,0.0,0.0
op_operator,0.0,0.0
op_lptemplatename,0.0,0.0
op_cchlength,0.0,0.0
op_rargetdllversion,0.0,0.0
op_rarsetpassword,0.0,0.0
op_i,0.0,0.0
op_rarsetcallback,0.0,0.0
op_rarsetchangevolproc,0.0,0.0
op_rarprocessfile,0.0,0.0
op_algetboolean,0.0,0.0
op_characteristics,-3.1789157857361104e-05,0.0008470494813194399
op_retn,-4.157295630709731e-05,2.9396519318720555e-05
op_fe,-0.00011212925464517316,0.00026757163506932924
op_volatile,-0.00013567185876347163,0.0003001333992425056
op_af,-0.00016039430911707342,0.0002268318072808278
b_195,-0.00016039430911707342,0.0002268318072808278
op_de,-0.00016039430911707342,0.0002268318072808278
b_156,-0.00016039430911707342,0.0002268318072808278
b_97,-0.00016039430911707342,0.0002268318072808278
b_141,-0.00016039430911707342,0.0002268318072808278
b_34,-0.00016039430911707342,0.0002268318072808278
b_248,-0.00016039430911707342,0.0002268318072808278
b_236,-0.00016039430911707342,0.0002268318072808278
b_175,-0.00017618716729339567,0.0002269687826854651
b_213,-0.00021873533065390008,0.0004159459322378722
b_242,-0.00021873533065390008,0.0004159459322378722
b_232,-0.00021873533065390008,0.0004159459322378722
b_9,-0.00022435536552782112,0.000267612255869135
b_167,-0.0002670003851258003,0.00037759556580374646
b_166,-0.0002670003851258003,0.00037759556580374646
b_179,-0.0002670003851258003,0.00037759556580374646
op_ac,-0.0002670003851258003,0.00037759556580374646
b_249,-0.0002670003851258003,0.00037759556580374646
b_170,-0.0002670003851258003,0.00037759556580374646
b_217,-0.0002670003851258003,0.00037759556580374646
b_31,-0.0002670003851258003,0.00037759556580374646
op_imports,-0.0002695216660637545,0.0004871466075199164
b_221,-0.00032078861823414684,0.0002268318072808278
op_db,-0.00032078861823414684,0.0002268318072808278
b_61,-0.00032078861823414684,0.0002268318072808278
b_106,-0.00032078861823414684,0.0002268318072808278
b_171,-0.0003366783326479439,0.0
b_147,-0.0003366783326479439,0.0
b_234,-0.0003366783326479439,0.0
b_223,-0.0003366783326479439,0.0
b_0,-0.0003646963250006537,0.0005157584889635506
op_export,-0.0003660882006566446,0.0005177268983933898
b_64,-0.0003660882006566446,0.0005177268983933898
b_181,-0.00038484653088236936,6.812011921820026e-05
b_92,-0.0003891327555380168,0.00037754405215699503
b_46,-0.0004330147291167948,6.812011921820026e-05
b_45,-0.00048118292735122026,0.0
b_91,-0.00048118292735122026,0.0
b_87,-0.00048118292735122026,0.0
b_30,-0.00048118292735122026,0.0
b_209,-0.00048118292735122026,0.0
b_114,-0.00048118292735122026,0.0
b_207,-0.00048118292735122026,0.0
b_212,-0.00048118292735122026,0.0
b_123,-0.00048118292735122026,0.0
b_238,-0.00048118292735122026,0.0
b_42,-0.0005340007702516006,0.00037759556580374646
b_50,-0.0005340007702516006,0.00037759556580374646
b_122,-0.0005340007702516006,0.00037759556580374646
op_exported,-0.000633088585782445,0.0004638191150696789
op_fd,-0.0006937725319118293,0.0005281578237172052
op_align,-0.0007214100955041935,0.00026647637704263456
op_ed,-0.0007321764013132892,0.0005177268983933898
b_116,-0.0007321764013132892,0.0005177268983933898
op_ad,-0.0007321764013132892,0.0005177268983933898
op_bb,-0.0007321764013132892,0.0005177268983933898
op_int,-0.0007321764013132892,0.0005177268983933898
op_ce,-0.0007321764013132892,0.0005177268983933898
op_data,-0.0007501208501597226,0.0003893643622890508
op_farproc,-0.0008182128004537251,0.00041974911232673317
op_char,-0.001001661641727954,6.83086082697983e-05
op_import,-0.001049963121848944,6.83086082697983e-05
